INFO:     Will watch for changes in these directories: ['/home/salman-mazhar/Drive/My project/airbnb-market-expert/airbnb-market-expert/apps/api']
INFO:     Uvicorn running on http://0.0.0.0:8000 (Press CTRL+C to quit)
INFO:     Started reloader process [580210] using StatReload
INFO:     Started server process [580244]
INFO:     Waiting for application startup.
INFO:     Application startup complete.
INFO:     127.0.0.1:45444 - "OPTIONS /v1/auth/login HTTP/1.1" 200 OK
2026-08-06 22:45:57,075 INFO sqlalchemy.engine.Engine select pg_catalog.version()
{"level": "INFO", "logger": "sqlalchemy.engine.Engine", "message": "select pg_catalog.version()", "request_id": "b3522552-93a6-4ff9-a2b2-63aa14c52b9c", "env": "development", "version": "1.1.0"}
2026-08-06 22:45:57,075 INFO sqlalchemy.engine.Engine [raw sql] ()
{"level": "INFO", "logger": "sqlalchemy.engine.Engine", "message": "[raw sql] ()", "request_id": "b3522552-93a6-4ff9-a2b2-63aa14c52b9c", "env": "development", "version": "1.1.0"}
2026-08-06 22:45:57,077 INFO sqlalchemy.engine.Engine select current_schema()
{"level": "INFO", "logger": "sqlalchemy.engine.Engine", "message": "select current_schema()", "request_id": "b3522552-93a6-4ff9-a2b2-63aa14c52b9c", "env": "development", "version": "1.1.0"}
2026-08-06 22:45:57,077 INFO sqlalchemy.engine.Engine [raw sql] ()
{"level": "INFO", "logger": "sqlalchemy.engine.Engine", "message": "[raw sql] ()", "request_id": "b3522552-93a6-4ff9-a2b2-63aa14c52b9c", "env": "development", "version": "1.1.0"}
2026-08-06 22:45:57,078 INFO sqlalchemy.engine.Engine show standard_conforming_strings
{"level": "INFO", "logger": "sqlalchemy.engine.Engine", "message": "show standard_conforming_strings", "request_id": "b3522552-93a6-4ff9-a2b2-63aa14c52b9c", "env": "development", "version": "1.1.0"}
2026-08-06 22:45:57,078 INFO sqlalchemy.engine.Engine [raw sql] ()
{"level": "INFO", "logger": "sqlalchemy.engine.Engine", "message": "[raw sql] ()", "request_id": "b3522552-93a6-4ff9-a2b2-63aa14c52b9c", "env": "development", "version": "1.1.0"}
2026-08-06 22:45:57,079 INFO sqlalchemy.engine.Engine BEGIN (implicit)
{"level": "INFO", "logger": "sqlalchemy.engine.Engine", "message": "BEGIN (implicit)", "request_id": "b3522552-93a6-4ff9-a2b2-63aa14c52b9c", "env": "development", "version": "1.1.0"}
2026-08-06 22:45:57,126 INFO sqlalchemy.engine.Engine SELECT users.id, users.email, users.hashed_password, users.full_name, users.role, users.is_active, users.is_verified, users.stripe_customer_id, users.created_at, users.updated_at 
FROM users 
WHERE users.email = $1::VARCHAR
{"level": "INFO", "logger": "sqlalchemy.engine.Engine", "message": "SELECT users.id, users.email, users.hashed_password, users.full_name, users.role, users.is_active, users.is_verified, users.stripe_customer_id, users.created_at, users.updated_at \nFROM users \nWHERE users.email = $1::VARCHAR", "request_id": "b3522552-93a6-4ff9-a2b2-63aa14c52b9c", "env": "development", "version": "1.1.0"}
2026-08-06 22:45:57,126 INFO sqlalchemy.engine.Engine [generated in 0.00026s] ('salman@test.com',)
{"level": "INFO", "logger": "sqlalchemy.engine.Engine", "message": "[generated in 0.00026s] ('salman@test.com',)", "request_id": "b3522552-93a6-4ff9-a2b2-63aa14c52b9c", "env": "development", "version": "1.1.0"}
{"level": "INFO", "logger": "app.request", "message": "request", "request_id": null, "env": "development", "version": "1.1.0", "path": "/v1/auth/login", "method": "POST", "status_code": 200, "duration_ms": 208.54}
INFO:     127.0.0.1:45444 - "POST /v1/auth/login HTTP/1.1" 200 OK
2026-08-06 22:45:57,202 INFO sqlalchemy.engine.Engine INSERT INTO refresh_tokens (id, user_id, jti, expires_at, revoked) VALUES ($1::UUID, $2::UUID, $3::VARCHAR, $4::TIMESTAMP WITH TIME ZONE, $5::BOOLEAN) RETURNING refresh_tokens.created_at
{"level": "INFO", "logger": "sqlalchemy.engine.Engine", "message": "INSERT INTO refresh_tokens (id, user_id, jti, expires_at, revoked) VALUES ($1::UUID, $2::UUID, $3::VARCHAR, $4::TIMESTAMP WITH TIME ZONE, $5::BOOLEAN) RETURNING refresh_tokens.created_at", "request_id": "b3522552-93a6-4ff9-a2b2-63aa14c52b9c", "env": "development", "version": "1.1.0"}
2026-08-06 22:45:57,202 INFO sqlalchemy.engine.Engine [generated in 0.00031s] (UUID('56ce7597-fc84-4b07-8566-f8ea2d2b1da2'), UUID('86a2cd83-52db-4f6b-9071-5f9a100c8b54'), 'd24c1604-b16b-4cc6-b57b-19c4e9452f02', datetime.datetime(2026, 8, 20, 17, 45, 57, 198973, tzinfo=datetime.timezone.utc), False)
{"level": "INFO", "logger": "sqlalchemy.engine.Engine", "message": "[generated in 0.00031s] (UUID('56ce7597-fc84-4b07-8566-f8ea2d2b1da2'), UUID('86a2cd83-52db-4f6b-9071-5f9a100c8b54'), 'd24c1604-b16b-4cc6-b57b-19c4e9452f02', datetime.datetime(2026, 8, 20, 17, 45, 57, 198973, tzinfo=datetime.timezone.utc), False)", "request_id": "b3522552-93a6-4ff9-a2b2-63aa14c52b9c", "env": "development", "version": "1.1.0"}
2026-08-06 22:45:57,204 INFO sqlalchemy.engine.Engine COMMIT
{"level": "INFO", "logger": "sqlalchemy.engine.Engine", "message": "COMMIT", "request_id": "b3522552-93a6-4ff9-a2b2-63aa14c52b9c", "env": "development", "version": "1.1.0"}
INFO:     127.0.0.1:45444 - "OPTIONS /v1/auth/me HTTP/1.1" 200 OK
2026-08-06 22:45:57,249 INFO sqlalchemy.engine.Engine BEGIN (implicit)
{"level": "INFO", "logger": "sqlalchemy.engine.Engine", "message": "BEGIN (implicit)", "request_id": "509ea9b4-ed5d-44f7-ad5c-932640d7f601", "env": "development", "version": "1.1.0"}
2026-08-06 22:45:57,250 INFO sqlalchemy.engine.Engine SELECT users.id, users.email, users.hashed_password, users.full_name, users.role, users.is_active, users.is_verified, users.stripe_customer_id, users.created_at, users.updated_at 
FROM users 
WHERE users.id = $1::UUID
{"level": "INFO", "logger": "sqlalchemy.engine.Engine", "message": "SELECT users.id, users.email, users.hashed_password, users.full_name, users.role, users.is_active, users.is_verified, users.stripe_customer_id, users.created_at, users.updated_at \nFROM users \nWHERE users.id = $1::UUID", "request_id": "509ea9b4-ed5d-44f7-ad5c-932640d7f601", "env": "development", "version": "1.1.0"}
2026-08-06 22:45:57,250 INFO sqlalchemy.engine.Engine [generated in 0.00013s] (UUID('86a2cd83-52db-4f6b-9071-5f9a100c8b54'),)
{"level": "INFO", "logger": "sqlalchemy.engine.Engine", "message": "[generated in 0.00013s] (UUID('86a2cd83-52db-4f6b-9071-5f9a100c8b54'),)", "request_id": "509ea9b4-ed5d-44f7-ad5c-932640d7f601", "env": "development", "version": "1.1.0"}
2026-08-06 22:45:57,253 INFO sqlalchemy.engine.Engine SELECT subscriptions.user_id AS subscriptions_user_id, subscriptions.id AS subscriptions_id, subscriptions.plan_id AS subscriptions_plan_id, subscriptions.status AS subscriptions_status, subscriptions.stripe_subscription_id AS subscriptions_stripe_subscription_id, subscriptions.current_period_end AS subscriptions_current_period_end, subscriptions.created_at AS subscriptions_created_at, subscriptions.updated_at AS subscriptions_updated_at 
FROM subscriptions 
WHERE subscriptions.user_id IN ($1::UUID)
{"level": "INFO", "logger": "sqlalchemy.engine.Engine", "message": "SELECT subscriptions.user_id AS subscriptions_user_id, subscriptions.id AS subscriptions_id, subscriptions.plan_id AS subscriptions_plan_id, subscriptions.status AS subscriptions_status, subscriptions.stripe_subscription_id AS subscriptions_stripe_subscription_id, subscriptions.current_period_end AS subscriptions_current_period_end, subscriptions.created_at AS subscriptions_created_at, subscriptions.updated_at AS subscriptions_updated_at \nFROM subscriptions \nWHERE subscriptions.user_id IN ($1::UUID)", "request_id": "509ea9b4-ed5d-44f7-ad5c-932640d7f601", "env": "development", "version": "1.1.0"}
2026-08-06 22:45:57,253 INFO sqlalchemy.engine.Engine [generated in 0.00017s] (UUID('86a2cd83-52db-4f6b-9071-5f9a100c8b54'),)
{"level": "INFO", "logger": "sqlalchemy.engine.Engine", "message": "[generated in 0.00017s] (UUID('86a2cd83-52db-4f6b-9071-5f9a100c8b54'),)", "request_id": "509ea9b4-ed5d-44f7-ad5c-932640d7f601", "env": "development", "version": "1.1.0"}
2026-08-06 22:45:57,258 INFO sqlalchemy.engine.Engine SELECT plans.id AS plans_id, plans.code AS plans_code, plans.name AS plans_name, plans.description AS plans_description, plans.property_limit AS plans_property_limit, plans.price_monthly_cents AS plans_price_monthly_cents, plans.stripe_price_id AS plans_stripe_price_id, plans.features AS plans_features, plans.created_at AS plans_created_at, plans.updated_at AS plans_updated_at 
FROM plans 
WHERE plans.id IN ($1::UUID)
{"level": "INFO", "logger": "sqlalchemy.engine.Engine", "message": "SELECT plans.id AS plans_id, plans.code AS plans_code, plans.name AS plans_name, plans.description AS plans_description, plans.property_limit AS plans_property_limit, plans.price_monthly_cents AS plans_price_monthly_cents, plans.stripe_price_id AS plans_stripe_price_id, plans.features AS plans_features, plans.created_at AS plans_created_at, plans.updated_at AS plans_updated_at \nFROM plans \nWHERE plans.id IN ($1::UUID)", "request_id": "509ea9b4-ed5d-44f7-ad5c-932640d7f601", "env": "development", "version": "1.1.0"}
2026-08-06 22:45:57,258 INFO sqlalchemy.engine.Engine [generated in 0.00018s] (UUID('143a89e6-c3d0-4d94-9d43-e062122d2f17'),)
{"level": "INFO", "logger": "sqlalchemy.engine.Engine", "message": "[generated in 0.00018s] (UUID('143a89e6-c3d0-4d94-9d43-e062122d2f17'),)", "request_id": "509ea9b4-ed5d-44f7-ad5c-932640d7f601", "env": "development", "version": "1.1.0"}
2026-08-06 22:45:57,262 INFO sqlalchemy.engine.Engine SELECT users.id, users.email, users.hashed_password, users.full_name, users.role, users.is_active, users.is_verified, users.stripe_customer_id, users.created_at, users.updated_at 
FROM users 
WHERE users.id = $1::UUID
{"level": "INFO", "logger": "sqlalchemy.engine.Engine", "message": "SELECT users.id, users.email, users.hashed_password, users.full_name, users.role, users.is_active, users.is_verified, users.stripe_customer_id, users.created_at, users.updated_at \nFROM users \nWHERE users.id = $1::UUID", "request_id": "509ea9b4-ed5d-44f7-ad5c-932640d7f601", "env": "development", "version": "1.1.0"}
2026-08-06 22:45:57,263 INFO sqlalchemy.engine.Engine [cached since 0.01244s ago] (UUID('86a2cd83-52db-4f6b-9071-5f9a100c8b54'),)
{"level": "INFO", "logger": "sqlalchemy.engine.Engine", "message": "[cached since 0.01244s ago] (UUID('86a2cd83-52db-4f6b-9071-5f9a100c8b54'),)", "request_id": "509ea9b4-ed5d-44f7-ad5c-932640d7f601", "env": "development", "version": "1.1.0"}
2026-08-06 22:45:57,263 INFO sqlalchemy.engine.Engine SELECT subscriptions.user_id AS subscriptions_user_id, subscriptions.id AS subscriptions_id, subscriptions.plan_id AS subscriptions_plan_id, subscriptions.status AS subscriptions_status, subscriptions.stripe_subscription_id AS subscriptions_stripe_subscription_id, subscriptions.current_period_end AS subscriptions_current_period_end, subscriptions.created_at AS subscriptions_created_at, subscriptions.updated_at AS subscriptions_updated_at 
FROM subscriptions 
WHERE subscriptions.user_id IN ($1::UUID)
{"level": "INFO", "logger": "sqlalchemy.engine.Engine", "message": "SELECT subscriptions.user_id AS subscriptions_user_id, subscriptions.id AS subscriptions_id, subscriptions.plan_id AS subscriptions_plan_id, subscriptions.status AS subscriptions_status, subscriptions.stripe_subscription_id AS subscriptions_stripe_subscription_id, subscriptions.current_period_end AS subscriptions_current_period_end, subscriptions.created_at AS subscriptions_created_at, subscriptions.updated_at AS subscriptions_updated_at \nFROM subscriptions \nWHERE subscriptions.user_id IN ($1::UUID)", "request_id": "509ea9b4-ed5d-44f7-ad5c-932640d7f601", "env": "development", "version": "1.1.0"}
2026-08-06 22:45:57,263 INFO sqlalchemy.engine.Engine [cached since 0.01037s ago] (UUID('86a2cd83-52db-4f6b-9071-5f9a100c8b54'),)
{"level": "INFO", "logger": "sqlalchemy.engine.Engine", "message": "[cached since 0.01037s ago] (UUID('86a2cd83-52db-4f6b-9071-5f9a100c8b54'),)", "request_id": "509ea9b4-ed5d-44f7-ad5c-932640d7f601", "env": "development", "version": "1.1.0"}
2026-08-06 22:45:57,264 INFO sqlalchemy.engine.Engine SELECT plans.id AS plans_id, plans.code AS plans_code, plans.name AS plans_name, plans.description AS plans_description, plans.property_limit AS plans_property_limit, plans.price_monthly_cents AS plans_price_monthly_cents, plans.stripe_price_id AS plans_stripe_price_id, plans.features AS plans_features, plans.created_at AS plans_created_at, plans.updated_at AS plans_updated_at 
FROM plans 
WHERE plans.id IN ($1::UUID)
{"level": "INFO", "logger": "sqlalchemy.engine.Engine", "message": "SELECT plans.id AS plans_id, plans.code AS plans_code, plans.name AS plans_name, plans.description AS plans_description, plans.property_limit AS plans_property_limit, plans.price_monthly_cents AS plans_price_monthly_cents, plans.stripe_price_id AS plans_stripe_price_id, plans.features AS plans_features, plans.created_at AS plans_created_at, plans.updated_at AS plans_updated_at \nFROM plans \nWHERE plans.id IN ($1::UUID)", "request_id": "509ea9b4-ed5d-44f7-ad5c-932640d7f601", "env": "development", "version": "1.1.0"}
2026-08-06 22:45:57,264 INFO sqlalchemy.engine.Engine [cached since 0.006084s ago] (UUID('143a89e6-c3d0-4d94-9d43-e062122d2f17'),)
{"level": "INFO", "logger": "sqlalchemy.engine.Engine", "message": "[cached since 0.006084s ago] (UUID('143a89e6-c3d0-4d94-9d43-e062122d2f17'),)", "request_id": "509ea9b4-ed5d-44f7-ad5c-932640d7f601", "env": "development", "version": "1.1.0"}
{"level": "INFO", "logger": "app.request", "message": "request", "request_id": null, "env": "development", "version": "1.1.0", "path": "/v1/auth/me", "method": "GET", "status_code": 200, "duration_ms": 20.05}
INFO:     127.0.0.1:45448 - "GET /v1/auth/me HTTP/1.1" 200 OK
2026-08-06 22:45:57,265 INFO sqlalchemy.engine.Engine COMMIT
{"level": "INFO", "logger": "sqlalchemy.engine.Engine", "message": "COMMIT", "request_id": "509ea9b4-ed5d-44f7-ad5c-932640d7f601", "env": "development", "version": "1.1.0"}
INFO:     127.0.0.1:45448 - "OPTIONS /v1/properties HTTP/1.1" 200 OK
INFO:     127.0.0.1:45464 - "OPTIONS /v1/market/trends HTTP/1.1" 200 OK
INFO:     127.0.0.1:45474 - "OPTIONS /v1/notifications HTTP/1.1" 200 OK
INFO:     127.0.0.1:45476 - "OPTIONS /v1/billing/usage HTTP/1.1" 200 OK
2026-08-06 22:45:58,760 INFO sqlalchemy.engine.Engine BEGIN (implicit)
{"level": "INFO", "logger": "sqlalchemy.engine.Engine", "message": "BEGIN (implicit)", "request_id": "8fccc48c-cfb0-4440-a067-8721371aa445", "env": "development", "version": "1.1.0"}
2026-08-06 22:45:58,760 INFO sqlalchemy.engine.Engine SELECT users.id, users.email, users.hashed_password, users.full_name, users.role, users.is_active, users.is_verified, users.stripe_customer_id, users.created_at, users.updated_at 
FROM users 
WHERE users.id = $1::UUID
{"level": "INFO", "logger": "sqlalchemy.engine.Engine", "message": "SELECT users.id, users.email, users.hashed_password, users.full_name, users.role, users.is_active, users.is_verified, users.stripe_customer_id, users.created_at, users.updated_at \nFROM users \nWHERE users.id = $1::UUID", "request_id": "8fccc48c-cfb0-4440-a067-8721371aa445", "env": "development", "version": "1.1.0"}
2026-08-06 22:45:58,760 INFO sqlalchemy.engine.Engine [cached since 1.51s ago] (UUID('86a2cd83-52db-4f6b-9071-5f9a100c8b54'),)
{"level": "INFO", "logger": "sqlalchemy.engine.Engine", "message": "[cached since 1.51s ago] (UUID('86a2cd83-52db-4f6b-9071-5f9a100c8b54'),)", "request_id": "8fccc48c-cfb0-4440-a067-8721371aa445", "env": "development", "version": "1.1.0"}
2026-08-06 22:45:58,762 INFO sqlalchemy.engine.Engine SELECT subscriptions.user_id AS subscriptions_user_id, subscriptions.id AS subscriptions_id, subscriptions.plan_id AS subscriptions_plan_id, subscriptions.status AS subscriptions_status, subscriptions.stripe_subscription_id AS subscriptions_stripe_subscription_id, subscriptions.current_period_end AS subscriptions_current_period_end, subscriptions.created_at AS subscriptions_created_at, subscriptions.updated_at AS subscriptions_updated_at 
FROM subscriptions 
WHERE subscriptions.user_id IN ($1::UUID)
{"level": "INFO", "logger": "sqlalchemy.engine.Engine", "message": "SELECT subscriptions.user_id AS subscriptions_user_id, subscriptions.id AS subscriptions_id, subscriptions.plan_id AS subscriptions_plan_id, subscriptions.status AS subscriptions_status, subscriptions.stripe_subscription_id AS subscriptions_stripe_subscription_id, subscriptions.current_period_end AS subscriptions_current_period_end, subscriptions.created_at AS subscriptions_created_at, subscriptions.updated_at AS subscriptions_updated_at \nFROM subscriptions \nWHERE subscriptions.user_id IN ($1::UUID)", "request_id": "8fccc48c-cfb0-4440-a067-8721371aa445", "env": "development", "version": "1.1.0"}
2026-08-06 22:45:58,762 INFO sqlalchemy.engine.Engine [cached since 1.509s ago] (UUID('86a2cd83-52db-4f6b-9071-5f9a100c8b54'),)
{"level": "INFO", "logger": "sqlalchemy.engine.Engine", "message": "[cached since 1.509s ago] (UUID('86a2cd83-52db-4f6b-9071-5f9a100c8b54'),)", "request_id": "8fccc48c-cfb0-4440-a067-8721371aa445", "env": "development", "version": "1.1.0"}
2026-08-06 22:45:58,838 INFO sqlalchemy.engine.Engine SELECT plans.id AS plans_id, plans.code AS plans_code, plans.name AS plans_name, plans.description AS plans_description, plans.property_limit AS plans_property_limit, plans.price_monthly_cents AS plans_price_monthly_cents, plans.stripe_price_id AS plans_stripe_price_id, plans.features AS plans_features, plans.created_at AS plans_created_at, plans.updated_at AS plans_updated_at 
FROM plans 
WHERE plans.id IN ($1::UUID)
{"level": "INFO", "logger": "sqlalchemy.engine.Engine", "message": "SELECT plans.id AS plans_id, plans.code AS plans_code, plans.name AS plans_name, plans.description AS plans_description, plans.property_limit AS plans_property_limit, plans.price_monthly_cents AS plans_price_monthly_cents, plans.stripe_price_id AS plans_stripe_price_id, plans.features AS plans_features, plans.created_at AS plans_created_at, plans.updated_at AS plans_updated_at \nFROM plans \nWHERE plans.id IN ($1::UUID)", "request_id": "8fccc48c-cfb0-4440-a067-8721371aa445", "env": "development", "version": "1.1.0"}
2026-08-06 22:45:58,839 INFO sqlalchemy.engine.Engine [cached since 1.581s ago] (UUID('143a89e6-c3d0-4d94-9d43-e062122d2f17'),)
{"level": "INFO", "logger": "sqlalchemy.engine.Engine", "message": "[cached since 1.581s ago] (UUID('143a89e6-c3d0-4d94-9d43-e062122d2f17'),)", "request_id": "8fccc48c-cfb0-4440-a067-8721371aa445", "env": "development", "version": "1.1.0"}
2026-08-06 22:45:58,839 INFO sqlalchemy.engine.Engine BEGIN (implicit)
{"level": "INFO", "logger": "sqlalchemy.engine.Engine", "message": "BEGIN (implicit)", "request_id": "24c7de76-3db7-4b88-8dca-566b05e37c44", "env": "development", "version": "1.1.0"}
2026-08-06 22:45:58,839 INFO sqlalchemy.engine.Engine SELECT users.id, users.email, users.hashed_password, users.full_name, users.role, users.is_active, users.is_verified, users.stripe_customer_id, users.created_at, users.updated_at 
FROM users 
WHERE users.id = $1::UUID
{"level": "INFO", "logger": "sqlalchemy.engine.Engine", "message": "SELECT users.id, users.email, users.hashed_password, users.full_name, users.role, users.is_active, users.is_verified, users.stripe_customer_id, users.created_at, users.updated_at \nFROM users \nWHERE users.id = $1::UUID", "request_id": "24c7de76-3db7-4b88-8dca-566b05e37c44", "env": "development", "version": "1.1.0"}
2026-08-06 22:45:58,840 INFO sqlalchemy.engine.Engine [cached since 1.589s ago] (UUID('86a2cd83-52db-4f6b-9071-5f9a100c8b54'),)
{"level": "INFO", "logger": "sqlalchemy.engine.Engine", "message": "[cached since 1.589s ago] (UUID('86a2cd83-52db-4f6b-9071-5f9a100c8b54'),)", "request_id": "24c7de76-3db7-4b88-8dca-566b05e37c44", "env": "development", "version": "1.1.0"}
2026-08-06 22:45:58,840 INFO sqlalchemy.engine.Engine BEGIN (implicit)
{"level": "INFO", "logger": "sqlalchemy.engine.Engine", "message": "BEGIN (implicit)", "request_id": "9c040f65-ec28-4e49-8e61-c4b1b395a6df", "env": "development", "version": "1.1.0"}
2026-08-06 22:45:58,840 INFO sqlalchemy.engine.Engine SELECT users.id, users.email, users.hashed_password, users.full_name, users.role, users.is_active, users.is_verified, users.stripe_customer_id, users.created_at, users.updated_at 
FROM users 
WHERE users.id = $1::UUID
{"level": "INFO", "logger": "sqlalchemy.engine.Engine", "message": "SELECT users.id, users.email, users.hashed_password, users.full_name, users.role, users.is_active, users.is_verified, users.stripe_customer_id, users.created_at, users.updated_at \nFROM users \nWHERE users.id = $1::UUID", "request_id": "9c040f65-ec28-4e49-8e61-c4b1b395a6df", "env": "development", "version": "1.1.0"}
2026-08-06 22:45:58,840 INFO sqlalchemy.engine.Engine [cached since 1.59s ago] (UUID('86a2cd83-52db-4f6b-9071-5f9a100c8b54'),)
{"level": "INFO", "logger": "sqlalchemy.engine.Engine", "message": "[cached since 1.59s ago] (UUID('86a2cd83-52db-4f6b-9071-5f9a100c8b54'),)", "request_id": "9c040f65-ec28-4e49-8e61-c4b1b395a6df", "env": "development", "version": "1.1.0"}
2026-08-06 22:45:58,841 INFO sqlalchemy.engine.Engine BEGIN (implicit)
{"level": "INFO", "logger": "sqlalchemy.engine.Engine", "message": "BEGIN (implicit)", "request_id": "263495e8-2f26-4b95-918b-90ac8870a09e", "env": "development", "version": "1.1.0"}
2026-08-06 22:45:58,841 INFO sqlalchemy.engine.Engine SELECT users.id, users.email, users.hashed_password, users.full_name, users.role, users.is_active, users.is_verified, users.stripe_customer_id, users.created_at, users.updated_at 
FROM users 
WHERE users.id = $1::UUID
{"level": "INFO", "logger": "sqlalchemy.engine.Engine", "message": "SELECT users.id, users.email, users.hashed_password, users.full_name, users.role, users.is_active, users.is_verified, users.stripe_customer_id, users.created_at, users.updated_at \nFROM users \nWHERE users.id = $1::UUID", "request_id": "263495e8-2f26-4b95-918b-90ac8870a09e", "env": "development", "version": "1.1.0"}
2026-08-06 22:45:58,841 INFO sqlalchemy.engine.Engine [cached since 1.591s ago] (UUID('86a2cd83-52db-4f6b-9071-5f9a100c8b54'),)
{"level": "INFO", "logger": "sqlalchemy.engine.Engine", "message": "[cached since 1.591s ago] (UUID('86a2cd83-52db-4f6b-9071-5f9a100c8b54'),)", "request_id": "263495e8-2f26-4b95-918b-90ac8870a09e", "env": "development", "version": "1.1.0"}
2026-08-06 22:45:58,845 INFO sqlalchemy.engine.Engine SELECT properties.id, properties.user_id, properties.title, properties.property_type, properties.building_type, properties.floor_number, properties.country, properties.state, properties.city, properties.area, properties.neighborhood, properties.postal_code, properties.latitude, properties.longitude, properties.bedrooms, properties.bathrooms, properties.beds, properties.guests, properties.square_feet, properties.square_meters, properties.cleaning_fee, properties.extra_guest_fee, properties.minimum_nights, properties.maximum_nights, properties.current_price, properties.availability_notes, properties.features, properties.onboarding_step, properties.onboarding_complete, properties.is_active, properties.created_at, properties.updated_at 
FROM properties 
WHERE properties.user_id = $1::UUID AND properties.is_active IS true ORDER BY properties.created_at DESC
{"level": "INFO", "logger": "sqlalchemy.engine.Engine", "message": "SELECT properties.id, properties.user_id, properties.title, properties.property_type, properties.building_type, properties.floor_number, properties.country, properties.state, properties.city, properties.area, properties.neighborhood, properties.postal_code, properties.latitude, properties.longitude, properties.bedrooms, properties.bathrooms, properties.beds, properties.guests, properties.square_feet, properties.square_meters, properties.cleaning_fee, properties.extra_guest_fee, properties.minimum_nights, properties.maximum_nights, properties.current_price, properties.availability_notes, properties.features, properties.onboarding_step, properties.onboarding_complete, properties.is_active, properties.created_at, properties.updated_at \nFROM properties \nWHERE properties.user_id = $1::UUID AND properties.is_active IS true ORDER BY properties.created_at DESC", "request_id": "8fccc48c-cfb0-4440-a067-8721371aa445", "env": "development", "version": "1.1.0"}
2026-08-06 22:45:58,845 INFO sqlalchemy.engine.Engine [generated in 0.00021s] (UUID('86a2cd83-52db-4f6b-9071-5f9a100c8b54'),)
{"level": "INFO", "logger": "sqlalchemy.engine.Engine", "message": "[generated in 0.00021s] (UUID('86a2cd83-52db-4f6b-9071-5f9a100c8b54'),)", "request_id": "8fccc48c-cfb0-4440-a067-8721371aa445", "env": "development", "version": "1.1.0"}
{"level": "INFO", "logger": "app.request", "message": "request", "request_id": null, "env": "development", "version": "1.1.0", "path": "/v1/properties", "method": "GET", "status_code": 200, "duration_ms": 136.28}
INFO:     127.0.0.1:45448 - "GET /v1/properties HTTP/1.1" 200 OK
2026-08-06 22:45:58,856 INFO sqlalchemy.engine.Engine COMMIT
{"level": "INFO", "logger": "sqlalchemy.engine.Engine", "message": "COMMIT", "request_id": "8fccc48c-cfb0-4440-a067-8721371aa445", "env": "development", "version": "1.1.0"}
2026-08-06 22:45:58,864 INFO sqlalchemy.engine.Engine SELECT subscriptions.user_id AS subscriptions_user_id, subscriptions.id AS subscriptions_id, subscriptions.plan_id AS subscriptions_plan_id, subscriptions.status AS subscriptions_status, subscriptions.stripe_subscription_id AS subscriptions_stripe_subscription_id, subscriptions.current_period_end AS subscriptions_current_period_end, subscriptions.created_at AS subscriptions_created_at, subscriptions.updated_at AS subscriptions_updated_at 
FROM subscriptions 
WHERE subscriptions.user_id IN ($1::UUID)
{"level": "INFO", "logger": "sqlalchemy.engine.Engine", "message": "SELECT subscriptions.user_id AS subscriptions_user_id, subscriptions.id AS subscriptions_id, subscriptions.plan_id AS subscriptions_plan_id, subscriptions.status AS subscriptions_status, subscriptions.stripe_subscription_id AS subscriptions_stripe_subscription_id, subscriptions.current_period_end AS subscriptions_current_period_end, subscriptions.created_at AS subscriptions_created_at, subscriptions.updated_at AS subscriptions_updated_at \nFROM subscriptions \nWHERE subscriptions.user_id IN ($1::UUID)", "request_id": "9c040f65-ec28-4e49-8e61-c4b1b395a6df", "env": "development", "version": "1.1.0"}
2026-08-06 22:45:58,864 INFO sqlalchemy.engine.Engine [cached since 1.611s ago] (UUID('86a2cd83-52db-4f6b-9071-5f9a100c8b54'),)
{"level": "INFO", "logger": "sqlalchemy.engine.Engine", "message": "[cached since 1.611s ago] (UUID('86a2cd83-52db-4f6b-9071-5f9a100c8b54'),)", "request_id": "9c040f65-ec28-4e49-8e61-c4b1b395a6df", "env": "development", "version": "1.1.0"}
2026-08-06 22:45:58,864 INFO sqlalchemy.engine.Engine SELECT subscriptions.user_id AS subscriptions_user_id, subscriptions.id AS subscriptions_id, subscriptions.plan_id AS subscriptions_plan_id, subscriptions.status AS subscriptions_status, subscriptions.stripe_subscription_id AS subscriptions_stripe_subscription_id, subscriptions.current_period_end AS subscriptions_current_period_end, subscriptions.created_at AS subscriptions_created_at, subscriptions.updated_at AS subscriptions_updated_at 
FROM subscriptions 
WHERE subscriptions.user_id IN ($1::UUID)
{"level": "INFO", "logger": "sqlalchemy.engine.Engine", "message": "SELECT subscriptions.user_id AS subscriptions_user_id, subscriptions.id AS subscriptions_id, subscriptions.plan_id AS subscriptions_plan_id, subscriptions.status AS subscriptions_status, subscriptions.stripe_subscription_id AS subscriptions_stripe_subscription_id, subscriptions.current_period_end AS subscriptions_current_period_end, subscriptions.created_at AS subscriptions_created_at, subscriptions.updated_at AS subscriptions_updated_at \nFROM subscriptions \nWHERE subscriptions.user_id IN ($1::UUID)", "request_id": "24c7de76-3db7-4b88-8dca-566b05e37c44", "env": "development", "version": "1.1.0"}
2026-08-06 22:45:58,864 INFO sqlalchemy.engine.Engine [cached since 1.612s ago] (UUID('86a2cd83-52db-4f6b-9071-5f9a100c8b54'),)
{"level": "INFO", "logger": "sqlalchemy.engine.Engine", "message": "[cached since 1.612s ago] (UUID('86a2cd83-52db-4f6b-9071-5f9a100c8b54'),)", "request_id": "24c7de76-3db7-4b88-8dca-566b05e37c44", "env": "development", "version": "1.1.0"}
2026-08-06 22:45:58,865 INFO sqlalchemy.engine.Engine SELECT subscriptions.user_id AS subscriptions_user_id, subscriptions.id AS subscriptions_id, subscriptions.plan_id AS subscriptions_plan_id, subscriptions.status AS subscriptions_status, subscriptions.stripe_subscription_id AS subscriptions_stripe_subscription_id, subscriptions.current_period_end AS subscriptions_current_period_end, subscriptions.created_at AS subscriptions_created_at, subscriptions.updated_at AS subscriptions_updated_at 
FROM subscriptions 
WHERE subscriptions.user_id IN ($1::UUID)
{"level": "INFO", "logger": "sqlalchemy.engine.Engine", "message": "SELECT subscriptions.user_id AS subscriptions_user_id, subscriptions.id AS subscriptions_id, subscriptions.plan_id AS subscriptions_plan_id, subscriptions.status AS subscriptions_status, subscriptions.stripe_subscription_id AS subscriptions_stripe_subscription_id, subscriptions.current_period_end AS subscriptions_current_period_end, subscriptions.created_at AS subscriptions_created_at, subscriptions.updated_at AS subscriptions_updated_at \nFROM subscriptions \nWHERE subscriptions.user_id IN ($1::UUID)", "request_id": "263495e8-2f26-4b95-918b-90ac8870a09e", "env": "development", "version": "1.1.0"}
2026-08-06 22:45:58,865 INFO sqlalchemy.engine.Engine [cached since 1.612s ago] (UUID('86a2cd83-52db-4f6b-9071-5f9a100c8b54'),)
{"level": "INFO", "logger": "sqlalchemy.engine.Engine", "message": "[cached since 1.612s ago] (UUID('86a2cd83-52db-4f6b-9071-5f9a100c8b54'),)", "request_id": "263495e8-2f26-4b95-918b-90ac8870a09e", "env": "development", "version": "1.1.0"}
2026-08-06 22:45:58,870 INFO sqlalchemy.engine.Engine SELECT plans.id AS plans_id, plans.code AS plans_code, plans.name AS plans_name, plans.description AS plans_description, plans.property_limit AS plans_property_limit, plans.price_monthly_cents AS plans_price_monthly_cents, plans.stripe_price_id AS plans_stripe_price_id, plans.features AS plans_features, plans.created_at AS plans_created_at, plans.updated_at AS plans_updated_at 
FROM plans 
WHERE plans.id IN ($1::UUID)
{"level": "INFO", "logger": "sqlalchemy.engine.Engine", "message": "SELECT plans.id AS plans_id, plans.code AS plans_code, plans.name AS plans_name, plans.description AS plans_description, plans.property_limit AS plans_property_limit, plans.price_monthly_cents AS plans_price_monthly_cents, plans.stripe_price_id AS plans_stripe_price_id, plans.features AS plans_features, plans.created_at AS plans_created_at, plans.updated_at AS plans_updated_at \nFROM plans \nWHERE plans.id IN ($1::UUID)", "request_id": "24c7de76-3db7-4b88-8dca-566b05e37c44", "env": "development", "version": "1.1.0"}
2026-08-06 22:45:58,870 INFO sqlalchemy.engine.Engine [cached since 1.612s ago] (UUID('143a89e6-c3d0-4d94-9d43-e062122d2f17'),)
{"level": "INFO", "logger": "sqlalchemy.engine.Engine", "message": "[cached since 1.612s ago] (UUID('143a89e6-c3d0-4d94-9d43-e062122d2f17'),)", "request_id": "24c7de76-3db7-4b88-8dca-566b05e37c44", "env": "development", "version": "1.1.0"}
2026-08-06 22:45:58,871 INFO sqlalchemy.engine.Engine SELECT plans.id AS plans_id, plans.code AS plans_code, plans.name AS plans_name, plans.description AS plans_description, plans.property_limit AS plans_property_limit, plans.price_monthly_cents AS plans_price_monthly_cents, plans.stripe_price_id AS plans_stripe_price_id, plans.features AS plans_features, plans.created_at AS plans_created_at, plans.updated_at AS plans_updated_at 
FROM plans 
WHERE plans.id IN ($1::UUID)
{"level": "INFO", "logger": "sqlalchemy.engine.Engine", "message": "SELECT plans.id AS plans_id, plans.code AS plans_code, plans.name AS plans_name, plans.description AS plans_description, plans.property_limit AS plans_property_limit, plans.price_monthly_cents AS plans_price_monthly_cents, plans.stripe_price_id AS plans_stripe_price_id, plans.features AS plans_features, plans.created_at AS plans_created_at, plans.updated_at AS plans_updated_at \nFROM plans \nWHERE plans.id IN ($1::UUID)", "request_id": "9c040f65-ec28-4e49-8e61-c4b1b395a6df", "env": "development", "version": "1.1.0"}
2026-08-06 22:45:58,871 INFO sqlalchemy.engine.Engine [cached since 1.613s ago] (UUID('143a89e6-c3d0-4d94-9d43-e062122d2f17'),)
{"level": "INFO", "logger": "sqlalchemy.engine.Engine", "message": "[cached since 1.613s ago] (UUID('143a89e6-c3d0-4d94-9d43-e062122d2f17'),)", "request_id": "9c040f65-ec28-4e49-8e61-c4b1b395a6df", "env": "development", "version": "1.1.0"}
2026-08-06 22:45:58,871 INFO sqlalchemy.engine.Engine SELECT plans.id AS plans_id, plans.code AS plans_code, plans.name AS plans_name, plans.description AS plans_description, plans.property_limit AS plans_property_limit, plans.price_monthly_cents AS plans_price_monthly_cents, plans.stripe_price_id AS plans_stripe_price_id, plans.features AS plans_features, plans.created_at AS plans_created_at, plans.updated_at AS plans_updated_at 
FROM plans 
WHERE plans.id IN ($1::UUID)
{"level": "INFO", "logger": "sqlalchemy.engine.Engine", "message": "SELECT plans.id AS plans_id, plans.code AS plans_code, plans.name AS plans_name, plans.description AS plans_description, plans.property_limit AS plans_property_limit, plans.price_monthly_cents AS plans_price_monthly_cents, plans.stripe_price_id AS plans_stripe_price_id, plans.features AS plans_features, plans.created_at AS plans_created_at, plans.updated_at AS plans_updated_at \nFROM plans \nWHERE plans.id IN ($1::UUID)", "request_id": "263495e8-2f26-4b95-918b-90ac8870a09e", "env": "development", "version": "1.1.0"}
2026-08-06 22:45:58,871 INFO sqlalchemy.engine.Engine [cached since 1.614s ago] (UUID('143a89e6-c3d0-4d94-9d43-e062122d2f17'),)
{"level": "INFO", "logger": "sqlalchemy.engine.Engine", "message": "[cached since 1.614s ago] (UUID('143a89e6-c3d0-4d94-9d43-e062122d2f17'),)", "request_id": "263495e8-2f26-4b95-918b-90ac8870a09e", "env": "development", "version": "1.1.0"}
2026-08-06 22:45:58,877 INFO sqlalchemy.engine.Engine SELECT count(*) AS count_1 
FROM usage_events 
WHERE usage_events.user_id = $1::UUID AND usage_events.event_type = $2::VARCHAR AND usage_events.created_at >= $3::TIMESTAMP WITH TIME ZONE
{"level": "INFO", "logger": "sqlalchemy.engine.Engine", "message": "SELECT count(*) AS count_1 \nFROM usage_events \nWHERE usage_events.user_id = $1::UUID AND usage_events.event_type = $2::VARCHAR AND usage_events.created_at >= $3::TIMESTAMP WITH TIME ZONE", "request_id": "24c7de76-3db7-4b88-8dca-566b05e37c44", "env": "development", "version": "1.1.0"}
2026-08-06 22:45:58,878 INFO sqlalchemy.engine.Engine [generated in 0.00024s] (UUID('86a2cd83-52db-4f6b-9071-5f9a100c8b54'), 'analysis', datetime.datetime(2026, 8, 1, 0, 0, tzinfo=datetime.timezone.utc))
{"level": "INFO", "logger": "sqlalchemy.engine.Engine", "message": "[generated in 0.00024s] (UUID('86a2cd83-52db-4f6b-9071-5f9a100c8b54'), 'analysis', datetime.datetime(2026, 8, 1, 0, 0, tzinfo=datetime.timezone.utc))", "request_id": "24c7de76-3db7-4b88-8dca-566b05e37c44", "env": "development", "version": "1.1.0"}
2026-08-06 22:45:58,880 INFO sqlalchemy.engine.Engine SELECT market_listings.id, market_listings.external_listing_id, market_listings.source, market_listings.title, market_listings.url, market_listings.property_type, market_listings.city, market_listings.region, market_listings.neighborhood, market_listings.latitude, market_listings.longitude, market_listings.bedrooms, market_listings.bathrooms, market_listings.beds, market_listings.guests, market_listings.amenities, market_listings.rating, market_listings.review_count, market_listings.current_price, market_listings.currency, market_listings.raw, market_listings.created_at, market_listings.updated_at 
FROM market_listings
{"level": "INFO", "logger": "sqlalchemy.engine.Engine", "message": "SELECT market_listings.id, market_listings.external_listing_id, market_listings.source, market_listings.title, market_listings.url, market_listings.property_type, market_listings.city, market_listings.region, market_listings.neighborhood, market_listings.latitude, market_listings.longitude, market_listings.bedrooms, market_listings.bathrooms, market_listings.beds, market_listings.guests, market_listings.amenities, market_listings.rating, market_listings.review_count, market_listings.current_price, market_listings.currency, market_listings.raw, market_listings.created_at, market_listings.updated_at \nFROM market_listings", "request_id": "9c040f65-ec28-4e49-8e61-c4b1b395a6df", "env": "development", "version": "1.1.0"}
2026-08-06 22:45:58,880 INFO sqlalchemy.engine.Engine [generated in 0.00016s] ()
{"level": "INFO", "logger": "sqlalchemy.engine.Engine", "message": "[generated in 0.00016s] ()", "request_id": "9c040f65-ec28-4e49-8e61-c4b1b395a6df", "env": "development", "version": "1.1.0"}
2026-08-06 22:45:58,882 INFO sqlalchemy.engine.Engine SELECT notifications.id, notifications.user_id, notifications.title, notifications.body, notifications.type, notifications.is_read, notifications.link, notifications.created_at, notifications.updated_at 
FROM notifications 
WHERE notifications.user_id = $1::UUID ORDER BY notifications.created_at DESC 
 LIMIT $2::INTEGER
{"level": "INFO", "logger": "sqlalchemy.engine.Engine", "message": "SELECT notifications.id, notifications.user_id, notifications.title, notifications.body, notifications.type, notifications.is_read, notifications.link, notifications.created_at, notifications.updated_at \nFROM notifications \nWHERE notifications.user_id = $1::UUID ORDER BY notifications.created_at DESC \n LIMIT $2::INTEGER", "request_id": "263495e8-2f26-4b95-918b-90ac8870a09e", "env": "development", "version": "1.1.0"}
2026-08-06 22:45:58,882 INFO sqlalchemy.engine.Engine [generated in 0.00017s] (UUID('86a2cd83-52db-4f6b-9071-5f9a100c8b54'), 50)
{"level": "INFO", "logger": "sqlalchemy.engine.Engine", "message": "[generated in 0.00017s] (UUID('86a2cd83-52db-4f6b-9071-5f9a100c8b54'), 50)", "request_id": "263495e8-2f26-4b95-918b-90ac8870a09e", "env": "development", "version": "1.1.0"}
{"level": "INFO", "logger": "app.request", "message": "request", "request_id": null, "env": "development", "version": "1.1.0", "path": "/v1/market/trends", "method": "GET", "status_code": 200, "duration_ms": 155.78}
INFO:     127.0.0.1:45476 - "GET /v1/market/trends HTTP/1.1" 200 OK
2026-08-06 22:45:58,886 INFO sqlalchemy.engine.Engine COMMIT
{"level": "INFO", "logger": "sqlalchemy.engine.Engine", "message": "COMMIT", "request_id": "9c040f65-ec28-4e49-8e61-c4b1b395a6df", "env": "development", "version": "1.1.0"}
{"level": "INFO", "logger": "app.request", "message": "request", "request_id": null, "env": "development", "version": "1.1.0", "path": "/v1/notifications", "method": "GET", "status_code": 200, "duration_ms": 156.74}
INFO:     127.0.0.1:45474 - "GET /v1/notifications HTTP/1.1" 200 OK
2026-08-06 22:45:58,887 INFO sqlalchemy.engine.Engine COMMIT
{"level": "INFO", "logger": "sqlalchemy.engine.Engine", "message": "COMMIT", "request_id": "263495e8-2f26-4b95-918b-90ac8870a09e", "env": "development", "version": "1.1.0"}
2026-08-06 22:45:58,887 INFO sqlalchemy.engine.Engine ROLLBACK
{"level": "INFO", "logger": "sqlalchemy.engine.Engine", "message": "ROLLBACK", "request_id": "24c7de76-3db7-4b88-8dca-566b05e37c44", "env": "development", "version": "1.1.0"}
{"level": "ERROR", "logger": "app.request", "message": "unhandled_error", "request_id": "24c7de76-3db7-4b88-8dca-566b05e37c44", "env": "development", "version": "1.1.0", "exc_info": "Traceback (most recent call last):\n  File \"/home/salman-mazhar/Drive/My project/airbnb-market-expert/airbnb-market-expert/apps/api/.venv/lib/python3.12/site-packages/sqlalchemy/dialects/postgresql/asyncpg.py\", line 526, in _prepare_and_execute\n    prepared_stmt, attributes = await adapt_connection._prepare(\n                                ^^^^^^^^^^^^^^^^^^^^^^^^^^^^^^^^\n  File \"/home/salman-mazhar/Drive/My project/airbnb-market-expert/airbnb-market-expert/apps/api/.venv/lib/python3.12/site-packages/sqlalchemy/dialects/postgresql/asyncpg.py\", line 773, in _prepare\n    prepared_stmt = await self._connection.prepare(\n                    ^^^^^^^^^^^^^^^^^^^^^^^^^^^^^^^\n  File \"/home/salman-mazhar/Drive/My project/airbnb-market-expert/airbnb-market-expert/apps/api/.venv/lib/python3.12/site-packages/asyncpg/connection.py\", line 638, in prepare\n    return await self._prepare(\n           ^^^^^^^^^^^^^^^^^^^^\n  File \"/home/salman-mazhar/Drive/My project/airbnb-market-expert/airbnb-market-expert/apps/api/.venv/lib/python3.12/site-packages/asyncpg/connection.py\", line 657, in _prepare\n    stmt = await self._get_statement(\n           ^^^^^^^^^^^^^^^^^^^^^^^^^^\n  File \"/home/salman-mazhar/Drive/My project/airbnb-market-expert/airbnb-market-expert/apps/api/.venv/lib/python3.12/site-packages/asyncpg/connection.py\", line 443, in _get_statement\n    statement = await self._protocol.prepare(\n                ^^^^^^^^^^^^^^^^^^^^^^^^^^^^^\n  File \"asyncpg/protocol/protocol.pyx\", line 165, in prepare\nasyncpg.exceptions.UndefinedTableError: relation \"usage_events\" does not exist\n\nThe above exception was the direct cause of the following exception:\n\nTraceback (most recent call last):\n  File \"/home/salman-mazhar/Drive/My project/airbnb-market-expert/airbnb-market-expert/apps/api/.venv/lib/python3.12/site-packages/sqlalchemy/engine/base.py\", line 1969, in _exec_single_context\n    self.dialect.do_execute(\n  File \"/home/salman-mazhar/Drive/My project/airbnb-market-expert/airbnb-market-expert/apps/api/.venv/lib/python3.12/site-packages/sqlalchemy/engine/default.py\", line 952, in do_execute\n    cursor.execute(statement, parameters)\n  File \"/home/salman-mazhar/Drive/My project/airbnb-market-expert/airbnb-market-expert/apps/api/.venv/lib/python3.12/site-packages/sqlalchemy/dialects/postgresql/asyncpg.py\", line 585, in execute\n    self._adapt_connection.await_(\n  File \"/home/salman-mazhar/Drive/My project/airbnb-market-expert/airbnb-market-expert/apps/api/.venv/lib/python3.12/site-packages/sqlalchemy/util/_concurrency_py3k.py\", line 132, in await_only\n    return current.parent.switch(awaitable)  # type: ignore[no-any-return,attr-defined] # noqa: E501\n           ^^^^^^^^^^^^^^^^^^^^^^^^^^^^^^^^\n  File \"/home/salman-mazhar/Drive/My project/airbnb-market-expert/airbnb-market-expert/apps/api/.venv/lib/python3.12/site-packages/sqlalchemy/util/_concurrency_py3k.py\", line 196, in greenlet_spawn\n    value = await result\n            ^^^^^^^^^^^^\n  File \"/home/salman-mazhar/Drive/My project/airbnb-market-expert/airbnb-market-expert/apps/api/.venv/lib/python3.12/site-packages/sqlalchemy/dialects/postgresql/asyncpg.py\", line 563, in _prepare_and_execute\n    self._handle_exception(error)\n  File \"/home/salman-mazhar/Drive/My project/airbnb-market-expert/airbnb-market-expert/apps/api/.venv/lib/python3.12/site-packages/sqlalchemy/dialects/postgresql/asyncpg.py\", line 513, in _handle_exception\n    self._adapt_connection._handle_exception(error)\n  File \"/home/salman-mazhar/Drive/My project/airbnb-market-expert/airbnb-market-expert/apps/api/.venv/lib/python3.12/site-packages/sqlalchemy/dialects/postgresql/asyncpg.py\", line 797, in _handle_exception\n    raise translated_error from error\nsqlalchemy.dialects.postgresql.asyncpg.AsyncAdapt_asyncpg_dbapi.ProgrammingError: <class 'asyncpg.exceptions.UndefinedTableError'>: relation \"usage_events\" does not exist\n\nThe above exception was the direct cause of the following exception:\n\nTraceback (most recent call last):\n  File \"/home/salman-mazhar/Drive/My project/airbnb-market-expert/airbnb-market-expert/apps/api/app/core/middleware.py\", line 19, in dispatch\n    response = await call_next(request)\n               ^^^^^^^^^^^^^^^^^^^^^^^^\n  File \"/home/salman-mazhar/Drive/My project/airbnb-market-expert/airbnb-market-expert/apps/api/.venv/lib/python3.12/site-packages/starlette/middleware/base.py\", line 168, in call_next\n    raise app_exc from app_exc.__cause__ or app_exc.__context__\n  File \"/home/salman-mazhar/Drive/My project/airbnb-market-expert/airbnb-market-expert/apps/api/.venv/lib/python3.12/site-packages/starlette/middleware/base.py\", line 144, in coro\n    await self.app(scope, receive_or_disconnect, send_no_error)\n  File \"/home/salman-mazhar/Drive/My project/airbnb-market-expert/airbnb-market-expert/apps/api/.venv/lib/python3.12/site-packages/starlette/middleware/base.py\", line 193, in __call__\n    response = await self.dispatch_func(request, call_next)\n               ^^^^^^^^^^^^^^^^^^^^^^^^^^^^^^^^^^^^^^^^^^^^\n  File \"/home/salman-mazhar/Drive/My project/airbnb-market-expert/airbnb-market-expert/apps/api/app/core/rate_limit.py\", line 81, in dispatch\n    return await call_next(request)\n           ^^^^^^^^^^^^^^^^^^^^^^^^\n  File \"/home/salman-mazhar/Drive/My project/airbnb-market-expert/airbnb-market-expert/apps/api/.venv/lib/python3.12/site-packages/starlette/middleware/base.py\", line 168, in call_next\n    raise app_exc from app_exc.__cause__ or app_exc.__context__\n  File \"/home/salman-mazhar/Drive/My project/airbnb-market-expert/airbnb-market-expert/apps/api/.venv/lib/python3.12/site-packages/starlette/middleware/base.py\", line 144, in coro\n    await self.app(scope, receive_or_disconnect, send_no_error)\n  File \"/home/salman-mazhar/Drive/My project/airbnb-market-expert/airbnb-market-expert/apps/api/.venv/lib/python3.12/site-packages/starlette/middleware/exceptions.py\", line 63, in __call__\n    await wrap_app_handling_exceptions(self.app, conn)(scope, receive, send)\n  File \"/home/salman-mazhar/Drive/My project/airbnb-market-expert/airbnb-market-expert/apps/api/.venv/lib/python3.12/site-packages/starlette/_exception_handler.py\", line 53, in wrapped_app\n    raise exc\n  File \"/home/salman-mazhar/Drive/My project/airbnb-market-expert/airbnb-market-expert/apps/api/.venv/lib/python3.12/site-packages/starlette/_exception_handler.py\", line 42, in wrapped_app\n    await app(scope, receive, sender)\n  File \"/home/salman-mazhar/Drive/My project/airbnb-market-expert/airbnb-market-expert/apps/api/.venv/lib/python3.12/site-packages/fastapi/middleware/asyncexitstack.py\", line 18, in __call__\n    await self.app(scope, receive, send)\n  File \"/home/salman-mazhar/Drive/My project/airbnb-market-expert/airbnb-market-expert/apps/api/.venv/lib/python3.12/site-packages/starlette/routing.py\", line 660, in __call__\n    await self.middleware_stack(scope, receive, send)\n  File \"/home/salman-mazhar/Drive/My project/airbnb-market-expert/airbnb-market-expert/apps/api/.venv/lib/python3.12/site-packages/fastapi/routing.py\", line 2734, in app\n    await route.handle(scope, receive, send)\n  File \"/home/salman-mazhar/Drive/My project/airbnb-market-expert/airbnb-market-expert/apps/api/.venv/lib/python3.12/site-packages/fastapi/routing.py\", line 1780, in handle\n    await self.original_router.handle(scope, receive, send)\n  File \"/home/salman-mazhar/Drive/My project/airbnb-market-expert/airbnb-market-expert/apps/api/.venv/lib/python3.12/site-packages/fastapi/routing.py\", line 2789, in handle\n    await included_router._handle_selected(scope, receive, send)\n  File \"/home/salman-mazhar/Drive/My project/airbnb-market-expert/airbnb-market-expert/apps/api/.venv/lib/python3.12/site-packages/fastapi/routing.py\", line 1800, in _handle_selected\n    await original_route.handle(scope, receive, send)\n  File \"/home/salman-mazhar/Drive/My project/airbnb-market-expert/airbnb-market-expert/apps/api/.venv/lib/python3.12/site-packages/fastapi/routing.py\", line 1279, in handle\n    await app(scope, receive, send)\n  File \"/home/salman-mazhar/Drive/My project/airbnb-market-expert/airbnb-market-expert/apps/api/.venv/lib/python3.12/site-packages/fastapi/routing.py\", line 158, in app\n    await wrap_app_handling_exceptions(app, request)(scope, receive, send)\n  File \"/home/salman-mazhar/Drive/My project/airbnb-market-expert/airbnb-market-expert/apps/api/.venv/lib/python3.12/site-packages/starlette/_exception_handler.py\", line 53, in wrapped_app\n    raise exc\n  File \"/home/salman-mazhar/Drive/My project/airbnb-market-expert/airbnb-market-expert/apps/api/.venv/lib/python3.12/site-packages/starlette/_exception_handler.py\", line 42, in wrapped_app\n    await app(scope, receive, sender)\n  File \"/home/salman-mazhar/Drive/My project/airbnb-market-expert/airbnb-market-expert/apps/api/.venv/lib/python3.12/site-packages/fastapi/routing.py\", line 144, in app\n    response = await f(request)\n               ^^^^^^^^^^^^^^^^\n  File \"/home/salman-mazhar/Drive/My project/airbnb-market-expert/airbnb-market-expert/apps/api/.venv/lib/python3.12/site-packages/fastapi/routing.py\", line 706, in app\n    raw_response = await run_endpoint_function(\n                   ^^^^^^^^^^^^^^^^^^^^^^^^^^^^\n  File \"/home/salman-mazhar/Drive/My project/airbnb-market-expert/airbnb-market-expert/apps/api/.venv/lib/python3.12/site-packages/fastapi/routing.py\", line 352, in run_endpoint_function\n    return await dependant.call(**values)\n           ^^^^^^^^^^^^^^^^^^^^^^^^^^^^^^\n  File \"/home/salman-mazhar/Drive/My project/airbnb-market-expert/airbnb-market-expert/apps/api/app/modules/billing/router.py\", line 173, in usage_summary\n    analyses_this_month=await count_usage(db, user.id, \"analysis\", month_start()),\n                        ^^^^^^^^^^^^^^^^^^^^^^^^^^^^^^^^^^^^^^^^^^^^^^^^^^^^^^^^^\n  File \"/home/salman-mazhar/Drive/My project/airbnb-market-expert/airbnb-market-expert/apps/api/app/core/entitlements.py\", line 71, in count_usage\n    result = await db.scalar(\n             ^^^^^^^^^^^^^^^^\n  File \"/home/salman-mazhar/Drive/My project/airbnb-market-expert/airbnb-market-expert/apps/api/.venv/lib/python3.12/site-packages/sqlalchemy/ext/asyncio/session.py\", line 504, in scalar\n    return await greenlet_spawn(\n           ^^^^^^^^^^^^^^^^^^^^^\n  File \"/home/salman-mazhar/Drive/My project/airbnb-market-expert/airbnb-market-expert/apps/api/.venv/lib/python3.12/site-packages/sqlalchemy/util/_concurrency_py3k.py\", line 201, in greenlet_spawn\n    result = context.throw(*sys.exc_info())\n             ^^^^^^^^^^^^^^^^^^^^^^^^^^^^^^\n  File \"/home/salman-mazhar/Drive/My project/airbnb-market-expert/airbnb-market-expert/apps/api/.venv/lib/python3.12/site-packages/sqlalchemy/orm/session.py\", line 2421, in scalar\n    return self._execute_internal(\n           ^^^^^^^^^^^^^^^^^^^^^^^\n  File \"/home/salman-mazhar/Drive/My project/airbnb-market-expert/airbnb-market-expert/apps/api/.venv/lib/python3.12/site-packages/sqlalchemy/orm/session.py\", line 2271, in _execute_internal\n    result: Result[Any] = compile_state_cls.orm_execute_statement(\n                          ^^^^^^^^^^^^^^^^^^^^^^^^^^^^^^^^^^^^^^^^\n  File \"/home/salman-mazhar/Drive/My project/airbnb-market-expert/airbnb-market-expert/apps/api/.venv/lib/python3.12/site-packages/sqlalchemy/orm/context.py\", line 306, in orm_execute_statement\n    result = conn.execute(\n             ^^^^^^^^^^^^^\n  File \"/home/salman-mazhar/Drive/My project/airbnb-market-expert/airbnb-market-expert/apps/api/.venv/lib/python3.12/site-packages/sqlalchemy/engine/base.py\", line 1421, in execute\n    return meth(\n           ^^^^^\n  File \"/home/salman-mazhar/Drive/My project/airbnb-market-expert/airbnb-market-expert/apps/api/.venv/lib/python3.12/site-packages/sqlalchemy/sql/elements.py\", line 526, in _execute_on_connection\n    return connection._execute_clauseelement(\n           ^^^^^^^^^^^^^^^^^^^^^^^^^^^^^^^^^^\n  File \"/home/salman-mazhar/Drive/My project/airbnb-market-expert/airbnb-market-expert/apps/api/.venv/lib/python3.12/site-packages/sqlalchemy/engine/base.py\", line 1643, in _execute_clauseelement\n    ret = self._execute_context(\n          ^^^^^^^^^^^^^^^^^^^^^^\n  File \"/home/salman-mazhar/Drive/My project/airbnb-market-expert/airbnb-market-expert/apps/api/.venv/lib/python3.12/site-packages/sqlalchemy/engine/base.py\", line 1848, in _execute_context\n    return self._exec_single_context(\n           ^^^^^^^^^^^^^^^^^^^^^^^^^^\n  File \"/home/salman-mazhar/Drive/My project/airbnb-market-expert/airbnb-market-expert/apps/api/.venv/lib/python3.12/site-packages/sqlalchemy/engine/base.py\", line 1988, in _exec_single_context\n    self._handle_dbapi_exception(\n  File \"/home/salman-mazhar/Drive/My project/airbnb-market-expert/airbnb-market-expert/apps/api/.venv/lib/python3.12/site-packages/sqlalchemy/engine/base.py\", line 2365, in _handle_dbapi_exception\n    raise sqlalchemy_exception.with_traceback(exc_info[2]) from e\n  File \"/home/salman-mazhar/Drive/My project/airbnb-market-expert/airbnb-market-expert/apps/api/.venv/lib/python3.12/site-packages/sqlalchemy/engine/base.py\", line 1969, in _exec_single_context\n    self.dialect.do_execute(\n  File \"/home/salman-mazhar/Drive/My project/airbnb-market-expert/airbnb-market-expert/apps/api/.venv/lib/python3.12/site-packages/sqlalchemy/engine/default.py\", line 952, in do_execute\n    cursor.execute(statement, parameters)\n  File \"/home/salman-mazhar/Drive/My project/airbnb-market-expert/airbnb-market-expert/apps/api/.venv/lib/python3.12/site-packages/sqlalchemy/dialects/postgresql/asyncpg.py\", line 585, in execute\n    self._adapt_connection.await_(\n  File \"/home/salman-mazhar/Drive/My project/airbnb-market-expert/airbnb-market-expert/apps/api/.venv/lib/python3.12/site-packages/sqlalchemy/util/_concurrency_py3k.py\", line 132, in await_only\n    return current.parent.switch(awaitable)  # type: ignore[no-any-return,attr-defined] # noqa: E501\n           ^^^^^^^^^^^^^^^^^^^^^^^^^^^^^^^^\n  File \"/home/salman-mazhar/Drive/My project/airbnb-market-expert/airbnb-market-expert/apps/api/.venv/lib/python3.12/site-packages/sqlalchemy/util/_concurrency_py3k.py\", line 196, in greenlet_spawn\n    value = await result\n            ^^^^^^^^^^^^\n  File \"/home/salman-mazhar/Drive/My project/airbnb-market-expert/airbnb-market-expert/apps/api/.venv/lib/python3.12/site-packages/sqlalchemy/dialects/postgresql/asyncpg.py\", line 563, in _prepare_and_execute\n    self._handle_exception(error)\n  File \"/home/salman-mazhar/Drive/My project/airbnb-market-expert/airbnb-market-expert/apps/api/.venv/lib/python3.12/site-packages/sqlalchemy/dialects/postgresql/asyncpg.py\", line 513, in _handle_exception\n    self._adapt_connection._handle_exception(error)\n  File \"/home/salman-mazhar/Drive/My project/airbnb-market-expert/airbnb-market-expert/apps/api/.venv/lib/python3.12/site-packages/sqlalchemy/dialects/postgresql/asyncpg.py\", line 797, in _handle_exception\n    raise translated_error from error\nsqlalchemy.exc.ProgrammingError: (sqlalchemy.dialects.postgresql.asyncpg.ProgrammingError) <class 'asyncpg.exceptions.UndefinedTableError'>: relation \"usage_events\" does not exist\n[SQL: SELECT count(*) AS count_1 \nFROM usage_events \nWHERE usage_events.user_id = $1::UUID AND usage_events.event_type = $2::VARCHAR AND usage_events.created_at >= $3::TIMESTAMP WITH TIME ZONE]\n[parameters: (UUID('86a2cd83-52db-4f6b-9071-5f9a100c8b54'), 'analysis', datetime.datetime(2026, 8, 1, 0, 0, tzinfo=datetime.timezone.utc))]\n(Background on this error at: https://sqlalche.me/e/20/f405)", "path": "/v1/billing/usage", "method": "GET"}
INFO:     127.0.0.1:45464 - "GET /v1/billing/usage HTTP/1.1" 500 Internal Server Error
ERROR:    Exception in ASGI application
Traceback (most recent call last):
  File "/home/salman-mazhar/Drive/My project/airbnb-market-expert/airbnb-market-expert/apps/api/.venv/lib/python3.12/site-packages/sqlalchemy/dialects/postgresql/asyncpg.py", line 526, in _prepare_and_execute
    prepared_stmt, attributes = await adapt_connection._prepare(
                                ^^^^^^^^^^^^^^^^^^^^^^^^^^^^^^^^
  File "/home/salman-mazhar/Drive/My project/airbnb-market-expert/airbnb-market-expert/apps/api/.venv/lib/python3.12/site-packages/sqlalchemy/dialects/postgresql/asyncpg.py", line 773, in _prepare
    prepared_stmt = await self._connection.prepare(
                    ^^^^^^^^^^^^^^^^^^^^^^^^^^^^^^^
  File "/home/salman-mazhar/Drive/My project/airbnb-market-expert/airbnb-market-expert/apps/api/.venv/lib/python3.12/site-packages/asyncpg/connection.py", line 638, in prepare
    return await self._prepare(
           ^^^^^^^^^^^^^^^^^^^^
  File "/home/salman-mazhar/Drive/My project/airbnb-market-expert/airbnb-market-expert/apps/api/.venv/lib/python3.12/site-packages/asyncpg/connection.py", line 657, in _prepare
    stmt = await self._get_statement(
           ^^^^^^^^^^^^^^^^^^^^^^^^^^
  File "/home/salman-mazhar/Drive/My project/airbnb-market-expert/airbnb-market-expert/apps/api/.venv/lib/python3.12/site-packages/asyncpg/connection.py", line 443, in _get_statement
    statement = await self._protocol.prepare(
                ^^^^^^^^^^^^^^^^^^^^^^^^^^^^^
  File "asyncpg/protocol/protocol.pyx", line 165, in prepare
asyncpg.exceptions.UndefinedTableError: relation "usage_events" does not exist

The above exception was the direct cause of the following exception:

Traceback (most recent call last):
  File "/home/salman-mazhar/Drive/My project/airbnb-market-expert/airbnb-market-expert/apps/api/.venv/lib/python3.12/site-packages/sqlalchemy/engine/base.py", line 1969, in _exec_single_context
    self.dialect.do_execute(
  File "/home/salman-mazhar/Drive/My project/airbnb-market-expert/airbnb-market-expert/apps/api/.venv/lib/python3.12/site-packages/sqlalchemy/engine/default.py", line 952, in do_execute
    cursor.execute(statement, parameters)
  File "/home/salman-mazhar/Drive/My project/airbnb-market-expert/airbnb-market-expert/apps/api/.venv/lib/python3.12/site-packages/sqlalchemy/dialects/postgresql/asyncpg.py", line 585, in execute
    self._adapt_connection.await_(
  File "/home/salman-mazhar/Drive/My project/airbnb-market-expert/airbnb-market-expert/apps/api/.venv/lib/python3.12/site-packages/sqlalchemy/util/_concurrency_py3k.py", line 132, in await_only
    return current.parent.switch(awaitable)  # type: ignore[no-any-return,attr-defined] # noqa: E501
           ^^^^^^^^^^^^^^^^^^^^^^^^^^^^^^^^
  File "/home/salman-mazhar/Drive/My project/airbnb-market-expert/airbnb-market-expert/apps/api/.venv/lib/python3.12/site-packages/sqlalchemy/util/_concurrency_py3k.py", line 196, in greenlet_spawn
    value = await result
            ^^^^^^^^^^^^
  File "/home/salman-mazhar/Drive/My project/airbnb-market-expert/airbnb-market-expert/apps/api/.venv/lib/python3.12/site-packages/sqlalchemy/dialects/postgresql/asyncpg.py", line 563, in _prepare_and_execute
    self._handle_exception(error)
  File "/home/salman-mazhar/Drive/My project/airbnb-market-expert/airbnb-market-expert/apps/api/.venv/lib/python3.12/site-packages/sqlalchemy/dialects/postgresql/asyncpg.py", line 513, in _handle_exception
    self._adapt_connection._handle_exception(error)
  File "/home/salman-mazhar/Drive/My project/airbnb-market-expert/airbnb-market-expert/apps/api/.venv/lib/python3.12/site-packages/sqlalchemy/dialects/postgresql/asyncpg.py", line 797, in _handle_exception
    raise translated_error from error
sqlalchemy.dialects.postgresql.asyncpg.AsyncAdapt_asyncpg_dbapi.ProgrammingError: <class 'asyncpg.exceptions.UndefinedTableError'>: relation "usage_events" does not exist

The above exception was the direct cause of the following exception:

Traceback (most recent call last):
  File "/home/salman-mazhar/Drive/My project/airbnb-market-expert/airbnb-market-expert/apps/api/.venv/lib/python3.12/site-packages/uvicorn/protocols/http/h11_impl.py", line 416, in run_asgi
    result = await app(  # type: ignore[func-returns-value]
             ^^^^^^^^^^^^^^^^^^^^^^^^^^^^^^^^^^^^^^^^^^^^^^
  File "/home/salman-mazhar/Drive/My project/airbnb-market-expert/airbnb-market-expert/apps/api/.venv/lib/python3.12/site-packages/uvicorn/middleware/proxy_headers.py", line 63, in __call__
    return await self.app(scope, receive, send)
           ^^^^^^^^^^^^^^^^^^^^^^^^^^^^^^^^^^^^
  File "/home/salman-mazhar/Drive/My project/airbnb-market-expert/airbnb-market-expert/apps/api/.venv/lib/python3.12/site-packages/fastapi/applications.py", line 1163, in __call__
    await super().__call__(scope, receive, send)
  File "/home/salman-mazhar/Drive/My project/airbnb-market-expert/airbnb-market-expert/apps/api/.venv/lib/python3.12/site-packages/starlette/applications.py", line 90, in __call__
    await self.middleware_stack(scope, receive, send)
  File "/home/salman-mazhar/Drive/My project/airbnb-market-expert/airbnb-market-expert/apps/api/.venv/lib/python3.12/site-packages/starlette/middleware/errors.py", line 186, in __call__
    raise exc
  File "/home/salman-mazhar/Drive/My project/airbnb-market-expert/airbnb-market-expert/apps/api/.venv/lib/python3.12/site-packages/starlette/middleware/errors.py", line 164, in __call__
    await self.app(scope, receive, _send)
  File "/home/salman-mazhar/Drive/My project/airbnb-market-expert/airbnb-market-expert/apps/api/.venv/lib/python3.12/site-packages/starlette/middleware/cors.py", line 96, in __call__
    await self.simple_response(scope, receive, send, request_headers=headers)
  File "/home/salman-mazhar/Drive/My project/airbnb-market-expert/airbnb-market-expert/apps/api/.venv/lib/python3.12/site-packages/starlette/middleware/cors.py", line 154, in simple_response
    await self.app(scope, receive, send)
  File "/home/salman-mazhar/Drive/My project/airbnb-market-expert/airbnb-market-expert/apps/api/.venv/lib/python3.12/site-packages/starlette/middleware/base.py", line 193, in __call__
    response = await self.dispatch_func(request, call_next)
               ^^^^^^^^^^^^^^^^^^^^^^^^^^^^^^^^^^^^^^^^^^^^
  File "/home/salman-mazhar/Drive/My project/airbnb-market-expert/airbnb-market-expert/apps/api/app/core/middleware.py", line 19, in dispatch
    response = await call_next(request)
               ^^^^^^^^^^^^^^^^^^^^^^^^
  File "/home/salman-mazhar/Drive/My project/airbnb-market-expert/airbnb-market-expert/apps/api/.venv/lib/python3.12/site-packages/starlette/middleware/base.py", line 168, in call_next
    raise app_exc from app_exc.__cause__ or app_exc.__context__
  File "/home/salman-mazhar/Drive/My project/airbnb-market-expert/airbnb-market-expert/apps/api/.venv/lib/python3.12/site-packages/starlette/middleware/base.py", line 144, in coro
    await self.app(scope, receive_or_disconnect, send_no_error)
  File "/home/salman-mazhar/Drive/My project/airbnb-market-expert/airbnb-market-expert/apps/api/.venv/lib/python3.12/site-packages/starlette/middleware/base.py", line 193, in __call__
    response = await self.dispatch_func(request, call_next)
               ^^^^^^^^^^^^^^^^^^^^^^^^^^^^^^^^^^^^^^^^^^^^
  File "/home/salman-mazhar/Drive/My project/airbnb-market-expert/airbnb-market-expert/apps/api/app/core/rate_limit.py", line 81, in dispatch
    return await call_next(request)
           ^^^^^^^^^^^^^^^^^^^^^^^^
  File "/home/salman-mazhar/Drive/My project/airbnb-market-expert/airbnb-market-expert/apps/api/.venv/lib/python3.12/site-packages/starlette/middleware/base.py", line 168, in call_next
    raise app_exc from app_exc.__cause__ or app_exc.__context__
  File "/home/salman-mazhar/Drive/My project/airbnb-market-expert/airbnb-market-expert/apps/api/.venv/lib/python3.12/site-packages/starlette/middleware/base.py", line 144, in coro
    await self.app(scope, receive_or_disconnect, send_no_error)
  File "/home/salman-mazhar/Drive/My project/airbnb-market-expert/airbnb-market-expert/apps/api/.venv/lib/python3.12/site-packages/starlette/middleware/exceptions.py", line 63, in __call__
    await wrap_app_handling_exceptions(self.app, conn)(scope, receive, send)
  File "/home/salman-mazhar/Drive/My project/airbnb-market-expert/airbnb-market-expert/apps/api/.venv/lib/python3.12/site-packages/starlette/_exception_handler.py", line 53, in wrapped_app
    raise exc
  File "/home/salman-mazhar/Drive/My project/airbnb-market-expert/airbnb-market-expert/apps/api/.venv/lib/python3.12/site-packages/starlette/_exception_handler.py", line 42, in wrapped_app
    await app(scope, receive, sender)
  File "/home/salman-mazhar/Drive/My project/airbnb-market-expert/airbnb-market-expert/apps/api/.venv/lib/python3.12/site-packages/fastapi/middleware/asyncexitstack.py", line 18, in __call__
    await self.app(scope, receive, send)
  File "/home/salman-mazhar/Drive/My project/airbnb-market-expert/airbnb-market-expert/apps/api/.venv/lib/python3.12/site-packages/starlette/routing.py", line 660, in __call__
    await self.middleware_stack(scope, receive, send)
  File "/home/salman-mazhar/Drive/My project/airbnb-market-expert/airbnb-market-expert/apps/api/.venv/lib/python3.12/site-packages/fastapi/routing.py", line 2734, in app
    await route.handle(scope, receive, send)
  File "/home/salman-mazhar/Drive/My project/airbnb-market-expert/airbnb-market-expert/apps/api/.venv/lib/python3.12/site-packages/fastapi/routing.py", line 1780, in handle
    await self.original_router.handle(scope, receive, send)
  File "/home/salman-mazhar/Drive/My project/airbnb-market-expert/airbnb-market-expert/apps/api/.venv/lib/python3.12/site-packages/fastapi/routing.py", line 2789, in handle
    await included_router._handle_selected(scope, receive, send)
  File "/home/salman-mazhar/Drive/My project/airbnb-market-expert/airbnb-market-expert/apps/api/.venv/lib/python3.12/site-packages/fastapi/routing.py", line 1800, in _handle_selected
    await original_route.handle(scope, receive, send)
  File "/home/salman-mazhar/Drive/My project/airbnb-market-expert/airbnb-market-expert/apps/api/.venv/lib/python3.12/site-packages/fastapi/routing.py", line 1279, in handle
    await app(scope, receive, send)
  File "/home/salman-mazhar/Drive/My project/airbnb-market-expert/airbnb-market-expert/apps/api/.venv/lib/python3.12/site-packages/fastapi/routing.py", line 158, in app
    await wrap_app_handling_exceptions(app, request)(scope, receive, send)
  File "/home/salman-mazhar/Drive/My project/airbnb-market-expert/airbnb-market-expert/apps/api/.venv/lib/python3.12/site-packages/starlette/_exception_handler.py", line 53, in wrapped_app
    raise exc
  File "/home/salman-mazhar/Drive/My project/airbnb-market-expert/airbnb-market-expert/apps/api/.venv/lib/python3.12/site-packages/starlette/_exception_handler.py", line 42, in wrapped_app
    await app(scope, receive, sender)
  File "/home/salman-mazhar/Drive/My project/airbnb-market-expert/airbnb-market-expert/apps/api/.venv/lib/python3.12/site-packages/fastapi/routing.py", line 144, in app
    response = await f(request)
               ^^^^^^^^^^^^^^^^
  File "/home/salman-mazhar/Drive/My project/airbnb-market-expert/airbnb-market-expert/apps/api/.venv/lib/python3.12/site-packages/fastapi/routing.py", line 706, in app
    raw_response = await run_endpoint_function(
                   ^^^^^^^^^^^^^^^^^^^^^^^^^^^^
  File "/home/salman-mazhar/Drive/My project/airbnb-market-expert/airbnb-market-expert/apps/api/.venv/lib/python3.12/site-packages/fastapi/routing.py", line 352, in run_endpoint_function
    return await dependant.call(**values)
           ^^^^^^^^^^^^^^^^^^^^^^^^^^^^^^
  File "/home/salman-mazhar/Drive/My project/airbnb-market-expert/airbnb-market-expert/apps/api/app/modules/billing/router.py", line 173, in usage_summary
    analyses_this_month=await count_usage(db, user.id, "analysis", month_start()),
                        ^^^^^^^^^^^^^^^^^^^^^^^^^^^^^^^^^^^^^^^^^^^^^^^^^^^^^^^^^
  File "/home/salman-mazhar/Drive/My project/airbnb-market-expert/airbnb-market-expert/apps/api/app/core/entitlements.py", line 71, in count_usage
    result = await db.scalar(
             ^^^^^^^^^^^^^^^^
  File "/home/salman-mazhar/Drive/My project/airbnb-market-expert/airbnb-market-expert/apps/api/.venv/lib/python3.12/site-packages/sqlalchemy/ext/asyncio/session.py", line 504, in scalar
    return await greenlet_spawn(
           ^^^^^^^^^^^^^^^^^^^^^
  File "/home/salman-mazhar/Drive/My project/airbnb-market-expert/airbnb-market-expert/apps/api/.venv/lib/python3.12/site-packages/sqlalchemy/util/_concurrency_py3k.py", line 201, in greenlet_spawn
    result = context.throw(*sys.exc_info())
             ^^^^^^^^^^^^^^^^^^^^^^^^^^^^^^
  File "/home/salman-mazhar/Drive/My project/airbnb-market-expert/airbnb-market-expert/apps/api/.venv/lib/python3.12/site-packages/sqlalchemy/orm/session.py", line 2421, in scalar
    return self._execute_internal(
           ^^^^^^^^^^^^^^^^^^^^^^^
  File "/home/salman-mazhar/Drive/My project/airbnb-market-expert/airbnb-market-expert/apps/api/.venv/lib/python3.12/site-packages/sqlalchemy/orm/session.py", line 2271, in _execute_internal
    result: Result[Any] = compile_state_cls.orm_execute_statement(
                          ^^^^^^^^^^^^^^^^^^^^^^^^^^^^^^^^^^^^^^^^
  File "/home/salman-mazhar/Drive/My project/airbnb-market-expert/airbnb-market-expert/apps/api/.venv/lib/python3.12/site-packages/sqlalchemy/orm/context.py", line 306, in orm_execute_statement
    result = conn.execute(
             ^^^^^^^^^^^^^
  File "/home/salman-mazhar/Drive/My project/airbnb-market-expert/airbnb-market-expert/apps/api/.venv/lib/python3.12/site-packages/sqlalchemy/engine/base.py", line 1421, in execute
    return meth(
           ^^^^^
  File "/home/salman-mazhar/Drive/My project/airbnb-market-expert/airbnb-market-expert/apps/api/.venv/lib/python3.12/site-packages/sqlalchemy/sql/elements.py", line 526, in _execute_on_connection
    return connection._execute_clauseelement(
           ^^^^^^^^^^^^^^^^^^^^^^^^^^^^^^^^^^
  File "/home/salman-mazhar/Drive/My project/airbnb-market-expert/airbnb-market-expert/apps/api/.venv/lib/python3.12/site-packages/sqlalchemy/engine/base.py", line 1643, in _execute_clauseelement
    ret = self._execute_context(
          ^^^^^^^^^^^^^^^^^^^^^^
  File "/home/salman-mazhar/Drive/My project/airbnb-market-expert/airbnb-market-expert/apps/api/.venv/lib/python3.12/site-packages/sqlalchemy/engine/base.py", line 1848, in _execute_context
    return self._exec_single_context(
           ^^^^^^^^^^^^^^^^^^^^^^^^^^
  File "/home/salman-mazhar/Drive/My project/airbnb-market-expert/airbnb-market-expert/apps/api/.venv/lib/python3.12/site-packages/sqlalchemy/engine/base.py", line 1988, in _exec_single_context
    self._handle_dbapi_exception(
  File "/home/salman-mazhar/Drive/My project/airbnb-market-expert/airbnb-market-expert/apps/api/.venv/lib/python3.12/site-packages/sqlalchemy/engine/base.py", line 2365, in _handle_dbapi_exception
    raise sqlalchemy_exception.with_traceback(exc_info[2]) from e
  File "/home/salman-mazhar/Drive/My project/airbnb-market-expert/airbnb-market-expert/apps/api/.venv/lib/python3.12/site-packages/sqlalchemy/engine/base.py", line 1969, in _exec_single_context
    self.dialect.do_execute(
  File "/home/salman-mazhar/Drive/My project/airbnb-market-expert/airbnb-market-expert/apps/api/.venv/lib/python3.12/site-packages/sqlalchemy/engine/default.py", line 952, in do_execute
    cursor.execute(statement, parameters)
  File "/home/salman-mazhar/Drive/My project/airbnb-market-expert/airbnb-market-expert/apps/api/.venv/lib/python3.12/site-packages/sqlalchemy/dialects/postgresql/asyncpg.py", line 585, in execute
    self._adapt_connection.await_(
  File "/home/salman-mazhar/Drive/My project/airbnb-market-expert/airbnb-market-expert/apps/api/.venv/lib/python3.12/site-packages/sqlalchemy/util/_concurrency_py3k.py", line 132, in await_only
    return current.parent.switch(awaitable)  # type: ignore[no-any-return,attr-defined] # noqa: E501
           ^^^^^^^^^^^^^^^^^^^^^^^^^^^^^^^^
  File "/home/salman-mazhar/Drive/My project/airbnb-market-expert/airbnb-market-expert/apps/api/.venv/lib/python3.12/site-packages/sqlalchemy/util/_concurrency_py3k.py", line 196, in greenlet_spawn
    value = await result
            ^^^^^^^^^^^^
  File "/home/salman-mazhar/Drive/My project/airbnb-market-expert/airbnb-market-expert/apps/api/.venv/lib/python3.12/site-packages/sqlalchemy/dialects/postgresql/asyncpg.py", line 563, in _prepare_and_execute
    self._handle_exception(error)
  File "/home/salman-mazhar/Drive/My project/airbnb-market-expert/airbnb-market-expert/apps/api/.venv/lib/python3.12/site-packages/sqlalchemy/dialects/postgresql/asyncpg.py", line 513, in _handle_exception
    self._adapt_connection._handle_exception(error)
  File "/home/salman-mazhar/Drive/My project/airbnb-market-expert/airbnb-market-expert/apps/api/.venv/lib/python3.12/site-packages/sqlalchemy/dialects/postgresql/asyncpg.py", line 797, in _handle_exception
    raise translated_error from error
sqlalchemy.exc.ProgrammingError: (sqlalchemy.dialects.postgresql.asyncpg.ProgrammingError) <class 'asyncpg.exceptions.UndefinedTableError'>: relation "usage_events" does not exist
[SQL: SELECT count(*) AS count_1 
FROM usage_events 
WHERE usage_events.user_id = $1::UUID AND usage_events.event_type = $2::VARCHAR AND usage_events.created_at >= $3::TIMESTAMP WITH TIME ZONE]
[parameters: (UUID('86a2cd83-52db-4f6b-9071-5f9a100c8b54'), 'analysis', datetime.datetime(2026, 8, 1, 0, 0, tzinfo=datetime.timezone.utc))]
(Background on this error at: https://sqlalche.me/e/20/f405)
2026-08-06 22:45:59,912 INFO sqlalchemy.engine.Engine BEGIN (implicit)
{"level": "INFO", "logger": "sqlalchemy.engine.Engine", "message": "BEGIN (implicit)", "request_id": "f2c5aa3c-c7fa-446c-9ffe-8a6bfea7ac7c", "env": "development", "version": "1.1.0"}
2026-08-06 22:45:59,913 INFO sqlalchemy.engine.Engine SELECT users.id, users.email, users.hashed_password, users.full_name, users.role, users.is_active, users.is_verified, users.stripe_customer_id, users.created_at, users.updated_at 
FROM users 
WHERE users.id = $1::UUID
{"level": "INFO", "logger": "sqlalchemy.engine.Engine", "message": "SELECT users.id, users.email, users.hashed_password, users.full_name, users.role, users.is_active, users.is_verified, users.stripe_customer_id, users.created_at, users.updated_at \nFROM users \nWHERE users.id = $1::UUID", "request_id": "f2c5aa3c-c7fa-446c-9ffe-8a6bfea7ac7c", "env": "development", "version": "1.1.0"}
2026-08-06 22:45:59,913 INFO sqlalchemy.engine.Engine [cached since 2.663s ago] (UUID('86a2cd83-52db-4f6b-9071-5f9a100c8b54'),)
{"level": "INFO", "logger": "sqlalchemy.engine.Engine", "message": "[cached since 2.663s ago] (UUID('86a2cd83-52db-4f6b-9071-5f9a100c8b54'),)", "request_id": "f2c5aa3c-c7fa-446c-9ffe-8a6bfea7ac7c", "env": "development", "version": "1.1.0"}
2026-08-06 22:45:59,916 INFO sqlalchemy.engine.Engine SELECT subscriptions.user_id AS subscriptions_user_id, subscriptions.id AS subscriptions_id, subscriptions.plan_id AS subscriptions_plan_id, subscriptions.status AS subscriptions_status, subscriptions.stripe_subscription_id AS subscriptions_stripe_subscription_id, subscriptions.current_period_end AS subscriptions_current_period_end, subscriptions.created_at AS subscriptions_created_at, subscriptions.updated_at AS subscriptions_updated_at 
FROM subscriptions 
WHERE subscriptions.user_id IN ($1::UUID)
{"level": "INFO", "logger": "sqlalchemy.engine.Engine", "message": "SELECT subscriptions.user_id AS subscriptions_user_id, subscriptions.id AS subscriptions_id, subscriptions.plan_id AS subscriptions_plan_id, subscriptions.status AS subscriptions_status, subscriptions.stripe_subscription_id AS subscriptions_stripe_subscription_id, subscriptions.current_period_end AS subscriptions_current_period_end, subscriptions.created_at AS subscriptions_created_at, subscriptions.updated_at AS subscriptions_updated_at \nFROM subscriptions \nWHERE subscriptions.user_id IN ($1::UUID)", "request_id": "f2c5aa3c-c7fa-446c-9ffe-8a6bfea7ac7c", "env": "development", "version": "1.1.0"}
2026-08-06 22:45:59,917 INFO sqlalchemy.engine.Engine [cached since 2.664s ago] (UUID('86a2cd83-52db-4f6b-9071-5f9a100c8b54'),)
{"level": "INFO", "logger": "sqlalchemy.engine.Engine", "message": "[cached since 2.664s ago] (UUID('86a2cd83-52db-4f6b-9071-5f9a100c8b54'),)", "request_id": "f2c5aa3c-c7fa-446c-9ffe-8a6bfea7ac7c", "env": "development", "version": "1.1.0"}
2026-08-06 22:45:59,922 INFO sqlalchemy.engine.Engine SELECT plans.id AS plans_id, plans.code AS plans_code, plans.name AS plans_name, plans.description AS plans_description, plans.property_limit AS plans_property_limit, plans.price_monthly_cents AS plans_price_monthly_cents, plans.stripe_price_id AS plans_stripe_price_id, plans.features AS plans_features, plans.created_at AS plans_created_at, plans.updated_at AS plans_updated_at 
FROM plans 
WHERE plans.id IN ($1::UUID)
{"level": "INFO", "logger": "sqlalchemy.engine.Engine", "message": "SELECT plans.id AS plans_id, plans.code AS plans_code, plans.name AS plans_name, plans.description AS plans_description, plans.property_limit AS plans_property_limit, plans.price_monthly_cents AS plans_price_monthly_cents, plans.stripe_price_id AS plans_stripe_price_id, plans.features AS plans_features, plans.created_at AS plans_created_at, plans.updated_at AS plans_updated_at \nFROM plans \nWHERE plans.id IN ($1::UUID)", "request_id": "f2c5aa3c-c7fa-446c-9ffe-8a6bfea7ac7c", "env": "development", "version": "1.1.0"}
2026-08-06 22:45:59,922 INFO sqlalchemy.engine.Engine [cached since 2.664s ago] (UUID('143a89e6-c3d0-4d94-9d43-e062122d2f17'),)
{"level": "INFO", "logger": "sqlalchemy.engine.Engine", "message": "[cached since 2.664s ago] (UUID('143a89e6-c3d0-4d94-9d43-e062122d2f17'),)", "request_id": "f2c5aa3c-c7fa-446c-9ffe-8a6bfea7ac7c", "env": "development", "version": "1.1.0"}
2026-08-06 22:45:59,924 INFO sqlalchemy.engine.Engine SELECT count(*) AS count_1 
FROM usage_events 
WHERE usage_events.user_id = $1::UUID AND usage_events.event_type = $2::VARCHAR AND usage_events.created_at >= $3::TIMESTAMP WITH TIME ZONE
{"level": "INFO", "logger": "sqlalchemy.engine.Engine", "message": "SELECT count(*) AS count_1 \nFROM usage_events \nWHERE usage_events.user_id = $1::UUID AND usage_events.event_type = $2::VARCHAR AND usage_events.created_at >= $3::TIMESTAMP WITH TIME ZONE", "request_id": "f2c5aa3c-c7fa-446c-9ffe-8a6bfea7ac7c", "env": "development", "version": "1.1.0"}
2026-08-06 22:45:59,924 INFO sqlalchemy.engine.Engine [cached since 1.047s ago] (UUID('86a2cd83-52db-4f6b-9071-5f9a100c8b54'), 'analysis', datetime.datetime(2026, 8, 1, 0, 0, tzinfo=datetime.timezone.utc))
{"level": "INFO", "logger": "sqlalchemy.engine.Engine", "message": "[cached since 1.047s ago] (UUID('86a2cd83-52db-4f6b-9071-5f9a100c8b54'), 'analysis', datetime.datetime(2026, 8, 1, 0, 0, tzinfo=datetime.timezone.utc))", "request_id": "f2c5aa3c-c7fa-446c-9ffe-8a6bfea7ac7c", "env": "development", "version": "1.1.0"}
2026-08-06 22:45:59,925 INFO sqlalchemy.engine.Engine ROLLBACK
{"level": "INFO", "logger": "sqlalchemy.engine.Engine", "message": "ROLLBACK", "request_id": "f2c5aa3c-c7fa-446c-9ffe-8a6bfea7ac7c", "env": "development", "version": "1.1.0"}
{"level": "ERROR", "logger": "app.request", "message": "unhandled_error", "request_id": "f2c5aa3c-c7fa-446c-9ffe-8a6bfea7ac7c", "env": "development", "version": "1.1.0", "exc_info": "Traceback (most recent call last):\n  File \"/home/salman-mazhar/Drive/My project/airbnb-market-expert/airbnb-market-expert/apps/api/.venv/lib/python3.12/site-packages/sqlalchemy/dialects/postgresql/asyncpg.py\", line 526, in _prepare_and_execute\n    prepared_stmt, attributes = await adapt_connection._prepare(\n                                ^^^^^^^^^^^^^^^^^^^^^^^^^^^^^^^^\n  File \"/home/salman-mazhar/Drive/My project/airbnb-market-expert/airbnb-market-expert/apps/api/.venv/lib/python3.12/site-packages/sqlalchemy/dialects/postgresql/asyncpg.py\", line 773, in _prepare\n    prepared_stmt = await self._connection.prepare(\n                    ^^^^^^^^^^^^^^^^^^^^^^^^^^^^^^^\n  File \"/home/salman-mazhar/Drive/My project/airbnb-market-expert/airbnb-market-expert/apps/api/.venv/lib/python3.12/site-packages/asyncpg/connection.py\", line 638, in prepare\n    return await self._prepare(\n           ^^^^^^^^^^^^^^^^^^^^\n  File \"/home/salman-mazhar/Drive/My project/airbnb-market-expert/airbnb-market-expert/apps/api/.venv/lib/python3.12/site-packages/asyncpg/connection.py\", line 657, in _prepare\n    stmt = await self._get_statement(\n           ^^^^^^^^^^^^^^^^^^^^^^^^^^\n  File \"/home/salman-mazhar/Drive/My project/airbnb-market-expert/airbnb-market-expert/apps/api/.venv/lib/python3.12/site-packages/asyncpg/connection.py\", line 443, in _get_statement\n    statement = await self._protocol.prepare(\n                ^^^^^^^^^^^^^^^^^^^^^^^^^^^^^\n  File \"asyncpg/protocol/protocol.pyx\", line 165, in prepare\nasyncpg.exceptions.UndefinedTableError: relation \"usage_events\" does not exist\n\nThe above exception was the direct cause of the following exception:\n\nTraceback (most recent call last):\n  File \"/home/salman-mazhar/Drive/My project/airbnb-market-expert/airbnb-market-expert/apps/api/.venv/lib/python3.12/site-packages/sqlalchemy/engine/base.py\", line 1969, in _exec_single_context\n    self.dialect.do_execute(\n  File \"/home/salman-mazhar/Drive/My project/airbnb-market-expert/airbnb-market-expert/apps/api/.venv/lib/python3.12/site-packages/sqlalchemy/engine/default.py\", line 952, in do_execute\n    cursor.execute(statement, parameters)\n  File \"/home/salman-mazhar/Drive/My project/airbnb-market-expert/airbnb-market-expert/apps/api/.venv/lib/python3.12/site-packages/sqlalchemy/dialects/postgresql/asyncpg.py\", line 585, in execute\n    self._adapt_connection.await_(\n  File \"/home/salman-mazhar/Drive/My project/airbnb-market-expert/airbnb-market-expert/apps/api/.venv/lib/python3.12/site-packages/sqlalchemy/util/_concurrency_py3k.py\", line 132, in await_only\n    return current.parent.switch(awaitable)  # type: ignore[no-any-return,attr-defined] # noqa: E501\n           ^^^^^^^^^^^^^^^^^^^^^^^^^^^^^^^^\n  File \"/home/salman-mazhar/Drive/My project/airbnb-market-expert/airbnb-market-expert/apps/api/.venv/lib/python3.12/site-packages/sqlalchemy/util/_concurrency_py3k.py\", line 196, in greenlet_spawn\n    value = await result\n            ^^^^^^^^^^^^\n  File \"/home/salman-mazhar/Drive/My project/airbnb-market-expert/airbnb-market-expert/apps/api/.venv/lib/python3.12/site-packages/sqlalchemy/dialects/postgresql/asyncpg.py\", line 563, in _prepare_and_execute\n    self._handle_exception(error)\n  File \"/home/salman-mazhar/Drive/My project/airbnb-market-expert/airbnb-market-expert/apps/api/.venv/lib/python3.12/site-packages/sqlalchemy/dialects/postgresql/asyncpg.py\", line 513, in _handle_exception\n    self._adapt_connection._handle_exception(error)\n  File \"/home/salman-mazhar/Drive/My project/airbnb-market-expert/airbnb-market-expert/apps/api/.venv/lib/python3.12/site-packages/sqlalchemy/dialects/postgresql/asyncpg.py\", line 797, in _handle_exception\n    raise translated_error from error\nsqlalchemy.dialects.postgresql.asyncpg.AsyncAdapt_asyncpg_dbapi.ProgrammingError: <class 'asyncpg.exceptions.UndefinedTableError'>: relation \"usage_events\" does not exist\n\nThe above exception was the direct cause of the following exception:\n\nTraceback (most recent call last):\n  File \"/home/salman-mazhar/Drive/My project/airbnb-market-expert/airbnb-market-expert/apps/api/app/core/middleware.py\", line 19, in dispatch\n    response = await call_next(request)\n               ^^^^^^^^^^^^^^^^^^^^^^^^\n  File \"/home/salman-mazhar/Drive/My project/airbnb-market-expert/airbnb-market-expert/apps/api/.venv/lib/python3.12/site-packages/starlette/middleware/base.py\", line 168, in call_next\n    raise app_exc from app_exc.__cause__ or app_exc.__context__\n  File \"/home/salman-mazhar/Drive/My project/airbnb-market-expert/airbnb-market-expert/apps/api/.venv/lib/python3.12/site-packages/starlette/middleware/base.py\", line 144, in coro\n    await self.app(scope, receive_or_disconnect, send_no_error)\n  File \"/home/salman-mazhar/Drive/My project/airbnb-market-expert/airbnb-market-expert/apps/api/.venv/lib/python3.12/site-packages/starlette/middleware/base.py\", line 193, in __call__\n    response = await self.dispatch_func(request, call_next)\n               ^^^^^^^^^^^^^^^^^^^^^^^^^^^^^^^^^^^^^^^^^^^^\n  File \"/home/salman-mazhar/Drive/My project/airbnb-market-expert/airbnb-market-expert/apps/api/app/core/rate_limit.py\", line 81, in dispatch\n    return await call_next(request)\n           ^^^^^^^^^^^^^^^^^^^^^^^^\n  File \"/home/salman-mazhar/Drive/My project/airbnb-market-expert/airbnb-market-expert/apps/api/.venv/lib/python3.12/site-packages/starlette/middleware/base.py\", line 168, in call_next\n    raise app_exc from app_exc.__cause__ or app_exc.__context__\n  File \"/home/salman-mazhar/Drive/My project/airbnb-market-expert/airbnb-market-expert/apps/api/.venv/lib/python3.12/site-packages/starlette/middleware/base.py\", line 144, in coro\n    await self.app(scope, receive_or_disconnect, send_no_error)\n  File \"/home/salman-mazhar/Drive/My project/airbnb-market-expert/airbnb-market-expert/apps/api/.venv/lib/python3.12/site-packages/starlette/middleware/exceptions.py\", line 63, in __call__\n    await wrap_app_handling_exceptions(self.app, conn)(scope, receive, send)\n  File \"/home/salman-mazhar/Drive/My project/airbnb-market-expert/airbnb-market-expert/apps/api/.venv/lib/python3.12/site-packages/starlette/_exception_handler.py\", line 53, in wrapped_app\n    raise exc\n  File \"/home/salman-mazhar/Drive/My project/airbnb-market-expert/airbnb-market-expert/apps/api/.venv/lib/python3.12/site-packages/starlette/_exception_handler.py\", line 42, in wrapped_app\n    await app(scope, receive, sender)\n  File \"/home/salman-mazhar/Drive/My project/airbnb-market-expert/airbnb-market-expert/apps/api/.venv/lib/python3.12/site-packages/fastapi/middleware/asyncexitstack.py\", line 18, in __call__\n    await self.app(scope, receive, send)\n  File \"/home/salman-mazhar/Drive/My project/airbnb-market-expert/airbnb-market-expert/apps/api/.venv/lib/python3.12/site-packages/starlette/routing.py\", line 660, in __call__\n    await self.middleware_stack(scope, receive, send)\n  File \"/home/salman-mazhar/Drive/My project/airbnb-market-expert/airbnb-market-expert/apps/api/.venv/lib/python3.12/site-packages/fastapi/routing.py\", line 2734, in app\n    await route.handle(scope, receive, send)\n  File \"/home/salman-mazhar/Drive/My project/airbnb-market-expert/airbnb-market-expert/apps/api/.venv/lib/python3.12/site-packages/fastapi/routing.py\", line 1780, in handle\n    await self.original_router.handle(scope, receive, send)\n  File \"/home/salman-mazhar/Drive/My project/airbnb-market-expert/airbnb-market-expert/apps/api/.venv/lib/python3.12/site-packages/fastapi/routing.py\", line 2789, in handle\n    await included_router._handle_selected(scope, receive, send)\n  File \"/home/salman-mazhar/Drive/My project/airbnb-market-expert/airbnb-market-expert/apps/api/.venv/lib/python3.12/site-packages/fastapi/routing.py\", line 1800, in _handle_selected\n    await original_route.handle(scope, receive, send)\n  File \"/home/salman-mazhar/Drive/My project/airbnb-market-expert/airbnb-market-expert/apps/api/.venv/lib/python3.12/site-packages/fastapi/routing.py\", line 1279, in handle\n    await app(scope, receive, send)\n  File \"/home/salman-mazhar/Drive/My project/airbnb-market-expert/airbnb-market-expert/apps/api/.venv/lib/python3.12/site-packages/fastapi/routing.py\", line 158, in app\n    await wrap_app_handling_exceptions(app, request)(scope, receive, send)\n  File \"/home/salman-mazhar/Drive/My project/airbnb-market-expert/airbnb-market-expert/apps/api/.venv/lib/python3.12/site-packages/starlette/_exception_handler.py\", line 53, in wrapped_app\n    raise exc\n  File \"/home/salman-mazhar/Drive/My project/airbnb-market-expert/airbnb-market-expert/apps/api/.venv/lib/python3.12/site-packages/starlette/_exception_handler.py\", line 42, in wrapped_app\n    await app(scope, receive, sender)\n  File \"/home/salman-mazhar/Drive/My project/airbnb-market-expert/airbnb-market-expert/apps/api/.venv/lib/python3.12/site-packages/fastapi/routing.py\", line 144, in app\n    response = await f(request)\n               ^^^^^^^^^^^^^^^^\n  File \"/home/salman-mazhar/Drive/My project/airbnb-market-expert/airbnb-market-expert/apps/api/.venv/lib/python3.12/site-packages/fastapi/routing.py\", line 706, in app\n    raw_response = await run_endpoint_function(\n                   ^^^^^^^^^^^^^^^^^^^^^^^^^^^^\n  File \"/home/salman-mazhar/Drive/My project/airbnb-market-expert/airbnb-market-expert/apps/api/.venv/lib/python3.12/site-packages/fastapi/routing.py\", line 352, in run_endpoint_function\n    return await dependant.call(**values)\n           ^^^^^^^^^^^^^^^^^^^^^^^^^^^^^^\n  File \"/home/salman-mazhar/Drive/My project/airbnb-market-expert/airbnb-market-expert/apps/api/app/modules/billing/router.py\", line 173, in usage_summary\n    analyses_this_month=await count_usage(db, user.id, \"analysis\", month_start()),\n                        ^^^^^^^^^^^^^^^^^^^^^^^^^^^^^^^^^^^^^^^^^^^^^^^^^^^^^^^^^\n  File \"/home/salman-mazhar/Drive/My project/airbnb-market-expert/airbnb-market-expert/apps/api/app/core/entitlements.py\", line 71, in count_usage\n    result = await db.scalar(\n             ^^^^^^^^^^^^^^^^\n  File \"/home/salman-mazhar/Drive/My project/airbnb-market-expert/airbnb-market-expert/apps/api/.venv/lib/python3.12/site-packages/sqlalchemy/ext/asyncio/session.py\", line 504, in scalar\n    return await greenlet_spawn(\n           ^^^^^^^^^^^^^^^^^^^^^\n  File \"/home/salman-mazhar/Drive/My project/airbnb-market-expert/airbnb-market-expert/apps/api/.venv/lib/python3.12/site-packages/sqlalchemy/util/_concurrency_py3k.py\", line 201, in greenlet_spawn\n    result = context.throw(*sys.exc_info())\n             ^^^^^^^^^^^^^^^^^^^^^^^^^^^^^^\n  File \"/home/salman-mazhar/Drive/My project/airbnb-market-expert/airbnb-market-expert/apps/api/.venv/lib/python3.12/site-packages/sqlalchemy/orm/session.py\", line 2421, in scalar\n    return self._execute_internal(\n           ^^^^^^^^^^^^^^^^^^^^^^^\n  File \"/home/salman-mazhar/Drive/My project/airbnb-market-expert/airbnb-market-expert/apps/api/.venv/lib/python3.12/site-packages/sqlalchemy/orm/session.py\", line 2271, in _execute_internal\n    result: Result[Any] = compile_state_cls.orm_execute_statement(\n                          ^^^^^^^^^^^^^^^^^^^^^^^^^^^^^^^^^^^^^^^^\n  File \"/home/salman-mazhar/Drive/My project/airbnb-market-expert/airbnb-market-expert/apps/api/.venv/lib/python3.12/site-packages/sqlalchemy/orm/context.py\", line 306, in orm_execute_statement\n    result = conn.execute(\n             ^^^^^^^^^^^^^\n  File \"/home/salman-mazhar/Drive/My project/airbnb-market-expert/airbnb-market-expert/apps/api/.venv/lib/python3.12/site-packages/sqlalchemy/engine/base.py\", line 1421, in execute\n    return meth(\n           ^^^^^\n  File \"/home/salman-mazhar/Drive/My project/airbnb-market-expert/airbnb-market-expert/apps/api/.venv/lib/python3.12/site-packages/sqlalchemy/sql/elements.py\", line 526, in _execute_on_connection\n    return connection._execute_clauseelement(\n           ^^^^^^^^^^^^^^^^^^^^^^^^^^^^^^^^^^\n  File \"/home/salman-mazhar/Drive/My project/airbnb-market-expert/airbnb-market-expert/apps/api/.venv/lib/python3.12/site-packages/sqlalchemy/engine/base.py\", line 1643, in _execute_clauseelement\n    ret = self._execute_context(\n          ^^^^^^^^^^^^^^^^^^^^^^\n  File \"/home/salman-mazhar/Drive/My project/airbnb-market-expert/airbnb-market-expert/apps/api/.venv/lib/python3.12/site-packages/sqlalchemy/engine/base.py\", line 1848, in _execute_context\n    return self._exec_single_context(\n           ^^^^^^^^^^^^^^^^^^^^^^^^^^\n  File \"/home/salman-mazhar/Drive/My project/airbnb-market-expert/airbnb-market-expert/apps/api/.venv/lib/python3.12/site-packages/sqlalchemy/engine/base.py\", line 1988, in _exec_single_context\n    self._handle_dbapi_exception(\n  File \"/home/salman-mazhar/Drive/My project/airbnb-market-expert/airbnb-market-expert/apps/api/.venv/lib/python3.12/site-packages/sqlalchemy/engine/base.py\", line 2365, in _handle_dbapi_exception\n    raise sqlalchemy_exception.with_traceback(exc_info[2]) from e\n  File \"/home/salman-mazhar/Drive/My project/airbnb-market-expert/airbnb-market-expert/apps/api/.venv/lib/python3.12/site-packages/sqlalchemy/engine/base.py\", line 1969, in _exec_single_context\n    self.dialect.do_execute(\n  File \"/home/salman-mazhar/Drive/My project/airbnb-market-expert/airbnb-market-expert/apps/api/.venv/lib/python3.12/site-packages/sqlalchemy/engine/default.py\", line 952, in do_execute\n    cursor.execute(statement, parameters)\n  File \"/home/salman-mazhar/Drive/My project/airbnb-market-expert/airbnb-market-expert/apps/api/.venv/lib/python3.12/site-packages/sqlalchemy/dialects/postgresql/asyncpg.py\", line 585, in execute\n    self._adapt_connection.await_(\n  File \"/home/salman-mazhar/Drive/My project/airbnb-market-expert/airbnb-market-expert/apps/api/.venv/lib/python3.12/site-packages/sqlalchemy/util/_concurrency_py3k.py\", line 132, in await_only\n    return current.parent.switch(awaitable)  # type: ignore[no-any-return,attr-defined] # noqa: E501\n           ^^^^^^^^^^^^^^^^^^^^^^^^^^^^^^^^\n  File \"/home/salman-mazhar/Drive/My project/airbnb-market-expert/airbnb-market-expert/apps/api/.venv/lib/python3.12/site-packages/sqlalchemy/util/_concurrency_py3k.py\", line 196, in greenlet_spawn\n    value = await result\n            ^^^^^^^^^^^^\n  File \"/home/salman-mazhar/Drive/My project/airbnb-market-expert/airbnb-market-expert/apps/api/.venv/lib/python3.12/site-packages/sqlalchemy/dialects/postgresql/asyncpg.py\", line 563, in _prepare_and_execute\n    self._handle_exception(error)\n  File \"/home/salman-mazhar/Drive/My project/airbnb-market-expert/airbnb-market-expert/apps/api/.venv/lib/python3.12/site-packages/sqlalchemy/dialects/postgresql/asyncpg.py\", line 513, in _handle_exception\n    self._adapt_connection._handle_exception(error)\n  File \"/home/salman-mazhar/Drive/My project/airbnb-market-expert/airbnb-market-expert/apps/api/.venv/lib/python3.12/site-packages/sqlalchemy/dialects/postgresql/asyncpg.py\", line 797, in _handle_exception\n    raise translated_error from error\nsqlalchemy.exc.ProgrammingError: (sqlalchemy.dialects.postgresql.asyncpg.ProgrammingError) <class 'asyncpg.exceptions.UndefinedTableError'>: relation \"usage_events\" does not exist\n[SQL: SELECT count(*) AS count_1 \nFROM usage_events \nWHERE usage_events.user_id = $1::UUID AND usage_events.event_type = $2::VARCHAR AND usage_events.created_at >= $3::TIMESTAMP WITH TIME ZONE]\n[parameters: (UUID('86a2cd83-52db-4f6b-9071-5f9a100c8b54'), 'analysis', datetime.datetime(2026, 8, 1, 0, 0, tzinfo=datetime.timezone.utc))]\n(Background on this error at: https://sqlalche.me/e/20/f405)", "path": "/v1/billing/usage", "method": "GET"}
INFO:     127.0.0.1:45474 - "GET /v1/billing/usage HTTP/1.1" 500 Internal Server Error
ERROR:    Exception in ASGI application
Traceback (most recent call last):
  File "/home/salman-mazhar/Drive/My project/airbnb-market-expert/airbnb-market-expert/apps/api/.venv/lib/python3.12/site-packages/sqlalchemy/dialects/postgresql/asyncpg.py", line 526, in _prepare_and_execute
    prepared_stmt, attributes = await adapt_connection._prepare(
                                ^^^^^^^^^^^^^^^^^^^^^^^^^^^^^^^^
  File "/home/salman-mazhar/Drive/My project/airbnb-market-expert/airbnb-market-expert/apps/api/.venv/lib/python3.12/site-packages/sqlalchemy/dialects/postgresql/asyncpg.py", line 773, in _prepare
    prepared_stmt = await self._connection.prepare(
                    ^^^^^^^^^^^^^^^^^^^^^^^^^^^^^^^
  File "/home/salman-mazhar/Drive/My project/airbnb-market-expert/airbnb-market-expert/apps/api/.venv/lib/python3.12/site-packages/asyncpg/connection.py", line 638, in prepare
    return await self._prepare(
           ^^^^^^^^^^^^^^^^^^^^
  File "/home/salman-mazhar/Drive/My project/airbnb-market-expert/airbnb-market-expert/apps/api/.venv/lib/python3.12/site-packages/asyncpg/connection.py", line 657, in _prepare
    stmt = await self._get_statement(
           ^^^^^^^^^^^^^^^^^^^^^^^^^^
  File "/home/salman-mazhar/Drive/My project/airbnb-market-expert/airbnb-market-expert/apps/api/.venv/lib/python3.12/site-packages/asyncpg/connection.py", line 443, in _get_statement
    statement = await self._protocol.prepare(
                ^^^^^^^^^^^^^^^^^^^^^^^^^^^^^
  File "asyncpg/protocol/protocol.pyx", line 165, in prepare
asyncpg.exceptions.UndefinedTableError: relation "usage_events" does not exist

The above exception was the direct cause of the following exception:

Traceback (most recent call last):
  File "/home/salman-mazhar/Drive/My project/airbnb-market-expert/airbnb-market-expert/apps/api/.venv/lib/python3.12/site-packages/sqlalchemy/engine/base.py", line 1969, in _exec_single_context
    self.dialect.do_execute(
  File "/home/salman-mazhar/Drive/My project/airbnb-market-expert/airbnb-market-expert/apps/api/.venv/lib/python3.12/site-packages/sqlalchemy/engine/default.py", line 952, in do_execute
    cursor.execute(statement, parameters)
  File "/home/salman-mazhar/Drive/My project/airbnb-market-expert/airbnb-market-expert/apps/api/.venv/lib/python3.12/site-packages/sqlalchemy/dialects/postgresql/asyncpg.py", line 585, in execute
    self._adapt_connection.await_(
  File "/home/salman-mazhar/Drive/My project/airbnb-market-expert/airbnb-market-expert/apps/api/.venv/lib/python3.12/site-packages/sqlalchemy/util/_concurrency_py3k.py", line 132, in await_only
    return current.parent.switch(awaitable)  # type: ignore[no-any-return,attr-defined] # noqa: E501
           ^^^^^^^^^^^^^^^^^^^^^^^^^^^^^^^^
  File "/home/salman-mazhar/Drive/My project/airbnb-market-expert/airbnb-market-expert/apps/api/.venv/lib/python3.12/site-packages/sqlalchemy/util/_concurrency_py3k.py", line 196, in greenlet_spawn
    value = await result
            ^^^^^^^^^^^^
  File "/home/salman-mazhar/Drive/My project/airbnb-market-expert/airbnb-market-expert/apps/api/.venv/lib/python3.12/site-packages/sqlalchemy/dialects/postgresql/asyncpg.py", line 563, in _prepare_and_execute
    self._handle_exception(error)
  File "/home/salman-mazhar/Drive/My project/airbnb-market-expert/airbnb-market-expert/apps/api/.venv/lib/python3.12/site-packages/sqlalchemy/dialects/postgresql/asyncpg.py", line 513, in _handle_exception
    self._adapt_connection._handle_exception(error)
  File "/home/salman-mazhar/Drive/My project/airbnb-market-expert/airbnb-market-expert/apps/api/.venv/lib/python3.12/site-packages/sqlalchemy/dialects/postgresql/asyncpg.py", line 797, in _handle_exception
    raise translated_error from error
sqlalchemy.dialects.postgresql.asyncpg.AsyncAdapt_asyncpg_dbapi.ProgrammingError: <class 'asyncpg.exceptions.UndefinedTableError'>: relation "usage_events" does not exist

The above exception was the direct cause of the following exception:

Traceback (most recent call last):
  File "/home/salman-mazhar/Drive/My project/airbnb-market-expert/airbnb-market-expert/apps/api/.venv/lib/python3.12/site-packages/uvicorn/protocols/http/h11_impl.py", line 416, in run_asgi
    result = await app(  # type: ignore[func-returns-value]
             ^^^^^^^^^^^^^^^^^^^^^^^^^^^^^^^^^^^^^^^^^^^^^^
  File "/home/salman-mazhar/Drive/My project/airbnb-market-expert/airbnb-market-expert/apps/api/.venv/lib/python3.12/site-packages/uvicorn/middleware/proxy_headers.py", line 63, in __call__
    return await self.app(scope, receive, send)
           ^^^^^^^^^^^^^^^^^^^^^^^^^^^^^^^^^^^^
  File "/home/salman-mazhar/Drive/My project/airbnb-market-expert/airbnb-market-expert/apps/api/.venv/lib/python3.12/site-packages/fastapi/applications.py", line 1163, in __call__
    await super().__call__(scope, receive, send)
  File "/home/salman-mazhar/Drive/My project/airbnb-market-expert/airbnb-market-expert/apps/api/.venv/lib/python3.12/site-packages/starlette/applications.py", line 90, in __call__
    await self.middleware_stack(scope, receive, send)
  File "/home/salman-mazhar/Drive/My project/airbnb-market-expert/airbnb-market-expert/apps/api/.venv/lib/python3.12/site-packages/starlette/middleware/errors.py", line 186, in __call__
    raise exc
  File "/home/salman-mazhar/Drive/My project/airbnb-market-expert/airbnb-market-expert/apps/api/.venv/lib/python3.12/site-packages/starlette/middleware/errors.py", line 164, in __call__
    await self.app(scope, receive, _send)
  File "/home/salman-mazhar/Drive/My project/airbnb-market-expert/airbnb-market-expert/apps/api/.venv/lib/python3.12/site-packages/starlette/middleware/cors.py", line 96, in __call__
    await self.simple_response(scope, receive, send, request_headers=headers)
  File "/home/salman-mazhar/Drive/My project/airbnb-market-expert/airbnb-market-expert/apps/api/.venv/lib/python3.12/site-packages/starlette/middleware/cors.py", line 154, in simple_response
    await self.app(scope, receive, send)
  File "/home/salman-mazhar/Drive/My project/airbnb-market-expert/airbnb-market-expert/apps/api/.venv/lib/python3.12/site-packages/starlette/middleware/base.py", line 193, in __call__
    response = await self.dispatch_func(request, call_next)
               ^^^^^^^^^^^^^^^^^^^^^^^^^^^^^^^^^^^^^^^^^^^^
  File "/home/salman-mazhar/Drive/My project/airbnb-market-expert/airbnb-market-expert/apps/api/app/core/middleware.py", line 19, in dispatch
    response = await call_next(request)
               ^^^^^^^^^^^^^^^^^^^^^^^^
  File "/home/salman-mazhar/Drive/My project/airbnb-market-expert/airbnb-market-expert/apps/api/.venv/lib/python3.12/site-packages/starlette/middleware/base.py", line 168, in call_next
    raise app_exc from app_exc.__cause__ or app_exc.__context__
  File "/home/salman-mazhar/Drive/My project/airbnb-market-expert/airbnb-market-expert/apps/api/.venv/lib/python3.12/site-packages/starlette/middleware/base.py", line 144, in coro
    await self.app(scope, receive_or_disconnect, send_no_error)
  File "/home/salman-mazhar/Drive/My project/airbnb-market-expert/airbnb-market-expert/apps/api/.venv/lib/python3.12/site-packages/starlette/middleware/base.py", line 193, in __call__
    response = await self.dispatch_func(request, call_next)
               ^^^^^^^^^^^^^^^^^^^^^^^^^^^^^^^^^^^^^^^^^^^^
  File "/home/salman-mazhar/Drive/My project/airbnb-market-expert/airbnb-market-expert/apps/api/app/core/rate_limit.py", line 81, in dispatch
    return await call_next(request)
           ^^^^^^^^^^^^^^^^^^^^^^^^
  File "/home/salman-mazhar/Drive/My project/airbnb-market-expert/airbnb-market-expert/apps/api/.venv/lib/python3.12/site-packages/starlette/middleware/base.py", line 168, in call_next
    raise app_exc from app_exc.__cause__ or app_exc.__context__
  File "/home/salman-mazhar/Drive/My project/airbnb-market-expert/airbnb-market-expert/apps/api/.venv/lib/python3.12/site-packages/starlette/middleware/base.py", line 144, in coro
    await self.app(scope, receive_or_disconnect, send_no_error)
  File "/home/salman-mazhar/Drive/My project/airbnb-market-expert/airbnb-market-expert/apps/api/.venv/lib/python3.12/site-packages/starlette/middleware/exceptions.py", line 63, in __call__
    await wrap_app_handling_exceptions(self.app, conn)(scope, receive, send)
  File "/home/salman-mazhar/Drive/My project/airbnb-market-expert/airbnb-market-expert/apps/api/.venv/lib/python3.12/site-packages/starlette/_exception_handler.py", line 53, in wrapped_app
    raise exc
  File "/home/salman-mazhar/Drive/My project/airbnb-market-expert/airbnb-market-expert/apps/api/.venv/lib/python3.12/site-packages/starlette/_exception_handler.py", line 42, in wrapped_app
    await app(scope, receive, sender)
  File "/home/salman-mazhar/Drive/My project/airbnb-market-expert/airbnb-market-expert/apps/api/.venv/lib/python3.12/site-packages/fastapi/middleware/asyncexitstack.py", line 18, in __call__
    await self.app(scope, receive, send)
  File "/home/salman-mazhar/Drive/My project/airbnb-market-expert/airbnb-market-expert/apps/api/.venv/lib/python3.12/site-packages/starlette/routing.py", line 660, in __call__
    await self.middleware_stack(scope, receive, send)
  File "/home/salman-mazhar/Drive/My project/airbnb-market-expert/airbnb-market-expert/apps/api/.venv/lib/python3.12/site-packages/fastapi/routing.py", line 2734, in app
    await route.handle(scope, receive, send)
  File "/home/salman-mazhar/Drive/My project/airbnb-market-expert/airbnb-market-expert/apps/api/.venv/lib/python3.12/site-packages/fastapi/routing.py", line 1780, in handle
    await self.original_router.handle(scope, receive, send)
  File "/home/salman-mazhar/Drive/My project/airbnb-market-expert/airbnb-market-expert/apps/api/.venv/lib/python3.12/site-packages/fastapi/routing.py", line 2789, in handle
    await included_router._handle_selected(scope, receive, send)
  File "/home/salman-mazhar/Drive/My project/airbnb-market-expert/airbnb-market-expert/apps/api/.venv/lib/python3.12/site-packages/fastapi/routing.py", line 1800, in _handle_selected
    await original_route.handle(scope, receive, send)
  File "/home/salman-mazhar/Drive/My project/airbnb-market-expert/airbnb-market-expert/apps/api/.venv/lib/python3.12/site-packages/fastapi/routing.py", line 1279, in handle
    await app(scope, receive, send)
  File "/home/salman-mazhar/Drive/My project/airbnb-market-expert/airbnb-market-expert/apps/api/.venv/lib/python3.12/site-packages/fastapi/routing.py", line 158, in app
    await wrap_app_handling_exceptions(app, request)(scope, receive, send)
  File "/home/salman-mazhar/Drive/My project/airbnb-market-expert/airbnb-market-expert/apps/api/.venv/lib/python3.12/site-packages/starlette/_exception_handler.py", line 53, in wrapped_app
    raise exc
  File "/home/salman-mazhar/Drive/My project/airbnb-market-expert/airbnb-market-expert/apps/api/.venv/lib/python3.12/site-packages/starlette/_exception_handler.py", line 42, in wrapped_app
    await app(scope, receive, sender)
  File "/home/salman-mazhar/Drive/My project/airbnb-market-expert/airbnb-market-expert/apps/api/.venv/lib/python3.12/site-packages/fastapi/routing.py", line 144, in app
    response = await f(request)
               ^^^^^^^^^^^^^^^^
  File "/home/salman-mazhar/Drive/My project/airbnb-market-expert/airbnb-market-expert/apps/api/.venv/lib/python3.12/site-packages/fastapi/routing.py", line 706, in app
    raw_response = await run_endpoint_function(
                   ^^^^^^^^^^^^^^^^^^^^^^^^^^^^
  File "/home/salman-mazhar/Drive/My project/airbnb-market-expert/airbnb-market-expert/apps/api/.venv/lib/python3.12/site-packages/fastapi/routing.py", line 352, in run_endpoint_function
    return await dependant.call(**values)
           ^^^^^^^^^^^^^^^^^^^^^^^^^^^^^^
  File "/home/salman-mazhar/Drive/My project/airbnb-market-expert/airbnb-market-expert/apps/api/app/modules/billing/router.py", line 173, in usage_summary
    analyses_this_month=await count_usage(db, user.id, "analysis", month_start()),
                        ^^^^^^^^^^^^^^^^^^^^^^^^^^^^^^^^^^^^^^^^^^^^^^^^^^^^^^^^^
  File "/home/salman-mazhar/Drive/My project/airbnb-market-expert/airbnb-market-expert/apps/api/app/core/entitlements.py", line 71, in count_usage
    result = await db.scalar(
             ^^^^^^^^^^^^^^^^
  File "/home/salman-mazhar/Drive/My project/airbnb-market-expert/airbnb-market-expert/apps/api/.venv/lib/python3.12/site-packages/sqlalchemy/ext/asyncio/session.py", line 504, in scalar
    return await greenlet_spawn(
           ^^^^^^^^^^^^^^^^^^^^^
  File "/home/salman-mazhar/Drive/My project/airbnb-market-expert/airbnb-market-expert/apps/api/.venv/lib/python3.12/site-packages/sqlalchemy/util/_concurrency_py3k.py", line 201, in greenlet_spawn
    result = context.throw(*sys.exc_info())
             ^^^^^^^^^^^^^^^^^^^^^^^^^^^^^^
  File "/home/salman-mazhar/Drive/My project/airbnb-market-expert/airbnb-market-expert/apps/api/.venv/lib/python3.12/site-packages/sqlalchemy/orm/session.py", line 2421, in scalar
    return self._execute_internal(
           ^^^^^^^^^^^^^^^^^^^^^^^
  File "/home/salman-mazhar/Drive/My project/airbnb-market-expert/airbnb-market-expert/apps/api/.venv/lib/python3.12/site-packages/sqlalchemy/orm/session.py", line 2271, in _execute_internal
    result: Result[Any] = compile_state_cls.orm_execute_statement(
                          ^^^^^^^^^^^^^^^^^^^^^^^^^^^^^^^^^^^^^^^^
  File "/home/salman-mazhar/Drive/My project/airbnb-market-expert/airbnb-market-expert/apps/api/.venv/lib/python3.12/site-packages/sqlalchemy/orm/context.py", line 306, in orm_execute_statement
    result = conn.execute(
             ^^^^^^^^^^^^^
  File "/home/salman-mazhar/Drive/My project/airbnb-market-expert/airbnb-market-expert/apps/api/.venv/lib/python3.12/site-packages/sqlalchemy/engine/base.py", line 1421, in execute
    return meth(
           ^^^^^
  File "/home/salman-mazhar/Drive/My project/airbnb-market-expert/airbnb-market-expert/apps/api/.venv/lib/python3.12/site-packages/sqlalchemy/sql/elements.py", line 526, in _execute_on_connection
    return connection._execute_clauseelement(
           ^^^^^^^^^^^^^^^^^^^^^^^^^^^^^^^^^^
  File "/home/salman-mazhar/Drive/My project/airbnb-market-expert/airbnb-market-expert/apps/api/.venv/lib/python3.12/site-packages/sqlalchemy/engine/base.py", line 1643, in _execute_clauseelement
    ret = self._execute_context(
          ^^^^^^^^^^^^^^^^^^^^^^
  File "/home/salman-mazhar/Drive/My project/airbnb-market-expert/airbnb-market-expert/apps/api/.venv/lib/python3.12/site-packages/sqlalchemy/engine/base.py", line 1848, in _execute_context
    return self._exec_single_context(
           ^^^^^^^^^^^^^^^^^^^^^^^^^^
  File "/home/salman-mazhar/Drive/My project/airbnb-market-expert/airbnb-market-expert/apps/api/.venv/lib/python3.12/site-packages/sqlalchemy/engine/base.py", line 1988, in _exec_single_context
    self._handle_dbapi_exception(
  File "/home/salman-mazhar/Drive/My project/airbnb-market-expert/airbnb-market-expert/apps/api/.venv/lib/python3.12/site-packages/sqlalchemy/engine/base.py", line 2365, in _handle_dbapi_exception
    raise sqlalchemy_exception.with_traceback(exc_info[2]) from e
  File "/home/salman-mazhar/Drive/My project/airbnb-market-expert/airbnb-market-expert/apps/api/.venv/lib/python3.12/site-packages/sqlalchemy/engine/base.py", line 1969, in _exec_single_context
    self.dialect.do_execute(
  File "/home/salman-mazhar/Drive/My project/airbnb-market-expert/airbnb-market-expert/apps/api/.venv/lib/python3.12/site-packages/sqlalchemy/engine/default.py", line 952, in do_execute
    cursor.execute(statement, parameters)
  File "/home/salman-mazhar/Drive/My project/airbnb-market-expert/airbnb-market-expert/apps/api/.venv/lib/python3.12/site-packages/sqlalchemy/dialects/postgresql/asyncpg.py", line 585, in execute
    self._adapt_connection.await_(
  File "/home/salman-mazhar/Drive/My project/airbnb-market-expert/airbnb-market-expert/apps/api/.venv/lib/python3.12/site-packages/sqlalchemy/util/_concurrency_py3k.py", line 132, in await_only
    return current.parent.switch(awaitable)  # type: ignore[no-any-return,attr-defined] # noqa: E501
           ^^^^^^^^^^^^^^^^^^^^^^^^^^^^^^^^
  File "/home/salman-mazhar/Drive/My project/airbnb-market-expert/airbnb-market-expert/apps/api/.venv/lib/python3.12/site-packages/sqlalchemy/util/_concurrency_py3k.py", line 196, in greenlet_spawn
    value = await result
            ^^^^^^^^^^^^
  File "/home/salman-mazhar/Drive/My project/airbnb-market-expert/airbnb-market-expert/apps/api/.venv/lib/python3.12/site-packages/sqlalchemy/dialects/postgresql/asyncpg.py", line 563, in _prepare_and_execute
    self._handle_exception(error)
  File "/home/salman-mazhar/Drive/My project/airbnb-market-expert/airbnb-market-expert/apps/api/.venv/lib/python3.12/site-packages/sqlalchemy/dialects/postgresql/asyncpg.py", line 513, in _handle_exception
    self._adapt_connection._handle_exception(error)
  File "/home/salman-mazhar/Drive/My project/airbnb-market-expert/airbnb-market-expert/apps/api/.venv/lib/python3.12/site-packages/sqlalchemy/dialects/postgresql/asyncpg.py", line 797, in _handle_exception
    raise translated_error from error
sqlalchemy.exc.ProgrammingError: (sqlalchemy.dialects.postgresql.asyncpg.ProgrammingError) <class 'asyncpg.exceptions.UndefinedTableError'>: relation "usage_events" does not exist
[SQL: SELECT count(*) AS count_1 
FROM usage_events 
WHERE usage_events.user_id = $1::UUID AND usage_events.event_type = $2::VARCHAR AND usage_events.created_at >= $3::TIMESTAMP WITH TIME ZONE]
[parameters: (UUID('86a2cd83-52db-4f6b-9071-5f9a100c8b54'), 'analysis', datetime.datetime(2026, 8, 1, 0, 0, tzinfo=datetime.timezone.utc))]
(Background on this error at: https://sqlalche.me/e/20/f405)
2026-08-06 22:46:36,749 INFO sqlalchemy.engine.Engine BEGIN (implicit)
{"level": "INFO", "logger": "sqlalchemy.engine.Engine", "message": "BEGIN (implicit)", "request_id": "646bd96e-92b6-4cee-8d8a-b8a23c710385", "env": "development", "version": "1.1.0"}
2026-08-06 22:46:36,749 INFO sqlalchemy.engine.Engine SELECT users.id, users.email, users.hashed_password, users.full_name, users.role, users.is_active, users.is_verified, users.stripe_customer_id, users.created_at, users.updated_at 
FROM users 
WHERE users.id = $1::UUID
{"level": "INFO", "logger": "sqlalchemy.engine.Engine", "message": "SELECT users.id, users.email, users.hashed_password, users.full_name, users.role, users.is_active, users.is_verified, users.stripe_customer_id, users.created_at, users.updated_at \nFROM users \nWHERE users.id = $1::UUID", "request_id": "646bd96e-92b6-4cee-8d8a-b8a23c710385", "env": "development", "version": "1.1.0"}
2026-08-06 22:46:36,749 INFO sqlalchemy.engine.Engine [cached since 39.5s ago] (UUID('86a2cd83-52db-4f6b-9071-5f9a100c8b54'),)
{"level": "INFO", "logger": "sqlalchemy.engine.Engine", "message": "[cached since 39.5s ago] (UUID('86a2cd83-52db-4f6b-9071-5f9a100c8b54'),)", "request_id": "646bd96e-92b6-4cee-8d8a-b8a23c710385", "env": "development", "version": "1.1.0"}
2026-08-06 22:46:36,751 INFO sqlalchemy.engine.Engine SELECT subscriptions.user_id AS subscriptions_user_id, subscriptions.id AS subscriptions_id, subscriptions.plan_id AS subscriptions_plan_id, subscriptions.status AS subscriptions_status, subscriptions.stripe_subscription_id AS subscriptions_stripe_subscription_id, subscriptions.current_period_end AS subscriptions_current_period_end, subscriptions.created_at AS subscriptions_created_at, subscriptions.updated_at AS subscriptions_updated_at 
FROM subscriptions 
WHERE subscriptions.user_id IN ($1::UUID)
{"level": "INFO", "logger": "sqlalchemy.engine.Engine", "message": "SELECT subscriptions.user_id AS subscriptions_user_id, subscriptions.id AS subscriptions_id, subscriptions.plan_id AS subscriptions_plan_id, subscriptions.status AS subscriptions_status, subscriptions.stripe_subscription_id AS subscriptions_stripe_subscription_id, subscriptions.current_period_end AS subscriptions_current_period_end, subscriptions.created_at AS subscriptions_created_at, subscriptions.updated_at AS subscriptions_updated_at \nFROM subscriptions \nWHERE subscriptions.user_id IN ($1::UUID)", "request_id": "646bd96e-92b6-4cee-8d8a-b8a23c710385", "env": "development", "version": "1.1.0"}
2026-08-06 22:46:36,751 INFO sqlalchemy.engine.Engine [cached since 39.5s ago] (UUID('86a2cd83-52db-4f6b-9071-5f9a100c8b54'),)
{"level": "INFO", "logger": "sqlalchemy.engine.Engine", "message": "[cached since 39.5s ago] (UUID('86a2cd83-52db-4f6b-9071-5f9a100c8b54'),)", "request_id": "646bd96e-92b6-4cee-8d8a-b8a23c710385", "env": "development", "version": "1.1.0"}
2026-08-06 22:46:36,752 INFO sqlalchemy.engine.Engine SELECT plans.id AS plans_id, plans.code AS plans_code, plans.name AS plans_name, plans.description AS plans_description, plans.property_limit AS plans_property_limit, plans.price_monthly_cents AS plans_price_monthly_cents, plans.stripe_price_id AS plans_stripe_price_id, plans.features AS plans_features, plans.created_at AS plans_created_at, plans.updated_at AS plans_updated_at 
FROM plans 
WHERE plans.id IN ($1::UUID)
{"level": "INFO", "logger": "sqlalchemy.engine.Engine", "message": "SELECT plans.id AS plans_id, plans.code AS plans_code, plans.name AS plans_name, plans.description AS plans_description, plans.property_limit AS plans_property_limit, plans.price_monthly_cents AS plans_price_monthly_cents, plans.stripe_price_id AS plans_stripe_price_id, plans.features AS plans_features, plans.created_at AS plans_created_at, plans.updated_at AS plans_updated_at \nFROM plans \nWHERE plans.id IN ($1::UUID)", "request_id": "646bd96e-92b6-4cee-8d8a-b8a23c710385", "env": "development", "version": "1.1.0"}
2026-08-06 22:46:36,752 INFO sqlalchemy.engine.Engine [cached since 39.49s ago] (UUID('143a89e6-c3d0-4d94-9d43-e062122d2f17'),)
{"level": "INFO", "logger": "sqlalchemy.engine.Engine", "message": "[cached since 39.49s ago] (UUID('143a89e6-c3d0-4d94-9d43-e062122d2f17'),)", "request_id": "646bd96e-92b6-4cee-8d8a-b8a23c710385", "env": "development", "version": "1.1.0"}
2026-08-06 22:46:36,754 INFO sqlalchemy.engine.Engine SELECT count(*) AS count_1 
FROM properties 
WHERE properties.user_id = $1::UUID AND properties.is_active IS true
{"level": "INFO", "logger": "sqlalchemy.engine.Engine", "message": "SELECT count(*) AS count_1 \nFROM properties \nWHERE properties.user_id = $1::UUID AND properties.is_active IS true", "request_id": "646bd96e-92b6-4cee-8d8a-b8a23c710385", "env": "development", "version": "1.1.0"}
2026-08-06 22:46:36,754 INFO sqlalchemy.engine.Engine [generated in 0.00015s] (UUID('86a2cd83-52db-4f6b-9071-5f9a100c8b54'),)
{"level": "INFO", "logger": "sqlalchemy.engine.Engine", "message": "[generated in 0.00015s] (UUID('86a2cd83-52db-4f6b-9071-5f9a100c8b54'),)", "request_id": "646bd96e-92b6-4cee-8d8a-b8a23c710385", "env": "development", "version": "1.1.0"}
2026-08-06 22:46:36,758 INFO sqlalchemy.engine.Engine INSERT INTO properties (id, user_id, title, property_type, building_type, floor_number, country, state, city, area, neighborhood, postal_code, latitude, longitude, bedrooms, bathrooms, beds, guests, square_feet, square_meters, cleaning_fee, extra_guest_fee, minimum_nights, maximum_nights, current_price, availability_notes, features, onboarding_step, onboarding_complete, is_active) VALUES ($1::UUID, $2::UUID, $3::VARCHAR, $4::propertytype, $5::VARCHAR, $6::INTEGER, $7::VARCHAR, $8::VARCHAR, $9::VARCHAR, $10::VARCHAR, $11::VARCHAR, $12::VARCHAR, $13::FLOAT, $14::FLOAT, $15::INTEGER, $16::FLOAT, $17::INTEGER, $18::INTEGER, $19::FLOAT, $20::FLOAT, $21::FLOAT, $22::FLOAT, $23::INTEGER, $24::INTEGER, $25::FLOAT, $26::VARCHAR, $27::JSONB, $28::INTEGER, $29::BOOLEAN, $30::BOOLEAN) RETURNING properties.created_at, properties.updated_at
{"level": "INFO", "logger": "sqlalchemy.engine.Engine", "message": "INSERT INTO properties (id, user_id, title, property_type, building_type, floor_number, country, state, city, area, neighborhood, postal_code, latitude, longitude, bedrooms, bathrooms, beds, guests, square_feet, square_meters, cleaning_fee, extra_guest_fee, minimum_nights, maximum_nights, current_price, availability_notes, features, onboarding_step, onboarding_complete, is_active) VALUES ($1::UUID, $2::UUID, $3::VARCHAR, $4::propertytype, $5::VARCHAR, $6::INTEGER, $7::VARCHAR, $8::VARCHAR, $9::VARCHAR, $10::VARCHAR, $11::VARCHAR, $12::VARCHAR, $13::FLOAT, $14::FLOAT, $15::INTEGER, $16::FLOAT, $17::INTEGER, $18::INTEGER, $19::FLOAT, $20::FLOAT, $21::FLOAT, $22::FLOAT, $23::INTEGER, $24::INTEGER, $25::FLOAT, $26::VARCHAR, $27::JSONB, $28::INTEGER, $29::BOOLEAN, $30::BOOLEAN) RETURNING properties.created_at, properties.updated_at", "request_id": "646bd96e-92b6-4cee-8d8a-b8a23c710385", "env": "development", "version": "1.1.0"}
2026-08-06 22:46:36,758 INFO sqlalchemy.engine.Engine [generated in 0.00040s] (UUID('c56a3f78-3748-4393-ba17-bef1f235af9d'), UUID('86a2cd83-52db-4f6b-9071-5f9a100c8b54'), 'First property', 'house', None, None, None, None, None, None, None, None, None, None, None, None, None, None, None, None, None, None, None, None, None, None, '{}', 1, False, True)
{"level": "INFO", "logger": "sqlalchemy.engine.Engine", "message": "[generated in 0.00040s] (UUID('c56a3f78-3748-4393-ba17-bef1f235af9d'), UUID('86a2cd83-52db-4f6b-9071-5f9a100c8b54'), 'First property', 'house', None, None, None, None, None, None, None, None, None, None, None, None, None, None, None, None, None, None, None, None, None, None, '{}', 1, False, True)", "request_id": "646bd96e-92b6-4cee-8d8a-b8a23c710385", "env": "development", "version": "1.1.0"}
2026-08-06 22:46:36,768 INFO sqlalchemy.engine.Engine SELECT properties.id, properties.user_id, properties.title, properties.property_type, properties.building_type, properties.floor_number, properties.country, properties.state, properties.city, properties.area, properties.neighborhood, properties.postal_code, properties.latitude, properties.longitude, properties.bedrooms, properties.bathrooms, properties.beds, properties.guests, properties.square_feet, properties.square_meters, properties.cleaning_fee, properties.extra_guest_fee, properties.minimum_nights, properties.maximum_nights, properties.current_price, properties.availability_notes, properties.features, properties.onboarding_step, properties.onboarding_complete, properties.is_active, properties.created_at, properties.updated_at 
FROM properties 
WHERE properties.id = $1::UUID
{"level": "INFO", "logger": "sqlalchemy.engine.Engine", "message": "SELECT properties.id, properties.user_id, properties.title, properties.property_type, properties.building_type, properties.floor_number, properties.country, properties.state, properties.city, properties.area, properties.neighborhood, properties.postal_code, properties.latitude, properties.longitude, properties.bedrooms, properties.bathrooms, properties.beds, properties.guests, properties.square_feet, properties.square_meters, properties.cleaning_fee, properties.extra_guest_fee, properties.minimum_nights, properties.maximum_nights, properties.current_price, properties.availability_notes, properties.features, properties.onboarding_step, properties.onboarding_complete, properties.is_active, properties.created_at, properties.updated_at \nFROM properties \nWHERE properties.id = $1::UUID", "request_id": "646bd96e-92b6-4cee-8d8a-b8a23c710385", "env": "development", "version": "1.1.0"}
2026-08-06 22:46:36,768 INFO sqlalchemy.engine.Engine [generated in 0.00026s] (UUID('c56a3f78-3748-4393-ba17-bef1f235af9d'),)
{"level": "INFO", "logger": "sqlalchemy.engine.Engine", "message": "[generated in 0.00026s] (UUID('c56a3f78-3748-4393-ba17-bef1f235af9d'),)", "request_id": "646bd96e-92b6-4cee-8d8a-b8a23c710385", "env": "development", "version": "1.1.0"}
2026-08-06 22:46:36,771 INFO sqlalchemy.engine.Engine SELECT property_photos.property_id AS property_photos_property_id, property_photos.id AS property_photos_id, property_photos.s3_key AS property_photos_s3_key, property_photos.url AS property_photos_url, property_photos.content_type AS property_photos_content_type, property_photos.sort_order AS property_photos_sort_order, property_photos.room_tag AS property_photos_room_tag, property_photos.created_at AS property_photos_created_at, property_photos.updated_at AS property_photos_updated_at 
FROM property_photos 
WHERE property_photos.property_id IN ($1::UUID)
{"level": "INFO", "logger": "sqlalchemy.engine.Engine", "message": "SELECT property_photos.property_id AS property_photos_property_id, property_photos.id AS property_photos_id, property_photos.s3_key AS property_photos_s3_key, property_photos.url AS property_photos_url, property_photos.content_type AS property_photos_content_type, property_photos.sort_order AS property_photos_sort_order, property_photos.room_tag AS property_photos_room_tag, property_photos.created_at AS property_photos_created_at, property_photos.updated_at AS property_photos_updated_at \nFROM property_photos \nWHERE property_photos.property_id IN ($1::UUID)", "request_id": "646bd96e-92b6-4cee-8d8a-b8a23c710385", "env": "development", "version": "1.1.0"}
2026-08-06 22:46:36,771 INFO sqlalchemy.engine.Engine [generated in 0.00023s] (UUID('c56a3f78-3748-4393-ba17-bef1f235af9d'),)
{"level": "INFO", "logger": "sqlalchemy.engine.Engine", "message": "[generated in 0.00023s] (UUID('c56a3f78-3748-4393-ba17-bef1f235af9d'),)", "request_id": "646bd96e-92b6-4cee-8d8a-b8a23c710385", "env": "development", "version": "1.1.0"}
2026-08-06 22:46:36,775 INFO sqlalchemy.engine.Engine SELECT property_amenities.property_id AS property_amenities_property_id, property_amenities.id AS property_amenities_id, property_amenities.amenity_id AS property_amenities_amenity_id 
FROM property_amenities 
WHERE property_amenities.property_id IN ($1::UUID)
{"level": "INFO", "logger": "sqlalchemy.engine.Engine", "message": "SELECT property_amenities.property_id AS property_amenities_property_id, property_amenities.id AS property_amenities_id, property_amenities.amenity_id AS property_amenities_amenity_id \nFROM property_amenities \nWHERE property_amenities.property_id IN ($1::UUID)", "request_id": "646bd96e-92b6-4cee-8d8a-b8a23c710385", "env": "development", "version": "1.1.0"}
2026-08-06 22:46:36,775 INFO sqlalchemy.engine.Engine [generated in 0.00020s] (UUID('c56a3f78-3748-4393-ba17-bef1f235af9d'),)
{"level": "INFO", "logger": "sqlalchemy.engine.Engine", "message": "[generated in 0.00020s] (UUID('c56a3f78-3748-4393-ba17-bef1f235af9d'),)", "request_id": "646bd96e-92b6-4cee-8d8a-b8a23c710385", "env": "development", "version": "1.1.0"}
{"level": "INFO", "logger": "app.request", "message": "request", "request_id": null, "env": "development", "version": "1.1.0", "path": "/v1/properties", "method": "POST", "status_code": 201, "duration_ms": 32.24}
INFO:     127.0.0.1:56702 - "POST /v1/properties HTTP/1.1" 201 Created
2026-08-06 22:46:36,777 INFO sqlalchemy.engine.Engine COMMIT
{"level": "INFO", "logger": "sqlalchemy.engine.Engine", "message": "COMMIT", "request_id": "646bd96e-92b6-4cee-8d8a-b8a23c710385", "env": "development", "version": "1.1.0"}
INFO:     127.0.0.1:56702 - "OPTIONS /v1/properties/c56a3f78-3748-4393-ba17-bef1f235af9d HTTP/1.1" 200 OK
2026-08-06 22:46:36,786 INFO sqlalchemy.engine.Engine BEGIN (implicit)
{"level": "INFO", "logger": "sqlalchemy.engine.Engine", "message": "BEGIN (implicit)", "request_id": "fdb69e92-2291-4ce7-be07-33268d17441a", "env": "development", "version": "1.1.0"}
2026-08-06 22:46:36,786 INFO sqlalchemy.engine.Engine SELECT users.id, users.email, users.hashed_password, users.full_name, users.role, users.is_active, users.is_verified, users.stripe_customer_id, users.created_at, users.updated_at 
FROM users 
WHERE users.id = $1::UUID
{"level": "INFO", "logger": "sqlalchemy.engine.Engine", "message": "SELECT users.id, users.email, users.hashed_password, users.full_name, users.role, users.is_active, users.is_verified, users.stripe_customer_id, users.created_at, users.updated_at \nFROM users \nWHERE users.id = $1::UUID", "request_id": "fdb69e92-2291-4ce7-be07-33268d17441a", "env": "development", "version": "1.1.0"}
2026-08-06 22:46:36,786 INFO sqlalchemy.engine.Engine [cached since 39.54s ago] (UUID('86a2cd83-52db-4f6b-9071-5f9a100c8b54'),)
{"level": "INFO", "logger": "sqlalchemy.engine.Engine", "message": "[cached since 39.54s ago] (UUID('86a2cd83-52db-4f6b-9071-5f9a100c8b54'),)", "request_id": "fdb69e92-2291-4ce7-be07-33268d17441a", "env": "development", "version": "1.1.0"}
2026-08-06 22:46:36,788 INFO sqlalchemy.engine.Engine SELECT subscriptions.user_id AS subscriptions_user_id, subscriptions.id AS subscriptions_id, subscriptions.plan_id AS subscriptions_plan_id, subscriptions.status AS subscriptions_status, subscriptions.stripe_subscription_id AS subscriptions_stripe_subscription_id, subscriptions.current_period_end AS subscriptions_current_period_end, subscriptions.created_at AS subscriptions_created_at, subscriptions.updated_at AS subscriptions_updated_at 
FROM subscriptions 
WHERE subscriptions.user_id IN ($1::UUID)
{"level": "INFO", "logger": "sqlalchemy.engine.Engine", "message": "SELECT subscriptions.user_id AS subscriptions_user_id, subscriptions.id AS subscriptions_id, subscriptions.plan_id AS subscriptions_plan_id, subscriptions.status AS subscriptions_status, subscriptions.stripe_subscription_id AS subscriptions_stripe_subscription_id, subscriptions.current_period_end AS subscriptions_current_period_end, subscriptions.created_at AS subscriptions_created_at, subscriptions.updated_at AS subscriptions_updated_at \nFROM subscriptions \nWHERE subscriptions.user_id IN ($1::UUID)", "request_id": "fdb69e92-2291-4ce7-be07-33268d17441a", "env": "development", "version": "1.1.0"}
2026-08-06 22:46:36,788 INFO sqlalchemy.engine.Engine [cached since 39.54s ago] (UUID('86a2cd83-52db-4f6b-9071-5f9a100c8b54'),)
{"level": "INFO", "logger": "sqlalchemy.engine.Engine", "message": "[cached since 39.54s ago] (UUID('86a2cd83-52db-4f6b-9071-5f9a100c8b54'),)", "request_id": "fdb69e92-2291-4ce7-be07-33268d17441a", "env": "development", "version": "1.1.0"}
2026-08-06 22:46:36,789 INFO sqlalchemy.engine.Engine SELECT plans.id AS plans_id, plans.code AS plans_code, plans.name AS plans_name, plans.description AS plans_description, plans.property_limit AS plans_property_limit, plans.price_monthly_cents AS plans_price_monthly_cents, plans.stripe_price_id AS plans_stripe_price_id, plans.features AS plans_features, plans.created_at AS plans_created_at, plans.updated_at AS plans_updated_at 
FROM plans 
WHERE plans.id IN ($1::UUID)
{"level": "INFO", "logger": "sqlalchemy.engine.Engine", "message": "SELECT plans.id AS plans_id, plans.code AS plans_code, plans.name AS plans_name, plans.description AS plans_description, plans.property_limit AS plans_property_limit, plans.price_monthly_cents AS plans_price_monthly_cents, plans.stripe_price_id AS plans_stripe_price_id, plans.features AS plans_features, plans.created_at AS plans_created_at, plans.updated_at AS plans_updated_at \nFROM plans \nWHERE plans.id IN ($1::UUID)", "request_id": "fdb69e92-2291-4ce7-be07-33268d17441a", "env": "development", "version": "1.1.0"}
2026-08-06 22:46:36,789 INFO sqlalchemy.engine.Engine [cached since 39.53s ago] (UUID('143a89e6-c3d0-4d94-9d43-e062122d2f17'),)
{"level": "INFO", "logger": "sqlalchemy.engine.Engine", "message": "[cached since 39.53s ago] (UUID('143a89e6-c3d0-4d94-9d43-e062122d2f17'),)", "request_id": "fdb69e92-2291-4ce7-be07-33268d17441a", "env": "development", "version": "1.1.0"}
2026-08-06 22:46:36,791 INFO sqlalchemy.engine.Engine SELECT properties.id, properties.user_id, properties.title, properties.property_type, properties.building_type, properties.floor_number, properties.country, properties.state, properties.city, properties.area, properties.neighborhood, properties.postal_code, properties.latitude, properties.longitude, properties.bedrooms, properties.bathrooms, properties.beds, properties.guests, properties.square_feet, properties.square_meters, properties.cleaning_fee, properties.extra_guest_fee, properties.minimum_nights, properties.maximum_nights, properties.current_price, properties.availability_notes, properties.features, properties.onboarding_step, properties.onboarding_complete, properties.is_active, properties.created_at, properties.updated_at 
FROM properties 
WHERE properties.id = $1::UUID AND properties.user_id = $2::UUID
{"level": "INFO", "logger": "sqlalchemy.engine.Engine", "message": "SELECT properties.id, properties.user_id, properties.title, properties.property_type, properties.building_type, properties.floor_number, properties.country, properties.state, properties.city, properties.area, properties.neighborhood, properties.postal_code, properties.latitude, properties.longitude, properties.bedrooms, properties.bathrooms, properties.beds, properties.guests, properties.square_feet, properties.square_meters, properties.cleaning_fee, properties.extra_guest_fee, properties.minimum_nights, properties.maximum_nights, properties.current_price, properties.availability_notes, properties.features, properties.onboarding_step, properties.onboarding_complete, properties.is_active, properties.created_at, properties.updated_at \nFROM properties \nWHERE properties.id = $1::UUID AND properties.user_id = $2::UUID", "request_id": "fdb69e92-2291-4ce7-be07-33268d17441a", "env": "development", "version": "1.1.0"}
2026-08-06 22:46:36,792 INFO sqlalchemy.engine.Engine [generated in 0.00018s] (UUID('c56a3f78-3748-4393-ba17-bef1f235af9d'), UUID('86a2cd83-52db-4f6b-9071-5f9a100c8b54'))
{"level": "INFO", "logger": "sqlalchemy.engine.Engine", "message": "[generated in 0.00018s] (UUID('c56a3f78-3748-4393-ba17-bef1f235af9d'), UUID('86a2cd83-52db-4f6b-9071-5f9a100c8b54'))", "request_id": "fdb69e92-2291-4ce7-be07-33268d17441a", "env": "development", "version": "1.1.0"}
2026-08-06 22:46:36,800 INFO sqlalchemy.engine.Engine SELECT property_photos.property_id AS property_photos_property_id, property_photos.id AS property_photos_id, property_photos.s3_key AS property_photos_s3_key, property_photos.url AS property_photos_url, property_photos.content_type AS property_photos_content_type, property_photos.sort_order AS property_photos_sort_order, property_photos.room_tag AS property_photos_room_tag, property_photos.created_at AS property_photos_created_at, property_photos.updated_at AS property_photos_updated_at 
FROM property_photos 
WHERE property_photos.property_id IN ($1::UUID)
{"level": "INFO", "logger": "sqlalchemy.engine.Engine", "message": "SELECT property_photos.property_id AS property_photos_property_id, property_photos.id AS property_photos_id, property_photos.s3_key AS property_photos_s3_key, property_photos.url AS property_photos_url, property_photos.content_type AS property_photos_content_type, property_photos.sort_order AS property_photos_sort_order, property_photos.room_tag AS property_photos_room_tag, property_photos.created_at AS property_photos_created_at, property_photos.updated_at AS property_photos_updated_at \nFROM property_photos \nWHERE property_photos.property_id IN ($1::UUID)", "request_id": "fdb69e92-2291-4ce7-be07-33268d17441a", "env": "development", "version": "1.1.0"}
2026-08-06 22:46:36,800 INFO sqlalchemy.engine.Engine [cached since 0.02871s ago] (UUID('c56a3f78-3748-4393-ba17-bef1f235af9d'),)
{"level": "INFO", "logger": "sqlalchemy.engine.Engine", "message": "[cached since 0.02871s ago] (UUID('c56a3f78-3748-4393-ba17-bef1f235af9d'),)", "request_id": "fdb69e92-2291-4ce7-be07-33268d17441a", "env": "development", "version": "1.1.0"}
2026-08-06 22:46:36,802 INFO sqlalchemy.engine.Engine SELECT property_amenities.property_id AS property_amenities_property_id, property_amenities.id AS property_amenities_id, property_amenities.amenity_id AS property_amenities_amenity_id 
FROM property_amenities 
WHERE property_amenities.property_id IN ($1::UUID)
{"level": "INFO", "logger": "sqlalchemy.engine.Engine", "message": "SELECT property_amenities.property_id AS property_amenities_property_id, property_amenities.id AS property_amenities_id, property_amenities.amenity_id AS property_amenities_amenity_id \nFROM property_amenities \nWHERE property_amenities.property_id IN ($1::UUID)", "request_id": "fdb69e92-2291-4ce7-be07-33268d17441a", "env": "development", "version": "1.1.0"}
2026-08-06 22:46:36,802 INFO sqlalchemy.engine.Engine [cached since 0.02732s ago] (UUID('c56a3f78-3748-4393-ba17-bef1f235af9d'),)
{"level": "INFO", "logger": "sqlalchemy.engine.Engine", "message": "[cached since 0.02732s ago] (UUID('c56a3f78-3748-4393-ba17-bef1f235af9d'),)", "request_id": "fdb69e92-2291-4ce7-be07-33268d17441a", "env": "development", "version": "1.1.0"}
2026-08-06 22:46:36,803 INFO sqlalchemy.engine.Engine UPDATE properties SET building_type=$1::VARCHAR, floor_number=$2::INTEGER, onboarding_step=$3::INTEGER, updated_at=now() WHERE properties.id = $4::UUID
{"level": "INFO", "logger": "sqlalchemy.engine.Engine", "message": "UPDATE properties SET building_type=$1::VARCHAR, floor_number=$2::INTEGER, onboarding_step=$3::INTEGER, updated_at=now() WHERE properties.id = $4::UUID", "request_id": "fdb69e92-2291-4ce7-be07-33268d17441a", "env": "development", "version": "1.1.0"}
2026-08-06 22:46:36,803 INFO sqlalchemy.engine.Engine [generated in 0.00011s] ('House', 2, 2, UUID('c56a3f78-3748-4393-ba17-bef1f235af9d'))
{"level": "INFO", "logger": "sqlalchemy.engine.Engine", "message": "[generated in 0.00011s] ('House', 2, 2, UUID('c56a3f78-3748-4393-ba17-bef1f235af9d'))", "request_id": "fdb69e92-2291-4ce7-be07-33268d17441a", "env": "development", "version": "1.1.0"}
2026-08-06 22:46:36,804 INFO sqlalchemy.engine.Engine SELECT properties.id, properties.user_id, properties.title, properties.property_type, properties.building_type, properties.floor_number, properties.country, properties.state, properties.city, properties.area, properties.neighborhood, properties.postal_code, properties.latitude, properties.longitude, properties.bedrooms, properties.bathrooms, properties.beds, properties.guests, properties.square_feet, properties.square_meters, properties.cleaning_fee, properties.extra_guest_fee, properties.minimum_nights, properties.maximum_nights, properties.current_price, properties.availability_notes, properties.features, properties.onboarding_step, properties.onboarding_complete, properties.is_active, properties.created_at, properties.updated_at 
FROM properties 
WHERE properties.id = $1::UUID
{"level": "INFO", "logger": "sqlalchemy.engine.Engine", "message": "SELECT properties.id, properties.user_id, properties.title, properties.property_type, properties.building_type, properties.floor_number, properties.country, properties.state, properties.city, properties.area, properties.neighborhood, properties.postal_code, properties.latitude, properties.longitude, properties.bedrooms, properties.bathrooms, properties.beds, properties.guests, properties.square_feet, properties.square_meters, properties.cleaning_fee, properties.extra_guest_fee, properties.minimum_nights, properties.maximum_nights, properties.current_price, properties.availability_notes, properties.features, properties.onboarding_step, properties.onboarding_complete, properties.is_active, properties.created_at, properties.updated_at \nFROM properties \nWHERE properties.id = $1::UUID", "request_id": "fdb69e92-2291-4ce7-be07-33268d17441a", "env": "development", "version": "1.1.0"}
2026-08-06 22:46:36,804 INFO sqlalchemy.engine.Engine [cached since 0.03645s ago] (UUID('c56a3f78-3748-4393-ba17-bef1f235af9d'),)
{"level": "INFO", "logger": "sqlalchemy.engine.Engine", "message": "[cached since 0.03645s ago] (UUID('c56a3f78-3748-4393-ba17-bef1f235af9d'),)", "request_id": "fdb69e92-2291-4ce7-be07-33268d17441a", "env": "development", "version": "1.1.0"}
2026-08-06 22:46:36,805 INFO sqlalchemy.engine.Engine SELECT property_photos.property_id AS property_photos_property_id, property_photos.id AS property_photos_id, property_photos.s3_key AS property_photos_s3_key, property_photos.url AS property_photos_url, property_photos.content_type AS property_photos_content_type, property_photos.sort_order AS property_photos_sort_order, property_photos.room_tag AS property_photos_room_tag, property_photos.created_at AS property_photos_created_at, property_photos.updated_at AS property_photos_updated_at 
FROM property_photos 
WHERE property_photos.property_id IN ($1::UUID)
{"level": "INFO", "logger": "sqlalchemy.engine.Engine", "message": "SELECT property_photos.property_id AS property_photos_property_id, property_photos.id AS property_photos_id, property_photos.s3_key AS property_photos_s3_key, property_photos.url AS property_photos_url, property_photos.content_type AS property_photos_content_type, property_photos.sort_order AS property_photos_sort_order, property_photos.room_tag AS property_photos_room_tag, property_photos.created_at AS property_photos_created_at, property_photos.updated_at AS property_photos_updated_at \nFROM property_photos \nWHERE property_photos.property_id IN ($1::UUID)", "request_id": "fdb69e92-2291-4ce7-be07-33268d17441a", "env": "development", "version": "1.1.0"}
2026-08-06 22:46:36,805 INFO sqlalchemy.engine.Engine [cached since 0.03415s ago] (UUID('c56a3f78-3748-4393-ba17-bef1f235af9d'),)
{"level": "INFO", "logger": "sqlalchemy.engine.Engine", "message": "[cached since 0.03415s ago] (UUID('c56a3f78-3748-4393-ba17-bef1f235af9d'),)", "request_id": "fdb69e92-2291-4ce7-be07-33268d17441a", "env": "development", "version": "1.1.0"}
2026-08-06 22:46:36,806 INFO sqlalchemy.engine.Engine SELECT property_amenities.property_id AS property_amenities_property_id, property_amenities.id AS property_amenities_id, property_amenities.amenity_id AS property_amenities_amenity_id 
FROM property_amenities 
WHERE property_amenities.property_id IN ($1::UUID)
{"level": "INFO", "logger": "sqlalchemy.engine.Engine", "message": "SELECT property_amenities.property_id AS property_amenities_property_id, property_amenities.id AS property_amenities_id, property_amenities.amenity_id AS property_amenities_amenity_id \nFROM property_amenities \nWHERE property_amenities.property_id IN ($1::UUID)", "request_id": "fdb69e92-2291-4ce7-be07-33268d17441a", "env": "development", "version": "1.1.0"}
2026-08-06 22:46:36,806 INFO sqlalchemy.engine.Engine [cached since 0.03155s ago] (UUID('c56a3f78-3748-4393-ba17-bef1f235af9d'),)
{"level": "INFO", "logger": "sqlalchemy.engine.Engine", "message": "[cached since 0.03155s ago] (UUID('c56a3f78-3748-4393-ba17-bef1f235af9d'),)", "request_id": "fdb69e92-2291-4ce7-be07-33268d17441a", "env": "development", "version": "1.1.0"}
{"level": "INFO", "logger": "app.request", "message": "request", "request_id": null, "env": "development", "version": "1.1.0", "path": "/v1/properties/c56a3f78-3748-4393-ba17-bef1f235af9d", "method": "PATCH", "status_code": 200, "duration_ms": 25.17}
INFO:     127.0.0.1:56706 - "PATCH /v1/properties/c56a3f78-3748-4393-ba17-bef1f235af9d HTTP/1.1" 200 OK
2026-08-06 22:46:36,807 INFO sqlalchemy.engine.Engine COMMIT
{"level": "INFO", "logger": "sqlalchemy.engine.Engine", "message": "COMMIT", "request_id": "fdb69e92-2291-4ce7-be07-33268d17441a", "env": "development", "version": "1.1.0"}
2026-08-06 22:48:30,476 INFO sqlalchemy.engine.Engine BEGIN (implicit)
{"level": "INFO", "logger": "sqlalchemy.engine.Engine", "message": "BEGIN (implicit)", "request_id": "0f7e6520-b4e2-45cd-8a58-abd44939a17c", "env": "development", "version": "1.1.0"}
2026-08-06 22:48:30,476 INFO sqlalchemy.engine.Engine SELECT users.id, users.email, users.hashed_password, users.full_name, users.role, users.is_active, users.is_verified, users.stripe_customer_id, users.created_at, users.updated_at 
FROM users 
WHERE users.id = $1::UUID
{"level": "INFO", "logger": "sqlalchemy.engine.Engine", "message": "SELECT users.id, users.email, users.hashed_password, users.full_name, users.role, users.is_active, users.is_verified, users.stripe_customer_id, users.created_at, users.updated_at \nFROM users \nWHERE users.id = $1::UUID", "request_id": "0f7e6520-b4e2-45cd-8a58-abd44939a17c", "env": "development", "version": "1.1.0"}
2026-08-06 22:48:30,477 INFO sqlalchemy.engine.Engine [cached since 153.2s ago] (UUID('86a2cd83-52db-4f6b-9071-5f9a100c8b54'),)
{"level": "INFO", "logger": "sqlalchemy.engine.Engine", "message": "[cached since 153.2s ago] (UUID('86a2cd83-52db-4f6b-9071-5f9a100c8b54'),)", "request_id": "0f7e6520-b4e2-45cd-8a58-abd44939a17c", "env": "development", "version": "1.1.0"}
2026-08-06 22:48:30,480 INFO sqlalchemy.engine.Engine SELECT subscriptions.user_id AS subscriptions_user_id, subscriptions.id AS subscriptions_id, subscriptions.plan_id AS subscriptions_plan_id, subscriptions.status AS subscriptions_status, subscriptions.stripe_subscription_id AS subscriptions_stripe_subscription_id, subscriptions.current_period_end AS subscriptions_current_period_end, subscriptions.created_at AS subscriptions_created_at, subscriptions.updated_at AS subscriptions_updated_at 
FROM subscriptions 
WHERE subscriptions.user_id IN ($1::UUID)
{"level": "INFO", "logger": "sqlalchemy.engine.Engine", "message": "SELECT subscriptions.user_id AS subscriptions_user_id, subscriptions.id AS subscriptions_id, subscriptions.plan_id AS subscriptions_plan_id, subscriptions.status AS subscriptions_status, subscriptions.stripe_subscription_id AS subscriptions_stripe_subscription_id, subscriptions.current_period_end AS subscriptions_current_period_end, subscriptions.created_at AS subscriptions_created_at, subscriptions.updated_at AS subscriptions_updated_at \nFROM subscriptions \nWHERE subscriptions.user_id IN ($1::UUID)", "request_id": "0f7e6520-b4e2-45cd-8a58-abd44939a17c", "env": "development", "version": "1.1.0"}
2026-08-06 22:48:30,480 INFO sqlalchemy.engine.Engine [cached since 153.2s ago] (UUID('86a2cd83-52db-4f6b-9071-5f9a100c8b54'),)
{"level": "INFO", "logger": "sqlalchemy.engine.Engine", "message": "[cached since 153.2s ago] (UUID('86a2cd83-52db-4f6b-9071-5f9a100c8b54'),)", "request_id": "0f7e6520-b4e2-45cd-8a58-abd44939a17c", "env": "development", "version": "1.1.0"}
2026-08-06 22:48:30,481 INFO sqlalchemy.engine.Engine SELECT plans.id AS plans_id, plans.code AS plans_code, plans.name AS plans_name, plans.description AS plans_description, plans.property_limit AS plans_property_limit, plans.price_monthly_cents AS plans_price_monthly_cents, plans.stripe_price_id AS plans_stripe_price_id, plans.features AS plans_features, plans.created_at AS plans_created_at, plans.updated_at AS plans_updated_at 
FROM plans 
WHERE plans.id IN ($1::UUID)
{"level": "INFO", "logger": "sqlalchemy.engine.Engine", "message": "SELECT plans.id AS plans_id, plans.code AS plans_code, plans.name AS plans_name, plans.description AS plans_description, plans.property_limit AS plans_property_limit, plans.price_monthly_cents AS plans_price_monthly_cents, plans.stripe_price_id AS plans_stripe_price_id, plans.features AS plans_features, plans.created_at AS plans_created_at, plans.updated_at AS plans_updated_at \nFROM plans \nWHERE plans.id IN ($1::UUID)", "request_id": "0f7e6520-b4e2-45cd-8a58-abd44939a17c", "env": "development", "version": "1.1.0"}
2026-08-06 22:48:30,481 INFO sqlalchemy.engine.Engine [cached since 153.2s ago] (UUID('143a89e6-c3d0-4d94-9d43-e062122d2f17'),)
{"level": "INFO", "logger": "sqlalchemy.engine.Engine", "message": "[cached since 153.2s ago] (UUID('143a89e6-c3d0-4d94-9d43-e062122d2f17'),)", "request_id": "0f7e6520-b4e2-45cd-8a58-abd44939a17c", "env": "development", "version": "1.1.0"}
2026-08-06 22:48:30,483 INFO sqlalchemy.engine.Engine SELECT properties.id, properties.user_id, properties.title, properties.property_type, properties.building_type, properties.floor_number, properties.country, properties.state, properties.city, properties.area, properties.neighborhood, properties.postal_code, properties.latitude, properties.longitude, properties.bedrooms, properties.bathrooms, properties.beds, properties.guests, properties.square_feet, properties.square_meters, properties.cleaning_fee, properties.extra_guest_fee, properties.minimum_nights, properties.maximum_nights, properties.current_price, properties.availability_notes, properties.features, properties.onboarding_step, properties.onboarding_complete, properties.is_active, properties.created_at, properties.updated_at 
FROM properties 
WHERE properties.id = $1::UUID AND properties.user_id = $2::UUID
{"level": "INFO", "logger": "sqlalchemy.engine.Engine", "message": "SELECT properties.id, properties.user_id, properties.title, properties.property_type, properties.building_type, properties.floor_number, properties.country, properties.state, properties.city, properties.area, properties.neighborhood, properties.postal_code, properties.latitude, properties.longitude, properties.bedrooms, properties.bathrooms, properties.beds, properties.guests, properties.square_feet, properties.square_meters, properties.cleaning_fee, properties.extra_guest_fee, properties.minimum_nights, properties.maximum_nights, properties.current_price, properties.availability_notes, properties.features, properties.onboarding_step, properties.onboarding_complete, properties.is_active, properties.created_at, properties.updated_at \nFROM properties \nWHERE properties.id = $1::UUID AND properties.user_id = $2::UUID", "request_id": "0f7e6520-b4e2-45cd-8a58-abd44939a17c", "env": "development", "version": "1.1.0"}
2026-08-06 22:48:30,483 INFO sqlalchemy.engine.Engine [cached since 113.7s ago] (UUID('c56a3f78-3748-4393-ba17-bef1f235af9d'), UUID('86a2cd83-52db-4f6b-9071-5f9a100c8b54'))
{"level": "INFO", "logger": "sqlalchemy.engine.Engine", "message": "[cached since 113.7s ago] (UUID('c56a3f78-3748-4393-ba17-bef1f235af9d'), UUID('86a2cd83-52db-4f6b-9071-5f9a100c8b54'))", "request_id": "0f7e6520-b4e2-45cd-8a58-abd44939a17c", "env": "development", "version": "1.1.0"}
2026-08-06 22:48:30,491 INFO sqlalchemy.engine.Engine SELECT property_photos.property_id AS property_photos_property_id, property_photos.id AS property_photos_id, property_photos.s3_key AS property_photos_s3_key, property_photos.url AS property_photos_url, property_photos.content_type AS property_photos_content_type, property_photos.sort_order AS property_photos_sort_order, property_photos.room_tag AS property_photos_room_tag, property_photos.created_at AS property_photos_created_at, property_photos.updated_at AS property_photos_updated_at 
FROM property_photos 
WHERE property_photos.property_id IN ($1::UUID)
{"level": "INFO", "logger": "sqlalchemy.engine.Engine", "message": "SELECT property_photos.property_id AS property_photos_property_id, property_photos.id AS property_photos_id, property_photos.s3_key AS property_photos_s3_key, property_photos.url AS property_photos_url, property_photos.content_type AS property_photos_content_type, property_photos.sort_order AS property_photos_sort_order, property_photos.room_tag AS property_photos_room_tag, property_photos.created_at AS property_photos_created_at, property_photos.updated_at AS property_photos_updated_at \nFROM property_photos \nWHERE property_photos.property_id IN ($1::UUID)", "request_id": "0f7e6520-b4e2-45cd-8a58-abd44939a17c", "env": "development", "version": "1.1.0"}
2026-08-06 22:48:30,491 INFO sqlalchemy.engine.Engine [cached since 113.7s ago] (UUID('c56a3f78-3748-4393-ba17-bef1f235af9d'),)
{"level": "INFO", "logger": "sqlalchemy.engine.Engine", "message": "[cached since 113.7s ago] (UUID('c56a3f78-3748-4393-ba17-bef1f235af9d'),)", "request_id": "0f7e6520-b4e2-45cd-8a58-abd44939a17c", "env": "development", "version": "1.1.0"}
2026-08-06 22:48:30,493 INFO sqlalchemy.engine.Engine SELECT property_amenities.property_id AS property_amenities_property_id, property_amenities.id AS property_amenities_id, property_amenities.amenity_id AS property_amenities_amenity_id 
FROM property_amenities 
WHERE property_amenities.property_id IN ($1::UUID)
{"level": "INFO", "logger": "sqlalchemy.engine.Engine", "message": "SELECT property_amenities.property_id AS property_amenities_property_id, property_amenities.id AS property_amenities_id, property_amenities.amenity_id AS property_amenities_amenity_id \nFROM property_amenities \nWHERE property_amenities.property_id IN ($1::UUID)", "request_id": "0f7e6520-b4e2-45cd-8a58-abd44939a17c", "env": "development", "version": "1.1.0"}
2026-08-06 22:48:30,494 INFO sqlalchemy.engine.Engine [cached since 113.7s ago] (UUID('c56a3f78-3748-4393-ba17-bef1f235af9d'),)
{"level": "INFO", "logger": "sqlalchemy.engine.Engine", "message": "[cached since 113.7s ago] (UUID('c56a3f78-3748-4393-ba17-bef1f235af9d'),)", "request_id": "0f7e6520-b4e2-45cd-8a58-abd44939a17c", "env": "development", "version": "1.1.0"}
2026-08-06 22:48:30,496 INFO sqlalchemy.engine.Engine UPDATE properties SET building_type=$1::VARCHAR, updated_at=now() WHERE properties.id = $2::UUID
{"level": "INFO", "logger": "sqlalchemy.engine.Engine", "message": "UPDATE properties SET building_type=$1::VARCHAR, updated_at=now() WHERE properties.id = $2::UUID", "request_id": "0f7e6520-b4e2-45cd-8a58-abd44939a17c", "env": "development", "version": "1.1.0"}
2026-08-06 22:48:30,496 INFO sqlalchemy.engine.Engine [generated in 0.00017s] ('house', UUID('c56a3f78-3748-4393-ba17-bef1f235af9d'))
{"level": "INFO", "logger": "sqlalchemy.engine.Engine", "message": "[generated in 0.00017s] ('house', UUID('c56a3f78-3748-4393-ba17-bef1f235af9d'))", "request_id": "0f7e6520-b4e2-45cd-8a58-abd44939a17c", "env": "development", "version": "1.1.0"}
2026-08-06 22:48:30,497 INFO sqlalchemy.engine.Engine SELECT properties.id, properties.user_id, properties.title, properties.property_type, properties.building_type, properties.floor_number, properties.country, properties.state, properties.city, properties.area, properties.neighborhood, properties.postal_code, properties.latitude, properties.longitude, properties.bedrooms, properties.bathrooms, properties.beds, properties.guests, properties.square_feet, properties.square_meters, properties.cleaning_fee, properties.extra_guest_fee, properties.minimum_nights, properties.maximum_nights, properties.current_price, properties.availability_notes, properties.features, properties.onboarding_step, properties.onboarding_complete, properties.is_active, properties.created_at, properties.updated_at 
FROM properties 
WHERE properties.id = $1::UUID
{"level": "INFO", "logger": "sqlalchemy.engine.Engine", "message": "SELECT properties.id, properties.user_id, properties.title, properties.property_type, properties.building_type, properties.floor_number, properties.country, properties.state, properties.city, properties.area, properties.neighborhood, properties.postal_code, properties.latitude, properties.longitude, properties.bedrooms, properties.bathrooms, properties.beds, properties.guests, properties.square_feet, properties.square_meters, properties.cleaning_fee, properties.extra_guest_fee, properties.minimum_nights, properties.maximum_nights, properties.current_price, properties.availability_notes, properties.features, properties.onboarding_step, properties.onboarding_complete, properties.is_active, properties.created_at, properties.updated_at \nFROM properties \nWHERE properties.id = $1::UUID", "request_id": "0f7e6520-b4e2-45cd-8a58-abd44939a17c", "env": "development", "version": "1.1.0"}
2026-08-06 22:48:30,498 INFO sqlalchemy.engine.Engine [cached since 113.7s ago] (UUID('c56a3f78-3748-4393-ba17-bef1f235af9d'),)
{"level": "INFO", "logger": "sqlalchemy.engine.Engine", "message": "[cached since 113.7s ago] (UUID('c56a3f78-3748-4393-ba17-bef1f235af9d'),)", "request_id": "0f7e6520-b4e2-45cd-8a58-abd44939a17c", "env": "development", "version": "1.1.0"}
2026-08-06 22:48:30,499 INFO sqlalchemy.engine.Engine SELECT property_photos.property_id AS property_photos_property_id, property_photos.id AS property_photos_id, property_photos.s3_key AS property_photos_s3_key, property_photos.url AS property_photos_url, property_photos.content_type AS property_photos_content_type, property_photos.sort_order AS property_photos_sort_order, property_photos.room_tag AS property_photos_room_tag, property_photos.created_at AS property_photos_created_at, property_photos.updated_at AS property_photos_updated_at 
FROM property_photos 
WHERE property_photos.property_id IN ($1::UUID)
{"level": "INFO", "logger": "sqlalchemy.engine.Engine", "message": "SELECT property_photos.property_id AS property_photos_property_id, property_photos.id AS property_photos_id, property_photos.s3_key AS property_photos_s3_key, property_photos.url AS property_photos_url, property_photos.content_type AS property_photos_content_type, property_photos.sort_order AS property_photos_sort_order, property_photos.room_tag AS property_photos_room_tag, property_photos.created_at AS property_photos_created_at, property_photos.updated_at AS property_photos_updated_at \nFROM property_photos \nWHERE property_photos.property_id IN ($1::UUID)", "request_id": "0f7e6520-b4e2-45cd-8a58-abd44939a17c", "env": "development", "version": "1.1.0"}
2026-08-06 22:48:30,499 INFO sqlalchemy.engine.Engine [cached since 113.7s ago] (UUID('c56a3f78-3748-4393-ba17-bef1f235af9d'),)
{"level": "INFO", "logger": "sqlalchemy.engine.Engine", "message": "[cached since 113.7s ago] (UUID('c56a3f78-3748-4393-ba17-bef1f235af9d'),)", "request_id": "0f7e6520-b4e2-45cd-8a58-abd44939a17c", "env": "development", "version": "1.1.0"}
2026-08-06 22:48:30,499 INFO sqlalchemy.engine.Engine SELECT property_amenities.property_id AS property_amenities_property_id, property_amenities.id AS property_amenities_id, property_amenities.amenity_id AS property_amenities_amenity_id 
FROM property_amenities 
WHERE property_amenities.property_id IN ($1::UUID)
{"level": "INFO", "logger": "sqlalchemy.engine.Engine", "message": "SELECT property_amenities.property_id AS property_amenities_property_id, property_amenities.id AS property_amenities_id, property_amenities.amenity_id AS property_amenities_amenity_id \nFROM property_amenities \nWHERE property_amenities.property_id IN ($1::UUID)", "request_id": "0f7e6520-b4e2-45cd-8a58-abd44939a17c", "env": "development", "version": "1.1.0"}
2026-08-06 22:48:30,499 INFO sqlalchemy.engine.Engine [cached since 113.7s ago] (UUID('c56a3f78-3748-4393-ba17-bef1f235af9d'),)
{"level": "INFO", "logger": "sqlalchemy.engine.Engine", "message": "[cached since 113.7s ago] (UUID('c56a3f78-3748-4393-ba17-bef1f235af9d'),)", "request_id": "0f7e6520-b4e2-45cd-8a58-abd44939a17c", "env": "development", "version": "1.1.0"}
{"level": "INFO", "logger": "app.request", "message": "request", "request_id": null, "env": "development", "version": "1.1.0", "path": "/v1/properties/c56a3f78-3748-4393-ba17-bef1f235af9d", "method": "PATCH", "status_code": 200, "duration_ms": 27.67}
INFO:     127.0.0.1:39794 - "PATCH /v1/properties/c56a3f78-3748-4393-ba17-bef1f235af9d HTTP/1.1" 200 OK
2026-08-06 22:48:30,500 INFO sqlalchemy.engine.Engine COMMIT
{"level": "INFO", "logger": "sqlalchemy.engine.Engine", "message": "COMMIT", "request_id": "0f7e6520-b4e2-45cd-8a58-abd44939a17c", "env": "development", "version": "1.1.0"}
2026-08-06 22:49:50,658 INFO sqlalchemy.engine.Engine BEGIN (implicit)
{"level": "INFO", "logger": "sqlalchemy.engine.Engine", "message": "BEGIN (implicit)", "request_id": "8b9c7129-6ede-433e-8b8b-98de3eaf6d90", "env": "development", "version": "1.1.0"}
2026-08-06 22:49:50,658 INFO sqlalchemy.engine.Engine SELECT users.id, users.email, users.hashed_password, users.full_name, users.role, users.is_active, users.is_verified, users.stripe_customer_id, users.created_at, users.updated_at 
FROM users 
WHERE users.id = $1::UUID
{"level": "INFO", "logger": "sqlalchemy.engine.Engine", "message": "SELECT users.id, users.email, users.hashed_password, users.full_name, users.role, users.is_active, users.is_verified, users.stripe_customer_id, users.created_at, users.updated_at \nFROM users \nWHERE users.id = $1::UUID", "request_id": "8b9c7129-6ede-433e-8b8b-98de3eaf6d90", "env": "development", "version": "1.1.0"}
2026-08-06 22:49:50,658 INFO sqlalchemy.engine.Engine [cached since 233.4s ago] (UUID('86a2cd83-52db-4f6b-9071-5f9a100c8b54'),)
{"level": "INFO", "logger": "sqlalchemy.engine.Engine", "message": "[cached since 233.4s ago] (UUID('86a2cd83-52db-4f6b-9071-5f9a100c8b54'),)", "request_id": "8b9c7129-6ede-433e-8b8b-98de3eaf6d90", "env": "development", "version": "1.1.0"}
2026-08-06 22:49:50,660 INFO sqlalchemy.engine.Engine SELECT subscriptions.user_id AS subscriptions_user_id, subscriptions.id AS subscriptions_id, subscriptions.plan_id AS subscriptions_plan_id, subscriptions.status AS subscriptions_status, subscriptions.stripe_subscription_id AS subscriptions_stripe_subscription_id, subscriptions.current_period_end AS subscriptions_current_period_end, subscriptions.created_at AS subscriptions_created_at, subscriptions.updated_at AS subscriptions_updated_at 
FROM subscriptions 
WHERE subscriptions.user_id IN ($1::UUID)
{"level": "INFO", "logger": "sqlalchemy.engine.Engine", "message": "SELECT subscriptions.user_id AS subscriptions_user_id, subscriptions.id AS subscriptions_id, subscriptions.plan_id AS subscriptions_plan_id, subscriptions.status AS subscriptions_status, subscriptions.stripe_subscription_id AS subscriptions_stripe_subscription_id, subscriptions.current_period_end AS subscriptions_current_period_end, subscriptions.created_at AS subscriptions_created_at, subscriptions.updated_at AS subscriptions_updated_at \nFROM subscriptions \nWHERE subscriptions.user_id IN ($1::UUID)", "request_id": "8b9c7129-6ede-433e-8b8b-98de3eaf6d90", "env": "development", "version": "1.1.0"}
2026-08-06 22:49:50,660 INFO sqlalchemy.engine.Engine [cached since 233.4s ago] (UUID('86a2cd83-52db-4f6b-9071-5f9a100c8b54'),)
{"level": "INFO", "logger": "sqlalchemy.engine.Engine", "message": "[cached since 233.4s ago] (UUID('86a2cd83-52db-4f6b-9071-5f9a100c8b54'),)", "request_id": "8b9c7129-6ede-433e-8b8b-98de3eaf6d90", "env": "development", "version": "1.1.0"}
2026-08-06 22:49:50,661 INFO sqlalchemy.engine.Engine SELECT plans.id AS plans_id, plans.code AS plans_code, plans.name AS plans_name, plans.description AS plans_description, plans.property_limit AS plans_property_limit, plans.price_monthly_cents AS plans_price_monthly_cents, plans.stripe_price_id AS plans_stripe_price_id, plans.features AS plans_features, plans.created_at AS plans_created_at, plans.updated_at AS plans_updated_at 
FROM plans 
WHERE plans.id IN ($1::UUID)
{"level": "INFO", "logger": "sqlalchemy.engine.Engine", "message": "SELECT plans.id AS plans_id, plans.code AS plans_code, plans.name AS plans_name, plans.description AS plans_description, plans.property_limit AS plans_property_limit, plans.price_monthly_cents AS plans_price_monthly_cents, plans.stripe_price_id AS plans_stripe_price_id, plans.features AS plans_features, plans.created_at AS plans_created_at, plans.updated_at AS plans_updated_at \nFROM plans \nWHERE plans.id IN ($1::UUID)", "request_id": "8b9c7129-6ede-433e-8b8b-98de3eaf6d90", "env": "development", "version": "1.1.0"}
2026-08-06 22:49:50,661 INFO sqlalchemy.engine.Engine [cached since 233.4s ago] (UUID('143a89e6-c3d0-4d94-9d43-e062122d2f17'),)
{"level": "INFO", "logger": "sqlalchemy.engine.Engine", "message": "[cached since 233.4s ago] (UUID('143a89e6-c3d0-4d94-9d43-e062122d2f17'),)", "request_id": "8b9c7129-6ede-433e-8b8b-98de3eaf6d90", "env": "development", "version": "1.1.0"}
2026-08-06 22:49:50,663 INFO sqlalchemy.engine.Engine SELECT properties.id, properties.user_id, properties.title, properties.property_type, properties.building_type, properties.floor_number, properties.country, properties.state, properties.city, properties.area, properties.neighborhood, properties.postal_code, properties.latitude, properties.longitude, properties.bedrooms, properties.bathrooms, properties.beds, properties.guests, properties.square_feet, properties.square_meters, properties.cleaning_fee, properties.extra_guest_fee, properties.minimum_nights, properties.maximum_nights, properties.current_price, properties.availability_notes, properties.features, properties.onboarding_step, properties.onboarding_complete, properties.is_active, properties.created_at, properties.updated_at 
FROM properties 
WHERE properties.id = $1::UUID AND properties.user_id = $2::UUID
{"level": "INFO", "logger": "sqlalchemy.engine.Engine", "message": "SELECT properties.id, properties.user_id, properties.title, properties.property_type, properties.building_type, properties.floor_number, properties.country, properties.state, properties.city, properties.area, properties.neighborhood, properties.postal_code, properties.latitude, properties.longitude, properties.bedrooms, properties.bathrooms, properties.beds, properties.guests, properties.square_feet, properties.square_meters, properties.cleaning_fee, properties.extra_guest_fee, properties.minimum_nights, properties.maximum_nights, properties.current_price, properties.availability_notes, properties.features, properties.onboarding_step, properties.onboarding_complete, properties.is_active, properties.created_at, properties.updated_at \nFROM properties \nWHERE properties.id = $1::UUID AND properties.user_id = $2::UUID", "request_id": "8b9c7129-6ede-433e-8b8b-98de3eaf6d90", "env": "development", "version": "1.1.0"}
2026-08-06 22:49:50,663 INFO sqlalchemy.engine.Engine [cached since 193.9s ago] (UUID('c56a3f78-3748-4393-ba17-bef1f235af9d'), UUID('86a2cd83-52db-4f6b-9071-5f9a100c8b54'))
{"level": "INFO", "logger": "sqlalchemy.engine.Engine", "message": "[cached since 193.9s ago] (UUID('c56a3f78-3748-4393-ba17-bef1f235af9d'), UUID('86a2cd83-52db-4f6b-9071-5f9a100c8b54'))", "request_id": "8b9c7129-6ede-433e-8b8b-98de3eaf6d90", "env": "development", "version": "1.1.0"}
2026-08-06 22:49:50,664 INFO sqlalchemy.engine.Engine SELECT property_photos.property_id AS property_photos_property_id, property_photos.id AS property_photos_id, property_photos.s3_key AS property_photos_s3_key, property_photos.url AS property_photos_url, property_photos.content_type AS property_photos_content_type, property_photos.sort_order AS property_photos_sort_order, property_photos.room_tag AS property_photos_room_tag, property_photos.created_at AS property_photos_created_at, property_photos.updated_at AS property_photos_updated_at 
FROM property_photos 
WHERE property_photos.property_id IN ($1::UUID)
{"level": "INFO", "logger": "sqlalchemy.engine.Engine", "message": "SELECT property_photos.property_id AS property_photos_property_id, property_photos.id AS property_photos_id, property_photos.s3_key AS property_photos_s3_key, property_photos.url AS property_photos_url, property_photos.content_type AS property_photos_content_type, property_photos.sort_order AS property_photos_sort_order, property_photos.room_tag AS property_photos_room_tag, property_photos.created_at AS property_photos_created_at, property_photos.updated_at AS property_photos_updated_at \nFROM property_photos \nWHERE property_photos.property_id IN ($1::UUID)", "request_id": "8b9c7129-6ede-433e-8b8b-98de3eaf6d90", "env": "development", "version": "1.1.0"}
2026-08-06 22:49:50,664 INFO sqlalchemy.engine.Engine [cached since 193.9s ago] (UUID('c56a3f78-3748-4393-ba17-bef1f235af9d'),)
{"level": "INFO", "logger": "sqlalchemy.engine.Engine", "message": "[cached since 193.9s ago] (UUID('c56a3f78-3748-4393-ba17-bef1f235af9d'),)", "request_id": "8b9c7129-6ede-433e-8b8b-98de3eaf6d90", "env": "development", "version": "1.1.0"}
2026-08-06 22:49:50,666 INFO sqlalchemy.engine.Engine SELECT property_amenities.property_id AS property_amenities_property_id, property_amenities.id AS property_amenities_id, property_amenities.amenity_id AS property_amenities_amenity_id 
FROM property_amenities 
WHERE property_amenities.property_id IN ($1::UUID)
{"level": "INFO", "logger": "sqlalchemy.engine.Engine", "message": "SELECT property_amenities.property_id AS property_amenities_property_id, property_amenities.id AS property_amenities_id, property_amenities.amenity_id AS property_amenities_amenity_id \nFROM property_amenities \nWHERE property_amenities.property_id IN ($1::UUID)", "request_id": "8b9c7129-6ede-433e-8b8b-98de3eaf6d90", "env": "development", "version": "1.1.0"}
2026-08-06 22:49:50,666 INFO sqlalchemy.engine.Engine [cached since 193.9s ago] (UUID('c56a3f78-3748-4393-ba17-bef1f235af9d'),)
{"level": "INFO", "logger": "sqlalchemy.engine.Engine", "message": "[cached since 193.9s ago] (UUID('c56a3f78-3748-4393-ba17-bef1f235af9d'),)", "request_id": "8b9c7129-6ede-433e-8b8b-98de3eaf6d90", "env": "development", "version": "1.1.0"}
2026-08-06 22:49:50,668 INFO sqlalchemy.engine.Engine UPDATE properties SET country=$1::VARCHAR, state=$2::VARCHAR, city=$3::VARCHAR, onboarding_step=$4::INTEGER, updated_at=now() WHERE properties.id = $5::UUID
{"level": "INFO", "logger": "sqlalchemy.engine.Engine", "message": "UPDATE properties SET country=$1::VARCHAR, state=$2::VARCHAR, city=$3::VARCHAR, onboarding_step=$4::INTEGER, updated_at=now() WHERE properties.id = $5::UUID", "request_id": "8b9c7129-6ede-433e-8b8b-98de3eaf6d90", "env": "development", "version": "1.1.0"}
2026-08-06 22:49:50,668 INFO sqlalchemy.engine.Engine [generated in 0.00018s] ('', '', '', 3, UUID('c56a3f78-3748-4393-ba17-bef1f235af9d'))
{"level": "INFO", "logger": "sqlalchemy.engine.Engine", "message": "[generated in 0.00018s] ('', '', '', 3, UUID('c56a3f78-3748-4393-ba17-bef1f235af9d'))", "request_id": "8b9c7129-6ede-433e-8b8b-98de3eaf6d90", "env": "development", "version": "1.1.0"}
2026-08-06 22:49:50,670 INFO sqlalchemy.engine.Engine SELECT properties.id, properties.user_id, properties.title, properties.property_type, properties.building_type, properties.floor_number, properties.country, properties.state, properties.city, properties.area, properties.neighborhood, properties.postal_code, properties.latitude, properties.longitude, properties.bedrooms, properties.bathrooms, properties.beds, properties.guests, properties.square_feet, properties.square_meters, properties.cleaning_fee, properties.extra_guest_fee, properties.minimum_nights, properties.maximum_nights, properties.current_price, properties.availability_notes, properties.features, properties.onboarding_step, properties.onboarding_complete, properties.is_active, properties.created_at, properties.updated_at 
FROM properties 
WHERE properties.id = $1::UUID
{"level": "INFO", "logger": "sqlalchemy.engine.Engine", "message": "SELECT properties.id, properties.user_id, properties.title, properties.property_type, properties.building_type, properties.floor_number, properties.country, properties.state, properties.city, properties.area, properties.neighborhood, properties.postal_code, properties.latitude, properties.longitude, properties.bedrooms, properties.bathrooms, properties.beds, properties.guests, properties.square_feet, properties.square_meters, properties.cleaning_fee, properties.extra_guest_fee, properties.minimum_nights, properties.maximum_nights, properties.current_price, properties.availability_notes, properties.features, properties.onboarding_step, properties.onboarding_complete, properties.is_active, properties.created_at, properties.updated_at \nFROM properties \nWHERE properties.id = $1::UUID", "request_id": "8b9c7129-6ede-433e-8b8b-98de3eaf6d90", "env": "development", "version": "1.1.0"}
2026-08-06 22:49:50,670 INFO sqlalchemy.engine.Engine [cached since 193.9s ago] (UUID('c56a3f78-3748-4393-ba17-bef1f235af9d'),)
{"level": "INFO", "logger": "sqlalchemy.engine.Engine", "message": "[cached since 193.9s ago] (UUID('c56a3f78-3748-4393-ba17-bef1f235af9d'),)", "request_id": "8b9c7129-6ede-433e-8b8b-98de3eaf6d90", "env": "development", "version": "1.1.0"}
2026-08-06 22:49:50,671 INFO sqlalchemy.engine.Engine SELECT property_photos.property_id AS property_photos_property_id, property_photos.id AS property_photos_id, property_photos.s3_key AS property_photos_s3_key, property_photos.url AS property_photos_url, property_photos.content_type AS property_photos_content_type, property_photos.sort_order AS property_photos_sort_order, property_photos.room_tag AS property_photos_room_tag, property_photos.created_at AS property_photos_created_at, property_photos.updated_at AS property_photos_updated_at 
FROM property_photos 
WHERE property_photos.property_id IN ($1::UUID)
{"level": "INFO", "logger": "sqlalchemy.engine.Engine", "message": "SELECT property_photos.property_id AS property_photos_property_id, property_photos.id AS property_photos_id, property_photos.s3_key AS property_photos_s3_key, property_photos.url AS property_photos_url, property_photos.content_type AS property_photos_content_type, property_photos.sort_order AS property_photos_sort_order, property_photos.room_tag AS property_photos_room_tag, property_photos.created_at AS property_photos_created_at, property_photos.updated_at AS property_photos_updated_at \nFROM property_photos \nWHERE property_photos.property_id IN ($1::UUID)", "request_id": "8b9c7129-6ede-433e-8b8b-98de3eaf6d90", "env": "development", "version": "1.1.0"}
2026-08-06 22:49:50,671 INFO sqlalchemy.engine.Engine [cached since 193.9s ago] (UUID('c56a3f78-3748-4393-ba17-bef1f235af9d'),)
{"level": "INFO", "logger": "sqlalchemy.engine.Engine", "message": "[cached since 193.9s ago] (UUID('c56a3f78-3748-4393-ba17-bef1f235af9d'),)", "request_id": "8b9c7129-6ede-433e-8b8b-98de3eaf6d90", "env": "development", "version": "1.1.0"}
2026-08-06 22:49:50,672 INFO sqlalchemy.engine.Engine SELECT property_amenities.property_id AS property_amenities_property_id, property_amenities.id AS property_amenities_id, property_amenities.amenity_id AS property_amenities_amenity_id 
FROM property_amenities 
WHERE property_amenities.property_id IN ($1::UUID)
{"level": "INFO", "logger": "sqlalchemy.engine.Engine", "message": "SELECT property_amenities.property_id AS property_amenities_property_id, property_amenities.id AS property_amenities_id, property_amenities.amenity_id AS property_amenities_amenity_id \nFROM property_amenities \nWHERE property_amenities.property_id IN ($1::UUID)", "request_id": "8b9c7129-6ede-433e-8b8b-98de3eaf6d90", "env": "development", "version": "1.1.0"}
2026-08-06 22:49:50,672 INFO sqlalchemy.engine.Engine [cached since 193.9s ago] (UUID('c56a3f78-3748-4393-ba17-bef1f235af9d'),)
{"level": "INFO", "logger": "sqlalchemy.engine.Engine", "message": "[cached since 193.9s ago] (UUID('c56a3f78-3748-4393-ba17-bef1f235af9d'),)", "request_id": "8b9c7129-6ede-433e-8b8b-98de3eaf6d90", "env": "development", "version": "1.1.0"}
{"level": "INFO", "logger": "app.request", "message": "request", "request_id": null, "env": "development", "version": "1.1.0", "path": "/v1/properties/c56a3f78-3748-4393-ba17-bef1f235af9d", "method": "PATCH", "status_code": 200, "duration_ms": 19.64}
INFO:     127.0.0.1:35104 - "PATCH /v1/properties/c56a3f78-3748-4393-ba17-bef1f235af9d HTTP/1.1" 200 OK
2026-08-06 22:49:50,674 INFO sqlalchemy.engine.Engine COMMIT
{"level": "INFO", "logger": "sqlalchemy.engine.Engine", "message": "COMMIT", "request_id": "8b9c7129-6ede-433e-8b8b-98de3eaf6d90", "env": "development", "version": "1.1.0"}
2026-08-06 22:50:42,357 INFO sqlalchemy.engine.Engine BEGIN (implicit)
{"level": "INFO", "logger": "sqlalchemy.engine.Engine", "message": "BEGIN (implicit)", "request_id": "72db142c-a54b-47e5-a7c9-659fad8fc98b", "env": "development", "version": "1.1.0"}
2026-08-06 22:50:42,358 INFO sqlalchemy.engine.Engine SELECT users.id, users.email, users.hashed_password, users.full_name, users.role, users.is_active, users.is_verified, users.stripe_customer_id, users.created_at, users.updated_at 
FROM users 
WHERE users.id = $1::UUID
{"level": "INFO", "logger": "sqlalchemy.engine.Engine", "message": "SELECT users.id, users.email, users.hashed_password, users.full_name, users.role, users.is_active, users.is_verified, users.stripe_customer_id, users.created_at, users.updated_at \nFROM users \nWHERE users.id = $1::UUID", "request_id": "72db142c-a54b-47e5-a7c9-659fad8fc98b", "env": "development", "version": "1.1.0"}
2026-08-06 22:50:42,358 INFO sqlalchemy.engine.Engine [cached since 285.1s ago] (UUID('86a2cd83-52db-4f6b-9071-5f9a100c8b54'),)
{"level": "INFO", "logger": "sqlalchemy.engine.Engine", "message": "[cached since 285.1s ago] (UUID('86a2cd83-52db-4f6b-9071-5f9a100c8b54'),)", "request_id": "72db142c-a54b-47e5-a7c9-659fad8fc98b", "env": "development", "version": "1.1.0"}
2026-08-06 22:50:42,359 INFO sqlalchemy.engine.Engine SELECT subscriptions.user_id AS subscriptions_user_id, subscriptions.id AS subscriptions_id, subscriptions.plan_id AS subscriptions_plan_id, subscriptions.status AS subscriptions_status, subscriptions.stripe_subscription_id AS subscriptions_stripe_subscription_id, subscriptions.current_period_end AS subscriptions_current_period_end, subscriptions.created_at AS subscriptions_created_at, subscriptions.updated_at AS subscriptions_updated_at 
FROM subscriptions 
WHERE subscriptions.user_id IN ($1::UUID)
{"level": "INFO", "logger": "sqlalchemy.engine.Engine", "message": "SELECT subscriptions.user_id AS subscriptions_user_id, subscriptions.id AS subscriptions_id, subscriptions.plan_id AS subscriptions_plan_id, subscriptions.status AS subscriptions_status, subscriptions.stripe_subscription_id AS subscriptions_stripe_subscription_id, subscriptions.current_period_end AS subscriptions_current_period_end, subscriptions.created_at AS subscriptions_created_at, subscriptions.updated_at AS subscriptions_updated_at \nFROM subscriptions \nWHERE subscriptions.user_id IN ($1::UUID)", "request_id": "72db142c-a54b-47e5-a7c9-659fad8fc98b", "env": "development", "version": "1.1.0"}
2026-08-06 22:50:42,359 INFO sqlalchemy.engine.Engine [cached since 285.1s ago] (UUID('86a2cd83-52db-4f6b-9071-5f9a100c8b54'),)
{"level": "INFO", "logger": "sqlalchemy.engine.Engine", "message": "[cached since 285.1s ago] (UUID('86a2cd83-52db-4f6b-9071-5f9a100c8b54'),)", "request_id": "72db142c-a54b-47e5-a7c9-659fad8fc98b", "env": "development", "version": "1.1.0"}
2026-08-06 22:50:42,360 INFO sqlalchemy.engine.Engine SELECT plans.id AS plans_id, plans.code AS plans_code, plans.name AS plans_name, plans.description AS plans_description, plans.property_limit AS plans_property_limit, plans.price_monthly_cents AS plans_price_monthly_cents, plans.stripe_price_id AS plans_stripe_price_id, plans.features AS plans_features, plans.created_at AS plans_created_at, plans.updated_at AS plans_updated_at 
FROM plans 
WHERE plans.id IN ($1::UUID)
{"level": "INFO", "logger": "sqlalchemy.engine.Engine", "message": "SELECT plans.id AS plans_id, plans.code AS plans_code, plans.name AS plans_name, plans.description AS plans_description, plans.property_limit AS plans_property_limit, plans.price_monthly_cents AS plans_price_monthly_cents, plans.stripe_price_id AS plans_stripe_price_id, plans.features AS plans_features, plans.created_at AS plans_created_at, plans.updated_at AS plans_updated_at \nFROM plans \nWHERE plans.id IN ($1::UUID)", "request_id": "72db142c-a54b-47e5-a7c9-659fad8fc98b", "env": "development", "version": "1.1.0"}
2026-08-06 22:50:42,360 INFO sqlalchemy.engine.Engine [cached since 285.1s ago] (UUID('143a89e6-c3d0-4d94-9d43-e062122d2f17'),)
{"level": "INFO", "logger": "sqlalchemy.engine.Engine", "message": "[cached since 285.1s ago] (UUID('143a89e6-c3d0-4d94-9d43-e062122d2f17'),)", "request_id": "72db142c-a54b-47e5-a7c9-659fad8fc98b", "env": "development", "version": "1.1.0"}
2026-08-06 22:50:42,362 INFO sqlalchemy.engine.Engine SELECT properties.id, properties.user_id, properties.title, properties.property_type, properties.building_type, properties.floor_number, properties.country, properties.state, properties.city, properties.area, properties.neighborhood, properties.postal_code, properties.latitude, properties.longitude, properties.bedrooms, properties.bathrooms, properties.beds, properties.guests, properties.square_feet, properties.square_meters, properties.cleaning_fee, properties.extra_guest_fee, properties.minimum_nights, properties.maximum_nights, properties.current_price, properties.availability_notes, properties.features, properties.onboarding_step, properties.onboarding_complete, properties.is_active, properties.created_at, properties.updated_at 
FROM properties 
WHERE properties.id = $1::UUID AND properties.user_id = $2::UUID
{"level": "INFO", "logger": "sqlalchemy.engine.Engine", "message": "SELECT properties.id, properties.user_id, properties.title, properties.property_type, properties.building_type, properties.floor_number, properties.country, properties.state, properties.city, properties.area, properties.neighborhood, properties.postal_code, properties.latitude, properties.longitude, properties.bedrooms, properties.bathrooms, properties.beds, properties.guests, properties.square_feet, properties.square_meters, properties.cleaning_fee, properties.extra_guest_fee, properties.minimum_nights, properties.maximum_nights, properties.current_price, properties.availability_notes, properties.features, properties.onboarding_step, properties.onboarding_complete, properties.is_active, properties.created_at, properties.updated_at \nFROM properties \nWHERE properties.id = $1::UUID AND properties.user_id = $2::UUID", "request_id": "72db142c-a54b-47e5-a7c9-659fad8fc98b", "env": "development", "version": "1.1.0"}
2026-08-06 22:50:42,362 INFO sqlalchemy.engine.Engine [cached since 245.6s ago] (UUID('c56a3f78-3748-4393-ba17-bef1f235af9d'), UUID('86a2cd83-52db-4f6b-9071-5f9a100c8b54'))
{"level": "INFO", "logger": "sqlalchemy.engine.Engine", "message": "[cached since 245.6s ago] (UUID('c56a3f78-3748-4393-ba17-bef1f235af9d'), UUID('86a2cd83-52db-4f6b-9071-5f9a100c8b54'))", "request_id": "72db142c-a54b-47e5-a7c9-659fad8fc98b", "env": "development", "version": "1.1.0"}
2026-08-06 22:50:42,364 INFO sqlalchemy.engine.Engine SELECT property_photos.property_id AS property_photos_property_id, property_photos.id AS property_photos_id, property_photos.s3_key AS property_photos_s3_key, property_photos.url AS property_photos_url, property_photos.content_type AS property_photos_content_type, property_photos.sort_order AS property_photos_sort_order, property_photos.room_tag AS property_photos_room_tag, property_photos.created_at AS property_photos_created_at, property_photos.updated_at AS property_photos_updated_at 
FROM property_photos 
WHERE property_photos.property_id IN ($1::UUID)
{"level": "INFO", "logger": "sqlalchemy.engine.Engine", "message": "SELECT property_photos.property_id AS property_photos_property_id, property_photos.id AS property_photos_id, property_photos.s3_key AS property_photos_s3_key, property_photos.url AS property_photos_url, property_photos.content_type AS property_photos_content_type, property_photos.sort_order AS property_photos_sort_order, property_photos.room_tag AS property_photos_room_tag, property_photos.created_at AS property_photos_created_at, property_photos.updated_at AS property_photos_updated_at \nFROM property_photos \nWHERE property_photos.property_id IN ($1::UUID)", "request_id": "72db142c-a54b-47e5-a7c9-659fad8fc98b", "env": "development", "version": "1.1.0"}
2026-08-06 22:50:42,364 INFO sqlalchemy.engine.Engine [cached since 245.6s ago] (UUID('c56a3f78-3748-4393-ba17-bef1f235af9d'),)
{"level": "INFO", "logger": "sqlalchemy.engine.Engine", "message": "[cached since 245.6s ago] (UUID('c56a3f78-3748-4393-ba17-bef1f235af9d'),)", "request_id": "72db142c-a54b-47e5-a7c9-659fad8fc98b", "env": "development", "version": "1.1.0"}
2026-08-06 22:50:42,365 INFO sqlalchemy.engine.Engine SELECT property_amenities.property_id AS property_amenities_property_id, property_amenities.id AS property_amenities_id, property_amenities.amenity_id AS property_amenities_amenity_id 
FROM property_amenities 
WHERE property_amenities.property_id IN ($1::UUID)
{"level": "INFO", "logger": "sqlalchemy.engine.Engine", "message": "SELECT property_amenities.property_id AS property_amenities_property_id, property_amenities.id AS property_amenities_id, property_amenities.amenity_id AS property_amenities_amenity_id \nFROM property_amenities \nWHERE property_amenities.property_id IN ($1::UUID)", "request_id": "72db142c-a54b-47e5-a7c9-659fad8fc98b", "env": "development", "version": "1.1.0"}
2026-08-06 22:50:42,365 INFO sqlalchemy.engine.Engine [cached since 245.6s ago] (UUID('c56a3f78-3748-4393-ba17-bef1f235af9d'),)
{"level": "INFO", "logger": "sqlalchemy.engine.Engine", "message": "[cached since 245.6s ago] (UUID('c56a3f78-3748-4393-ba17-bef1f235af9d'),)", "request_id": "72db142c-a54b-47e5-a7c9-659fad8fc98b", "env": "development", "version": "1.1.0"}
2026-08-06 22:50:42,366 INFO sqlalchemy.engine.Engine UPDATE properties SET bedrooms=$1::INTEGER, bathrooms=$2::FLOAT, beds=$3::INTEGER, guests=$4::INTEGER, features=$5::JSONB, onboarding_step=$6::INTEGER, updated_at=now() WHERE properties.id = $7::UUID
{"level": "INFO", "logger": "sqlalchemy.engine.Engine", "message": "UPDATE properties SET bedrooms=$1::INTEGER, bathrooms=$2::FLOAT, beds=$3::INTEGER, guests=$4::INTEGER, features=$5::JSONB, onboarding_step=$6::INTEGER, updated_at=now() WHERE properties.id = $7::UUID", "request_id": "72db142c-a54b-47e5-a7c9-659fad8fc98b", "env": "development", "version": "1.1.0"}
2026-08-06 22:50:42,366 INFO sqlalchemy.engine.Engine [generated in 0.00019s] (0, 0.0, 0, 0, '{"self_checkin": false}', 4, UUID('c56a3f78-3748-4393-ba17-bef1f235af9d'))
{"level": "INFO", "logger": "sqlalchemy.engine.Engine", "message": "[generated in 0.00019s] (0, 0.0, 0, 0, '{\"self_checkin\": false}', 4, UUID('c56a3f78-3748-4393-ba17-bef1f235af9d'))", "request_id": "72db142c-a54b-47e5-a7c9-659fad8fc98b", "env": "development", "version": "1.1.0"}
2026-08-06 22:50:42,368 INFO sqlalchemy.engine.Engine SELECT properties.id, properties.user_id, properties.title, properties.property_type, properties.building_type, properties.floor_number, properties.country, properties.state, properties.city, properties.area, properties.neighborhood, properties.postal_code, properties.latitude, properties.longitude, properties.bedrooms, properties.bathrooms, properties.beds, properties.guests, properties.square_feet, properties.square_meters, properties.cleaning_fee, properties.extra_guest_fee, properties.minimum_nights, properties.maximum_nights, properties.current_price, properties.availability_notes, properties.features, properties.onboarding_step, properties.onboarding_complete, properties.is_active, properties.created_at, properties.updated_at 
FROM properties 
WHERE properties.id = $1::UUID
{"level": "INFO", "logger": "sqlalchemy.engine.Engine", "message": "SELECT properties.id, properties.user_id, properties.title, properties.property_type, properties.building_type, properties.floor_number, properties.country, properties.state, properties.city, properties.area, properties.neighborhood, properties.postal_code, properties.latitude, properties.longitude, properties.bedrooms, properties.bathrooms, properties.beds, properties.guests, properties.square_feet, properties.square_meters, properties.cleaning_fee, properties.extra_guest_fee, properties.minimum_nights, properties.maximum_nights, properties.current_price, properties.availability_notes, properties.features, properties.onboarding_step, properties.onboarding_complete, properties.is_active, properties.created_at, properties.updated_at \nFROM properties \nWHERE properties.id = $1::UUID", "request_id": "72db142c-a54b-47e5-a7c9-659fad8fc98b", "env": "development", "version": "1.1.0"}
2026-08-06 22:50:42,368 INFO sqlalchemy.engine.Engine [cached since 245.6s ago] (UUID('c56a3f78-3748-4393-ba17-bef1f235af9d'),)
{"level": "INFO", "logger": "sqlalchemy.engine.Engine", "message": "[cached since 245.6s ago] (UUID('c56a3f78-3748-4393-ba17-bef1f235af9d'),)", "request_id": "72db142c-a54b-47e5-a7c9-659fad8fc98b", "env": "development", "version": "1.1.0"}
2026-08-06 22:50:42,369 INFO sqlalchemy.engine.Engine SELECT property_photos.property_id AS property_photos_property_id, property_photos.id AS property_photos_id, property_photos.s3_key AS property_photos_s3_key, property_photos.url AS property_photos_url, property_photos.content_type AS property_photos_content_type, property_photos.sort_order AS property_photos_sort_order, property_photos.room_tag AS property_photos_room_tag, property_photos.created_at AS property_photos_created_at, property_photos.updated_at AS property_photos_updated_at 
FROM property_photos 
WHERE property_photos.property_id IN ($1::UUID)
{"level": "INFO", "logger": "sqlalchemy.engine.Engine", "message": "SELECT property_photos.property_id AS property_photos_property_id, property_photos.id AS property_photos_id, property_photos.s3_key AS property_photos_s3_key, property_photos.url AS property_photos_url, property_photos.content_type AS property_photos_content_type, property_photos.sort_order AS property_photos_sort_order, property_photos.room_tag AS property_photos_room_tag, property_photos.created_at AS property_photos_created_at, property_photos.updated_at AS property_photos_updated_at \nFROM property_photos \nWHERE property_photos.property_id IN ($1::UUID)", "request_id": "72db142c-a54b-47e5-a7c9-659fad8fc98b", "env": "development", "version": "1.1.0"}
2026-08-06 22:50:42,369 INFO sqlalchemy.engine.Engine [cached since 245.6s ago] (UUID('c56a3f78-3748-4393-ba17-bef1f235af9d'),)
{"level": "INFO", "logger": "sqlalchemy.engine.Engine", "message": "[cached since 245.6s ago] (UUID('c56a3f78-3748-4393-ba17-bef1f235af9d'),)", "request_id": "72db142c-a54b-47e5-a7c9-659fad8fc98b", "env": "development", "version": "1.1.0"}
2026-08-06 22:50:42,370 INFO sqlalchemy.engine.Engine SELECT property_amenities.property_id AS property_amenities_property_id, property_amenities.id AS property_amenities_id, property_amenities.amenity_id AS property_amenities_amenity_id 
FROM property_amenities 
WHERE property_amenities.property_id IN ($1::UUID)
{"level": "INFO", "logger": "sqlalchemy.engine.Engine", "message": "SELECT property_amenities.property_id AS property_amenities_property_id, property_amenities.id AS property_amenities_id, property_amenities.amenity_id AS property_amenities_amenity_id \nFROM property_amenities \nWHERE property_amenities.property_id IN ($1::UUID)", "request_id": "72db142c-a54b-47e5-a7c9-659fad8fc98b", "env": "development", "version": "1.1.0"}
2026-08-06 22:50:42,370 INFO sqlalchemy.engine.Engine [cached since 245.6s ago] (UUID('c56a3f78-3748-4393-ba17-bef1f235af9d'),)
{"level": "INFO", "logger": "sqlalchemy.engine.Engine", "message": "[cached since 245.6s ago] (UUID('c56a3f78-3748-4393-ba17-bef1f235af9d'),)", "request_id": "72db142c-a54b-47e5-a7c9-659fad8fc98b", "env": "development", "version": "1.1.0"}
{"level": "INFO", "logger": "app.request", "message": "request", "request_id": null, "env": "development", "version": "1.1.0", "path": "/v1/properties/c56a3f78-3748-4393-ba17-bef1f235af9d", "method": "PATCH", "status_code": 200, "duration_ms": 18.34}
INFO:     127.0.0.1:46120 - "PATCH /v1/properties/c56a3f78-3748-4393-ba17-bef1f235af9d HTTP/1.1" 200 OK
2026-08-06 22:50:42,372 INFO sqlalchemy.engine.Engine COMMIT
{"level": "INFO", "logger": "sqlalchemy.engine.Engine", "message": "COMMIT", "request_id": "72db142c-a54b-47e5-a7c9-659fad8fc98b", "env": "development", "version": "1.1.0"}
2026-08-06 22:50:58,480 INFO sqlalchemy.engine.Engine BEGIN (implicit)
{"level": "INFO", "logger": "sqlalchemy.engine.Engine", "message": "BEGIN (implicit)", "request_id": "eb1bf97e-3f89-4fee-8346-3f90b5155a8a", "env": "development", "version": "1.1.0"}
2026-08-06 22:50:58,480 INFO sqlalchemy.engine.Engine SELECT users.id, users.email, users.hashed_password, users.full_name, users.role, users.is_active, users.is_verified, users.stripe_customer_id, users.created_at, users.updated_at 
FROM users 
WHERE users.id = $1::UUID
{"level": "INFO", "logger": "sqlalchemy.engine.Engine", "message": "SELECT users.id, users.email, users.hashed_password, users.full_name, users.role, users.is_active, users.is_verified, users.stripe_customer_id, users.created_at, users.updated_at \nFROM users \nWHERE users.id = $1::UUID", "request_id": "eb1bf97e-3f89-4fee-8346-3f90b5155a8a", "env": "development", "version": "1.1.0"}
2026-08-06 22:50:58,480 INFO sqlalchemy.engine.Engine [cached since 301.2s ago] (UUID('86a2cd83-52db-4f6b-9071-5f9a100c8b54'),)
{"level": "INFO", "logger": "sqlalchemy.engine.Engine", "message": "[cached since 301.2s ago] (UUID('86a2cd83-52db-4f6b-9071-5f9a100c8b54'),)", "request_id": "eb1bf97e-3f89-4fee-8346-3f90b5155a8a", "env": "development", "version": "1.1.0"}
2026-08-06 22:50:58,481 INFO sqlalchemy.engine.Engine SELECT subscriptions.user_id AS subscriptions_user_id, subscriptions.id AS subscriptions_id, subscriptions.plan_id AS subscriptions_plan_id, subscriptions.status AS subscriptions_status, subscriptions.stripe_subscription_id AS subscriptions_stripe_subscription_id, subscriptions.current_period_end AS subscriptions_current_period_end, subscriptions.created_at AS subscriptions_created_at, subscriptions.updated_at AS subscriptions_updated_at 
FROM subscriptions 
WHERE subscriptions.user_id IN ($1::UUID)
{"level": "INFO", "logger": "sqlalchemy.engine.Engine", "message": "SELECT subscriptions.user_id AS subscriptions_user_id, subscriptions.id AS subscriptions_id, subscriptions.plan_id AS subscriptions_plan_id, subscriptions.status AS subscriptions_status, subscriptions.stripe_subscription_id AS subscriptions_stripe_subscription_id, subscriptions.current_period_end AS subscriptions_current_period_end, subscriptions.created_at AS subscriptions_created_at, subscriptions.updated_at AS subscriptions_updated_at \nFROM subscriptions \nWHERE subscriptions.user_id IN ($1::UUID)", "request_id": "eb1bf97e-3f89-4fee-8346-3f90b5155a8a", "env": "development", "version": "1.1.0"}
2026-08-06 22:50:58,481 INFO sqlalchemy.engine.Engine [cached since 301.2s ago] (UUID('86a2cd83-52db-4f6b-9071-5f9a100c8b54'),)
{"level": "INFO", "logger": "sqlalchemy.engine.Engine", "message": "[cached since 301.2s ago] (UUID('86a2cd83-52db-4f6b-9071-5f9a100c8b54'),)", "request_id": "eb1bf97e-3f89-4fee-8346-3f90b5155a8a", "env": "development", "version": "1.1.0"}
2026-08-06 22:50:58,482 INFO sqlalchemy.engine.Engine SELECT plans.id AS plans_id, plans.code AS plans_code, plans.name AS plans_name, plans.description AS plans_description, plans.property_limit AS plans_property_limit, plans.price_monthly_cents AS plans_price_monthly_cents, plans.stripe_price_id AS plans_stripe_price_id, plans.features AS plans_features, plans.created_at AS plans_created_at, plans.updated_at AS plans_updated_at 
FROM plans 
WHERE plans.id IN ($1::UUID)
{"level": "INFO", "logger": "sqlalchemy.engine.Engine", "message": "SELECT plans.id AS plans_id, plans.code AS plans_code, plans.name AS plans_name, plans.description AS plans_description, plans.property_limit AS plans_property_limit, plans.price_monthly_cents AS plans_price_monthly_cents, plans.stripe_price_id AS plans_stripe_price_id, plans.features AS plans_features, plans.created_at AS plans_created_at, plans.updated_at AS plans_updated_at \nFROM plans \nWHERE plans.id IN ($1::UUID)", "request_id": "eb1bf97e-3f89-4fee-8346-3f90b5155a8a", "env": "development", "version": "1.1.0"}
2026-08-06 22:50:58,482 INFO sqlalchemy.engine.Engine [cached since 301.2s ago] (UUID('143a89e6-c3d0-4d94-9d43-e062122d2f17'),)
{"level": "INFO", "logger": "sqlalchemy.engine.Engine", "message": "[cached since 301.2s ago] (UUID('143a89e6-c3d0-4d94-9d43-e062122d2f17'),)", "request_id": "eb1bf97e-3f89-4fee-8346-3f90b5155a8a", "env": "development", "version": "1.1.0"}
2026-08-06 22:50:58,483 INFO sqlalchemy.engine.Engine SELECT properties.id, properties.user_id, properties.title, properties.property_type, properties.building_type, properties.floor_number, properties.country, properties.state, properties.city, properties.area, properties.neighborhood, properties.postal_code, properties.latitude, properties.longitude, properties.bedrooms, properties.bathrooms, properties.beds, properties.guests, properties.square_feet, properties.square_meters, properties.cleaning_fee, properties.extra_guest_fee, properties.minimum_nights, properties.maximum_nights, properties.current_price, properties.availability_notes, properties.features, properties.onboarding_step, properties.onboarding_complete, properties.is_active, properties.created_at, properties.updated_at 
FROM properties 
WHERE properties.id = $1::UUID AND properties.user_id = $2::UUID
{"level": "INFO", "logger": "sqlalchemy.engine.Engine", "message": "SELECT properties.id, properties.user_id, properties.title, properties.property_type, properties.building_type, properties.floor_number, properties.country, properties.state, properties.city, properties.area, properties.neighborhood, properties.postal_code, properties.latitude, properties.longitude, properties.bedrooms, properties.bathrooms, properties.beds, properties.guests, properties.square_feet, properties.square_meters, properties.cleaning_fee, properties.extra_guest_fee, properties.minimum_nights, properties.maximum_nights, properties.current_price, properties.availability_notes, properties.features, properties.onboarding_step, properties.onboarding_complete, properties.is_active, properties.created_at, properties.updated_at \nFROM properties \nWHERE properties.id = $1::UUID AND properties.user_id = $2::UUID", "request_id": "eb1bf97e-3f89-4fee-8346-3f90b5155a8a", "env": "development", "version": "1.1.0"}
2026-08-06 22:50:58,483 INFO sqlalchemy.engine.Engine [cached since 261.7s ago] (UUID('c56a3f78-3748-4393-ba17-bef1f235af9d'), UUID('86a2cd83-52db-4f6b-9071-5f9a100c8b54'))
{"level": "INFO", "logger": "sqlalchemy.engine.Engine", "message": "[cached since 261.7s ago] (UUID('c56a3f78-3748-4393-ba17-bef1f235af9d'), UUID('86a2cd83-52db-4f6b-9071-5f9a100c8b54'))", "request_id": "eb1bf97e-3f89-4fee-8346-3f90b5155a8a", "env": "development", "version": "1.1.0"}
2026-08-06 22:50:58,483 INFO sqlalchemy.engine.Engine SELECT property_photos.property_id AS property_photos_property_id, property_photos.id AS property_photos_id, property_photos.s3_key AS property_photos_s3_key, property_photos.url AS property_photos_url, property_photos.content_type AS property_photos_content_type, property_photos.sort_order AS property_photos_sort_order, property_photos.room_tag AS property_photos_room_tag, property_photos.created_at AS property_photos_created_at, property_photos.updated_at AS property_photos_updated_at 
FROM property_photos 
WHERE property_photos.property_id IN ($1::UUID)
{"level": "INFO", "logger": "sqlalchemy.engine.Engine", "message": "SELECT property_photos.property_id AS property_photos_property_id, property_photos.id AS property_photos_id, property_photos.s3_key AS property_photos_s3_key, property_photos.url AS property_photos_url, property_photos.content_type AS property_photos_content_type, property_photos.sort_order AS property_photos_sort_order, property_photos.room_tag AS property_photos_room_tag, property_photos.created_at AS property_photos_created_at, property_photos.updated_at AS property_photos_updated_at \nFROM property_photos \nWHERE property_photos.property_id IN ($1::UUID)", "request_id": "eb1bf97e-3f89-4fee-8346-3f90b5155a8a", "env": "development", "version": "1.1.0"}
2026-08-06 22:50:58,483 INFO sqlalchemy.engine.Engine [cached since 261.7s ago] (UUID('c56a3f78-3748-4393-ba17-bef1f235af9d'),)
{"level": "INFO", "logger": "sqlalchemy.engine.Engine", "message": "[cached since 261.7s ago] (UUID('c56a3f78-3748-4393-ba17-bef1f235af9d'),)", "request_id": "eb1bf97e-3f89-4fee-8346-3f90b5155a8a", "env": "development", "version": "1.1.0"}
2026-08-06 22:50:58,484 INFO sqlalchemy.engine.Engine SELECT property_amenities.property_id AS property_amenities_property_id, property_amenities.id AS property_amenities_id, property_amenities.amenity_id AS property_amenities_amenity_id 
FROM property_amenities 
WHERE property_amenities.property_id IN ($1::UUID)
{"level": "INFO", "logger": "sqlalchemy.engine.Engine", "message": "SELECT property_amenities.property_id AS property_amenities_property_id, property_amenities.id AS property_amenities_id, property_amenities.amenity_id AS property_amenities_amenity_id \nFROM property_amenities \nWHERE property_amenities.property_id IN ($1::UUID)", "request_id": "eb1bf97e-3f89-4fee-8346-3f90b5155a8a", "env": "development", "version": "1.1.0"}
2026-08-06 22:50:58,484 INFO sqlalchemy.engine.Engine [cached since 261.7s ago] (UUID('c56a3f78-3748-4393-ba17-bef1f235af9d'),)
{"level": "INFO", "logger": "sqlalchemy.engine.Engine", "message": "[cached since 261.7s ago] (UUID('c56a3f78-3748-4393-ba17-bef1f235af9d'),)", "request_id": "eb1bf97e-3f89-4fee-8346-3f90b5155a8a", "env": "development", "version": "1.1.0"}
2026-08-06 22:50:58,485 INFO sqlalchemy.engine.Engine UPDATE properties SET minimum_nights=$1::INTEGER, maximum_nights=$2::INTEGER, onboarding_step=$3::INTEGER, updated_at=now() WHERE properties.id = $4::UUID
{"level": "INFO", "logger": "sqlalchemy.engine.Engine", "message": "UPDATE properties SET minimum_nights=$1::INTEGER, maximum_nights=$2::INTEGER, onboarding_step=$3::INTEGER, updated_at=now() WHERE properties.id = $4::UUID", "request_id": "eb1bf97e-3f89-4fee-8346-3f90b5155a8a", "env": "development", "version": "1.1.0"}
2026-08-06 22:50:58,485 INFO sqlalchemy.engine.Engine [generated in 0.00010s] (0, 0, 5, UUID('c56a3f78-3748-4393-ba17-bef1f235af9d'))
{"level": "INFO", "logger": "sqlalchemy.engine.Engine", "message": "[generated in 0.00010s] (0, 0, 5, UUID('c56a3f78-3748-4393-ba17-bef1f235af9d'))", "request_id": "eb1bf97e-3f89-4fee-8346-3f90b5155a8a", "env": "development", "version": "1.1.0"}
2026-08-06 22:50:58,485 INFO sqlalchemy.engine.Engine SELECT properties.id, properties.user_id, properties.title, properties.property_type, properties.building_type, properties.floor_number, properties.country, properties.state, properties.city, properties.area, properties.neighborhood, properties.postal_code, properties.latitude, properties.longitude, properties.bedrooms, properties.bathrooms, properties.beds, properties.guests, properties.square_feet, properties.square_meters, properties.cleaning_fee, properties.extra_guest_fee, properties.minimum_nights, properties.maximum_nights, properties.current_price, properties.availability_notes, properties.features, properties.onboarding_step, properties.onboarding_complete, properties.is_active, properties.created_at, properties.updated_at 
FROM properties 
WHERE properties.id = $1::UUID
{"level": "INFO", "logger": "sqlalchemy.engine.Engine", "message": "SELECT properties.id, properties.user_id, properties.title, properties.property_type, properties.building_type, properties.floor_number, properties.country, properties.state, properties.city, properties.area, properties.neighborhood, properties.postal_code, properties.latitude, properties.longitude, properties.bedrooms, properties.bathrooms, properties.beds, properties.guests, properties.square_feet, properties.square_meters, properties.cleaning_fee, properties.extra_guest_fee, properties.minimum_nights, properties.maximum_nights, properties.current_price, properties.availability_notes, properties.features, properties.onboarding_step, properties.onboarding_complete, properties.is_active, properties.created_at, properties.updated_at \nFROM properties \nWHERE properties.id = $1::UUID", "request_id": "eb1bf97e-3f89-4fee-8346-3f90b5155a8a", "env": "development", "version": "1.1.0"}
2026-08-06 22:50:58,485 INFO sqlalchemy.engine.Engine [cached since 261.7s ago] (UUID('c56a3f78-3748-4393-ba17-bef1f235af9d'),)
{"level": "INFO", "logger": "sqlalchemy.engine.Engine", "message": "[cached since 261.7s ago] (UUID('c56a3f78-3748-4393-ba17-bef1f235af9d'),)", "request_id": "eb1bf97e-3f89-4fee-8346-3f90b5155a8a", "env": "development", "version": "1.1.0"}
2026-08-06 22:50:58,486 INFO sqlalchemy.engine.Engine SELECT property_photos.property_id AS property_photos_property_id, property_photos.id AS property_photos_id, property_photos.s3_key AS property_photos_s3_key, property_photos.url AS property_photos_url, property_photos.content_type AS property_photos_content_type, property_photos.sort_order AS property_photos_sort_order, property_photos.room_tag AS property_photos_room_tag, property_photos.created_at AS property_photos_created_at, property_photos.updated_at AS property_photos_updated_at 
FROM property_photos 
WHERE property_photos.property_id IN ($1::UUID)
{"level": "INFO", "logger": "sqlalchemy.engine.Engine", "message": "SELECT property_photos.property_id AS property_photos_property_id, property_photos.id AS property_photos_id, property_photos.s3_key AS property_photos_s3_key, property_photos.url AS property_photos_url, property_photos.content_type AS property_photos_content_type, property_photos.sort_order AS property_photos_sort_order, property_photos.room_tag AS property_photos_room_tag, property_photos.created_at AS property_photos_created_at, property_photos.updated_at AS property_photos_updated_at \nFROM property_photos \nWHERE property_photos.property_id IN ($1::UUID)", "request_id": "eb1bf97e-3f89-4fee-8346-3f90b5155a8a", "env": "development", "version": "1.1.0"}
2026-08-06 22:50:58,486 INFO sqlalchemy.engine.Engine [cached since 261.7s ago] (UUID('c56a3f78-3748-4393-ba17-bef1f235af9d'),)
{"level": "INFO", "logger": "sqlalchemy.engine.Engine", "message": "[cached since 261.7s ago] (UUID('c56a3f78-3748-4393-ba17-bef1f235af9d'),)", "request_id": "eb1bf97e-3f89-4fee-8346-3f90b5155a8a", "env": "development", "version": "1.1.0"}
2026-08-06 22:50:58,486 INFO sqlalchemy.engine.Engine SELECT property_amenities.property_id AS property_amenities_property_id, property_amenities.id AS property_amenities_id, property_amenities.amenity_id AS property_amenities_amenity_id 
FROM property_amenities 
WHERE property_amenities.property_id IN ($1::UUID)
{"level": "INFO", "logger": "sqlalchemy.engine.Engine", "message": "SELECT property_amenities.property_id AS property_amenities_property_id, property_amenities.id AS property_amenities_id, property_amenities.amenity_id AS property_amenities_amenity_id \nFROM property_amenities \nWHERE property_amenities.property_id IN ($1::UUID)", "request_id": "eb1bf97e-3f89-4fee-8346-3f90b5155a8a", "env": "development", "version": "1.1.0"}
2026-08-06 22:50:58,486 INFO sqlalchemy.engine.Engine [cached since 261.7s ago] (UUID('c56a3f78-3748-4393-ba17-bef1f235af9d'),)
{"level": "INFO", "logger": "sqlalchemy.engine.Engine", "message": "[cached since 261.7s ago] (UUID('c56a3f78-3748-4393-ba17-bef1f235af9d'),)", "request_id": "eb1bf97e-3f89-4fee-8346-3f90b5155a8a", "env": "development", "version": "1.1.0"}
{"level": "INFO", "logger": "app.request", "message": "request", "request_id": null, "env": "development", "version": "1.1.0", "path": "/v1/properties/c56a3f78-3748-4393-ba17-bef1f235af9d", "method": "PATCH", "status_code": 200, "duration_ms": 9.86}
INFO:     127.0.0.1:54098 - "PATCH /v1/properties/c56a3f78-3748-4393-ba17-bef1f235af9d HTTP/1.1" 200 OK
2026-08-06 22:50:58,487 INFO sqlalchemy.engine.Engine COMMIT
{"level": "INFO", "logger": "sqlalchemy.engine.Engine", "message": "COMMIT", "request_id": "eb1bf97e-3f89-4fee-8346-3f90b5155a8a", "env": "development", "version": "1.1.0"}
INFO:     127.0.0.1:54098 - "OPTIONS /v1/properties/amenities HTTP/1.1" 200 OK
2026-08-06 22:50:58,495 INFO sqlalchemy.engine.Engine BEGIN (implicit)
{"level": "INFO", "logger": "sqlalchemy.engine.Engine", "message": "BEGIN (implicit)", "request_id": "682ccfb9-3d45-4c46-ae36-35c2e808a93e", "env": "development", "version": "1.1.0"}
2026-08-06 22:50:58,496 INFO sqlalchemy.engine.Engine SELECT amenities.id, amenities.code, amenities.name, amenities.category 
FROM amenities ORDER BY amenities.category, amenities.name
{"level": "INFO", "logger": "sqlalchemy.engine.Engine", "message": "SELECT amenities.id, amenities.code, amenities.name, amenities.category \nFROM amenities ORDER BY amenities.category, amenities.name", "request_id": "682ccfb9-3d45-4c46-ae36-35c2e808a93e", "env": "development", "version": "1.1.0"}
2026-08-06 22:50:58,496 INFO sqlalchemy.engine.Engine [generated in 0.00009s] ()
{"level": "INFO", "logger": "sqlalchemy.engine.Engine", "message": "[generated in 0.00009s] ()", "request_id": "682ccfb9-3d45-4c46-ae36-35c2e808a93e", "env": "development", "version": "1.1.0"}
{"level": "INFO", "logger": "app.request", "message": "request", "request_id": null, "env": "development", "version": "1.1.0", "path": "/v1/properties/amenities", "method": "GET", "status_code": 200, "duration_ms": 5.31}
INFO:     127.0.0.1:54114 - "GET /v1/properties/amenities HTTP/1.1" 200 OK
2026-08-06 22:50:58,498 INFO sqlalchemy.engine.Engine COMMIT
{"level": "INFO", "logger": "sqlalchemy.engine.Engine", "message": "COMMIT", "request_id": "682ccfb9-3d45-4c46-ae36-35c2e808a93e", "env": "development", "version": "1.1.0"}
2026-08-06 22:51:25,573 INFO sqlalchemy.engine.Engine BEGIN (implicit)
{"level": "INFO", "logger": "sqlalchemy.engine.Engine", "message": "BEGIN (implicit)", "request_id": "fb34a334-0231-4443-b48c-48c11c9caf2e", "env": "development", "version": "1.1.0"}
2026-08-06 22:51:25,573 INFO sqlalchemy.engine.Engine SELECT users.id, users.email, users.hashed_password, users.full_name, users.role, users.is_active, users.is_verified, users.stripe_customer_id, users.created_at, users.updated_at 
FROM users 
WHERE users.id = $1::UUID
{"level": "INFO", "logger": "sqlalchemy.engine.Engine", "message": "SELECT users.id, users.email, users.hashed_password, users.full_name, users.role, users.is_active, users.is_verified, users.stripe_customer_id, users.created_at, users.updated_at \nFROM users \nWHERE users.id = $1::UUID", "request_id": "fb34a334-0231-4443-b48c-48c11c9caf2e", "env": "development", "version": "1.1.0"}
2026-08-06 22:51:25,573 INFO sqlalchemy.engine.Engine [cached since 328.3s ago] (UUID('86a2cd83-52db-4f6b-9071-5f9a100c8b54'),)
{"level": "INFO", "logger": "sqlalchemy.engine.Engine", "message": "[cached since 328.3s ago] (UUID('86a2cd83-52db-4f6b-9071-5f9a100c8b54'),)", "request_id": "fb34a334-0231-4443-b48c-48c11c9caf2e", "env": "development", "version": "1.1.0"}
2026-08-06 22:51:25,574 INFO sqlalchemy.engine.Engine SELECT subscriptions.user_id AS subscriptions_user_id, subscriptions.id AS subscriptions_id, subscriptions.plan_id AS subscriptions_plan_id, subscriptions.status AS subscriptions_status, subscriptions.stripe_subscription_id AS subscriptions_stripe_subscription_id, subscriptions.current_period_end AS subscriptions_current_period_end, subscriptions.created_at AS subscriptions_created_at, subscriptions.updated_at AS subscriptions_updated_at 
FROM subscriptions 
WHERE subscriptions.user_id IN ($1::UUID)
{"level": "INFO", "logger": "sqlalchemy.engine.Engine", "message": "SELECT subscriptions.user_id AS subscriptions_user_id, subscriptions.id AS subscriptions_id, subscriptions.plan_id AS subscriptions_plan_id, subscriptions.status AS subscriptions_status, subscriptions.stripe_subscription_id AS subscriptions_stripe_subscription_id, subscriptions.current_period_end AS subscriptions_current_period_end, subscriptions.created_at AS subscriptions_created_at, subscriptions.updated_at AS subscriptions_updated_at \nFROM subscriptions \nWHERE subscriptions.user_id IN ($1::UUID)", "request_id": "fb34a334-0231-4443-b48c-48c11c9caf2e", "env": "development", "version": "1.1.0"}
2026-08-06 22:51:25,574 INFO sqlalchemy.engine.Engine [cached since 328.3s ago] (UUID('86a2cd83-52db-4f6b-9071-5f9a100c8b54'),)
{"level": "INFO", "logger": "sqlalchemy.engine.Engine", "message": "[cached since 328.3s ago] (UUID('86a2cd83-52db-4f6b-9071-5f9a100c8b54'),)", "request_id": "fb34a334-0231-4443-b48c-48c11c9caf2e", "env": "development", "version": "1.1.0"}
2026-08-06 22:51:25,575 INFO sqlalchemy.engine.Engine SELECT plans.id AS plans_id, plans.code AS plans_code, plans.name AS plans_name, plans.description AS plans_description, plans.property_limit AS plans_property_limit, plans.price_monthly_cents AS plans_price_monthly_cents, plans.stripe_price_id AS plans_stripe_price_id, plans.features AS plans_features, plans.created_at AS plans_created_at, plans.updated_at AS plans_updated_at 
FROM plans 
WHERE plans.id IN ($1::UUID)
{"level": "INFO", "logger": "sqlalchemy.engine.Engine", "message": "SELECT plans.id AS plans_id, plans.code AS plans_code, plans.name AS plans_name, plans.description AS plans_description, plans.property_limit AS plans_property_limit, plans.price_monthly_cents AS plans_price_monthly_cents, plans.stripe_price_id AS plans_stripe_price_id, plans.features AS plans_features, plans.created_at AS plans_created_at, plans.updated_at AS plans_updated_at \nFROM plans \nWHERE plans.id IN ($1::UUID)", "request_id": "fb34a334-0231-4443-b48c-48c11c9caf2e", "env": "development", "version": "1.1.0"}
2026-08-06 22:51:25,575 INFO sqlalchemy.engine.Engine [cached since 328.3s ago] (UUID('143a89e6-c3d0-4d94-9d43-e062122d2f17'),)
{"level": "INFO", "logger": "sqlalchemy.engine.Engine", "message": "[cached since 328.3s ago] (UUID('143a89e6-c3d0-4d94-9d43-e062122d2f17'),)", "request_id": "fb34a334-0231-4443-b48c-48c11c9caf2e", "env": "development", "version": "1.1.0"}
2026-08-06 22:51:25,575 INFO sqlalchemy.engine.Engine SELECT properties.id, properties.user_id, properties.title, properties.property_type, properties.building_type, properties.floor_number, properties.country, properties.state, properties.city, properties.area, properties.neighborhood, properties.postal_code, properties.latitude, properties.longitude, properties.bedrooms, properties.bathrooms, properties.beds, properties.guests, properties.square_feet, properties.square_meters, properties.cleaning_fee, properties.extra_guest_fee, properties.minimum_nights, properties.maximum_nights, properties.current_price, properties.availability_notes, properties.features, properties.onboarding_step, properties.onboarding_complete, properties.is_active, properties.created_at, properties.updated_at 
FROM properties 
WHERE properties.id = $1::UUID AND properties.user_id = $2::UUID
{"level": "INFO", "logger": "sqlalchemy.engine.Engine", "message": "SELECT properties.id, properties.user_id, properties.title, properties.property_type, properties.building_type, properties.floor_number, properties.country, properties.state, properties.city, properties.area, properties.neighborhood, properties.postal_code, properties.latitude, properties.longitude, properties.bedrooms, properties.bathrooms, properties.beds, properties.guests, properties.square_feet, properties.square_meters, properties.cleaning_fee, properties.extra_guest_fee, properties.minimum_nights, properties.maximum_nights, properties.current_price, properties.availability_notes, properties.features, properties.onboarding_step, properties.onboarding_complete, properties.is_active, properties.created_at, properties.updated_at \nFROM properties \nWHERE properties.id = $1::UUID AND properties.user_id = $2::UUID", "request_id": "fb34a334-0231-4443-b48c-48c11c9caf2e", "env": "development", "version": "1.1.0"}
2026-08-06 22:51:25,575 INFO sqlalchemy.engine.Engine [cached since 288.8s ago] (UUID('c56a3f78-3748-4393-ba17-bef1f235af9d'), UUID('86a2cd83-52db-4f6b-9071-5f9a100c8b54'))
{"level": "INFO", "logger": "sqlalchemy.engine.Engine", "message": "[cached since 288.8s ago] (UUID('c56a3f78-3748-4393-ba17-bef1f235af9d'), UUID('86a2cd83-52db-4f6b-9071-5f9a100c8b54'))", "request_id": "fb34a334-0231-4443-b48c-48c11c9caf2e", "env": "development", "version": "1.1.0"}
2026-08-06 22:51:25,576 INFO sqlalchemy.engine.Engine SELECT property_photos.property_id AS property_photos_property_id, property_photos.id AS property_photos_id, property_photos.s3_key AS property_photos_s3_key, property_photos.url AS property_photos_url, property_photos.content_type AS property_photos_content_type, property_photos.sort_order AS property_photos_sort_order, property_photos.room_tag AS property_photos_room_tag, property_photos.created_at AS property_photos_created_at, property_photos.updated_at AS property_photos_updated_at 
FROM property_photos 
WHERE property_photos.property_id IN ($1::UUID)
{"level": "INFO", "logger": "sqlalchemy.engine.Engine", "message": "SELECT property_photos.property_id AS property_photos_property_id, property_photos.id AS property_photos_id, property_photos.s3_key AS property_photos_s3_key, property_photos.url AS property_photos_url, property_photos.content_type AS property_photos_content_type, property_photos.sort_order AS property_photos_sort_order, property_photos.room_tag AS property_photos_room_tag, property_photos.created_at AS property_photos_created_at, property_photos.updated_at AS property_photos_updated_at \nFROM property_photos \nWHERE property_photos.property_id IN ($1::UUID)", "request_id": "fb34a334-0231-4443-b48c-48c11c9caf2e", "env": "development", "version": "1.1.0"}
2026-08-06 22:51:25,576 INFO sqlalchemy.engine.Engine [cached since 288.8s ago] (UUID('c56a3f78-3748-4393-ba17-bef1f235af9d'),)
{"level": "INFO", "logger": "sqlalchemy.engine.Engine", "message": "[cached since 288.8s ago] (UUID('c56a3f78-3748-4393-ba17-bef1f235af9d'),)", "request_id": "fb34a334-0231-4443-b48c-48c11c9caf2e", "env": "development", "version": "1.1.0"}
2026-08-06 22:51:25,577 INFO sqlalchemy.engine.Engine SELECT property_amenities.property_id AS property_amenities_property_id, property_amenities.id AS property_amenities_id, property_amenities.amenity_id AS property_amenities_amenity_id 
FROM property_amenities 
WHERE property_amenities.property_id IN ($1::UUID)
{"level": "INFO", "logger": "sqlalchemy.engine.Engine", "message": "SELECT property_amenities.property_id AS property_amenities_property_id, property_amenities.id AS property_amenities_id, property_amenities.amenity_id AS property_amenities_amenity_id \nFROM property_amenities \nWHERE property_amenities.property_id IN ($1::UUID)", "request_id": "fb34a334-0231-4443-b48c-48c11c9caf2e", "env": "development", "version": "1.1.0"}
2026-08-06 22:51:25,577 INFO sqlalchemy.engine.Engine [cached since 288.8s ago] (UUID('c56a3f78-3748-4393-ba17-bef1f235af9d'),)
{"level": "INFO", "logger": "sqlalchemy.engine.Engine", "message": "[cached since 288.8s ago] (UUID('c56a3f78-3748-4393-ba17-bef1f235af9d'),)", "request_id": "fb34a334-0231-4443-b48c-48c11c9caf2e", "env": "development", "version": "1.1.0"}
2026-08-06 22:51:25,577 INFO sqlalchemy.engine.Engine UPDATE properties SET onboarding_step=$1::INTEGER, updated_at=now() WHERE properties.id = $2::UUID
{"level": "INFO", "logger": "sqlalchemy.engine.Engine", "message": "UPDATE properties SET onboarding_step=$1::INTEGER, updated_at=now() WHERE properties.id = $2::UUID", "request_id": "fb34a334-0231-4443-b48c-48c11c9caf2e", "env": "development", "version": "1.1.0"}
2026-08-06 22:51:25,577 INFO sqlalchemy.engine.Engine [generated in 0.00009s] (6, UUID('c56a3f78-3748-4393-ba17-bef1f235af9d'))
{"level": "INFO", "logger": "sqlalchemy.engine.Engine", "message": "[generated in 0.00009s] (6, UUID('c56a3f78-3748-4393-ba17-bef1f235af9d'))", "request_id": "fb34a334-0231-4443-b48c-48c11c9caf2e", "env": "development", "version": "1.1.0"}
2026-08-06 22:51:25,578 INFO sqlalchemy.engine.Engine SELECT properties.id, properties.user_id, properties.title, properties.property_type, properties.building_type, properties.floor_number, properties.country, properties.state, properties.city, properties.area, properties.neighborhood, properties.postal_code, properties.latitude, properties.longitude, properties.bedrooms, properties.bathrooms, properties.beds, properties.guests, properties.square_feet, properties.square_meters, properties.cleaning_fee, properties.extra_guest_fee, properties.minimum_nights, properties.maximum_nights, properties.current_price, properties.availability_notes, properties.features, properties.onboarding_step, properties.onboarding_complete, properties.is_active, properties.created_at, properties.updated_at 
FROM properties 
WHERE properties.id = $1::UUID
{"level": "INFO", "logger": "sqlalchemy.engine.Engine", "message": "SELECT properties.id, properties.user_id, properties.title, properties.property_type, properties.building_type, properties.floor_number, properties.country, properties.state, properties.city, properties.area, properties.neighborhood, properties.postal_code, properties.latitude, properties.longitude, properties.bedrooms, properties.bathrooms, properties.beds, properties.guests, properties.square_feet, properties.square_meters, properties.cleaning_fee, properties.extra_guest_fee, properties.minimum_nights, properties.maximum_nights, properties.current_price, properties.availability_notes, properties.features, properties.onboarding_step, properties.onboarding_complete, properties.is_active, properties.created_at, properties.updated_at \nFROM properties \nWHERE properties.id = $1::UUID", "request_id": "fb34a334-0231-4443-b48c-48c11c9caf2e", "env": "development", "version": "1.1.0"}
2026-08-06 22:51:25,578 INFO sqlalchemy.engine.Engine [cached since 288.8s ago] (UUID('c56a3f78-3748-4393-ba17-bef1f235af9d'),)
{"level": "INFO", "logger": "sqlalchemy.engine.Engine", "message": "[cached since 288.8s ago] (UUID('c56a3f78-3748-4393-ba17-bef1f235af9d'),)", "request_id": "fb34a334-0231-4443-b48c-48c11c9caf2e", "env": "development", "version": "1.1.0"}
2026-08-06 22:51:25,579 INFO sqlalchemy.engine.Engine SELECT property_photos.property_id AS property_photos_property_id, property_photos.id AS property_photos_id, property_photos.s3_key AS property_photos_s3_key, property_photos.url AS property_photos_url, property_photos.content_type AS property_photos_content_type, property_photos.sort_order AS property_photos_sort_order, property_photos.room_tag AS property_photos_room_tag, property_photos.created_at AS property_photos_created_at, property_photos.updated_at AS property_photos_updated_at 
FROM property_photos 
WHERE property_photos.property_id IN ($1::UUID)
{"level": "INFO", "logger": "sqlalchemy.engine.Engine", "message": "SELECT property_photos.property_id AS property_photos_property_id, property_photos.id AS property_photos_id, property_photos.s3_key AS property_photos_s3_key, property_photos.url AS property_photos_url, property_photos.content_type AS property_photos_content_type, property_photos.sort_order AS property_photos_sort_order, property_photos.room_tag AS property_photos_room_tag, property_photos.created_at AS property_photos_created_at, property_photos.updated_at AS property_photos_updated_at \nFROM property_photos \nWHERE property_photos.property_id IN ($1::UUID)", "request_id": "fb34a334-0231-4443-b48c-48c11c9caf2e", "env": "development", "version": "1.1.0"}
2026-08-06 22:51:25,579 INFO sqlalchemy.engine.Engine [cached since 288.8s ago] (UUID('c56a3f78-3748-4393-ba17-bef1f235af9d'),)
{"level": "INFO", "logger": "sqlalchemy.engine.Engine", "message": "[cached since 288.8s ago] (UUID('c56a3f78-3748-4393-ba17-bef1f235af9d'),)", "request_id": "fb34a334-0231-4443-b48c-48c11c9caf2e", "env": "development", "version": "1.1.0"}
2026-08-06 22:51:25,579 INFO sqlalchemy.engine.Engine SELECT property_amenities.property_id AS property_amenities_property_id, property_amenities.id AS property_amenities_id, property_amenities.amenity_id AS property_amenities_amenity_id 
FROM property_amenities 
WHERE property_amenities.property_id IN ($1::UUID)
{"level": "INFO", "logger": "sqlalchemy.engine.Engine", "message": "SELECT property_amenities.property_id AS property_amenities_property_id, property_amenities.id AS property_amenities_id, property_amenities.amenity_id AS property_amenities_amenity_id \nFROM property_amenities \nWHERE property_amenities.property_id IN ($1::UUID)", "request_id": "fb34a334-0231-4443-b48c-48c11c9caf2e", "env": "development", "version": "1.1.0"}
2026-08-06 22:51:25,579 INFO sqlalchemy.engine.Engine [cached since 288.8s ago] (UUID('c56a3f78-3748-4393-ba17-bef1f235af9d'),)
{"level": "INFO", "logger": "sqlalchemy.engine.Engine", "message": "[cached since 288.8s ago] (UUID('c56a3f78-3748-4393-ba17-bef1f235af9d'),)", "request_id": "fb34a334-0231-4443-b48c-48c11c9caf2e", "env": "development", "version": "1.1.0"}
{"level": "INFO", "logger": "app.request", "message": "request", "request_id": null, "env": "development", "version": "1.1.0", "path": "/v1/properties/c56a3f78-3748-4393-ba17-bef1f235af9d", "method": "PATCH", "status_code": 200, "duration_ms": 10.79}
INFO:     127.0.0.1:60352 - "PATCH /v1/properties/c56a3f78-3748-4393-ba17-bef1f235af9d HTTP/1.1" 200 OK
2026-08-06 22:51:25,580 INFO sqlalchemy.engine.Engine COMMIT
{"level": "INFO", "logger": "sqlalchemy.engine.Engine", "message": "COMMIT", "request_id": "fb34a334-0231-4443-b48c-48c11c9caf2e", "env": "development", "version": "1.1.0"}
2026-08-06 22:54:20,481 INFO sqlalchemy.engine.Engine BEGIN (implicit)
{"level": "INFO", "logger": "sqlalchemy.engine.Engine", "message": "BEGIN (implicit)", "request_id": "e55cec40-b937-4661-9216-595a8e36c987", "env": "development", "version": "1.1.0"}
2026-08-06 22:54:20,482 INFO sqlalchemy.engine.Engine SELECT users.id, users.email, users.hashed_password, users.full_name, users.role, users.is_active, users.is_verified, users.stripe_customer_id, users.created_at, users.updated_at 
FROM users 
WHERE users.id = $1::UUID
{"level": "INFO", "logger": "sqlalchemy.engine.Engine", "message": "SELECT users.id, users.email, users.hashed_password, users.full_name, users.role, users.is_active, users.is_verified, users.stripe_customer_id, users.created_at, users.updated_at \nFROM users \nWHERE users.id = $1::UUID", "request_id": "e55cec40-b937-4661-9216-595a8e36c987", "env": "development", "version": "1.1.0"}
2026-08-06 22:54:20,482 INFO sqlalchemy.engine.Engine [cached since 503.2s ago] (UUID('86a2cd83-52db-4f6b-9071-5f9a100c8b54'),)
{"level": "INFO", "logger": "sqlalchemy.engine.Engine", "message": "[cached since 503.2s ago] (UUID('86a2cd83-52db-4f6b-9071-5f9a100c8b54'),)", "request_id": "e55cec40-b937-4661-9216-595a8e36c987", "env": "development", "version": "1.1.0"}
2026-08-06 22:54:20,482 INFO sqlalchemy.engine.Engine SELECT subscriptions.user_id AS subscriptions_user_id, subscriptions.id AS subscriptions_id, subscriptions.plan_id AS subscriptions_plan_id, subscriptions.status AS subscriptions_status, subscriptions.stripe_subscription_id AS subscriptions_stripe_subscription_id, subscriptions.current_period_end AS subscriptions_current_period_end, subscriptions.created_at AS subscriptions_created_at, subscriptions.updated_at AS subscriptions_updated_at 
FROM subscriptions 
WHERE subscriptions.user_id IN ($1::UUID)
{"level": "INFO", "logger": "sqlalchemy.engine.Engine", "message": "SELECT subscriptions.user_id AS subscriptions_user_id, subscriptions.id AS subscriptions_id, subscriptions.plan_id AS subscriptions_plan_id, subscriptions.status AS subscriptions_status, subscriptions.stripe_subscription_id AS subscriptions_stripe_subscription_id, subscriptions.current_period_end AS subscriptions_current_period_end, subscriptions.created_at AS subscriptions_created_at, subscriptions.updated_at AS subscriptions_updated_at \nFROM subscriptions \nWHERE subscriptions.user_id IN ($1::UUID)", "request_id": "e55cec40-b937-4661-9216-595a8e36c987", "env": "development", "version": "1.1.0"}
2026-08-06 22:54:20,482 INFO sqlalchemy.engine.Engine [cached since 503.2s ago] (UUID('86a2cd83-52db-4f6b-9071-5f9a100c8b54'),)
{"level": "INFO", "logger": "sqlalchemy.engine.Engine", "message": "[cached since 503.2s ago] (UUID('86a2cd83-52db-4f6b-9071-5f9a100c8b54'),)", "request_id": "e55cec40-b937-4661-9216-595a8e36c987", "env": "development", "version": "1.1.0"}
2026-08-06 22:54:20,483 INFO sqlalchemy.engine.Engine SELECT plans.id AS plans_id, plans.code AS plans_code, plans.name AS plans_name, plans.description AS plans_description, plans.property_limit AS plans_property_limit, plans.price_monthly_cents AS plans_price_monthly_cents, plans.stripe_price_id AS plans_stripe_price_id, plans.features AS plans_features, plans.created_at AS plans_created_at, plans.updated_at AS plans_updated_at 
FROM plans 
WHERE plans.id IN ($1::UUID)
{"level": "INFO", "logger": "sqlalchemy.engine.Engine", "message": "SELECT plans.id AS plans_id, plans.code AS plans_code, plans.name AS plans_name, plans.description AS plans_description, plans.property_limit AS plans_property_limit, plans.price_monthly_cents AS plans_price_monthly_cents, plans.stripe_price_id AS plans_stripe_price_id, plans.features AS plans_features, plans.created_at AS plans_created_at, plans.updated_at AS plans_updated_at \nFROM plans \nWHERE plans.id IN ($1::UUID)", "request_id": "e55cec40-b937-4661-9216-595a8e36c987", "env": "development", "version": "1.1.0"}
2026-08-06 22:54:20,483 INFO sqlalchemy.engine.Engine [cached since 503.2s ago] (UUID('143a89e6-c3d0-4d94-9d43-e062122d2f17'),)
{"level": "INFO", "logger": "sqlalchemy.engine.Engine", "message": "[cached since 503.2s ago] (UUID('143a89e6-c3d0-4d94-9d43-e062122d2f17'),)", "request_id": "e55cec40-b937-4661-9216-595a8e36c987", "env": "development", "version": "1.1.0"}
2026-08-06 22:54:20,484 INFO sqlalchemy.engine.Engine SELECT properties.id, properties.user_id, properties.title, properties.property_type, properties.building_type, properties.floor_number, properties.country, properties.state, properties.city, properties.area, properties.neighborhood, properties.postal_code, properties.latitude, properties.longitude, properties.bedrooms, properties.bathrooms, properties.beds, properties.guests, properties.square_feet, properties.square_meters, properties.cleaning_fee, properties.extra_guest_fee, properties.minimum_nights, properties.maximum_nights, properties.current_price, properties.availability_notes, properties.features, properties.onboarding_step, properties.onboarding_complete, properties.is_active, properties.created_at, properties.updated_at 
FROM properties 
WHERE properties.user_id = $1::UUID AND properties.is_active IS true ORDER BY properties.created_at DESC
{"level": "INFO", "logger": "sqlalchemy.engine.Engine", "message": "SELECT properties.id, properties.user_id, properties.title, properties.property_type, properties.building_type, properties.floor_number, properties.country, properties.state, properties.city, properties.area, properties.neighborhood, properties.postal_code, properties.latitude, properties.longitude, properties.bedrooms, properties.bathrooms, properties.beds, properties.guests, properties.square_feet, properties.square_meters, properties.cleaning_fee, properties.extra_guest_fee, properties.minimum_nights, properties.maximum_nights, properties.current_price, properties.availability_notes, properties.features, properties.onboarding_step, properties.onboarding_complete, properties.is_active, properties.created_at, properties.updated_at \nFROM properties \nWHERE properties.user_id = $1::UUID AND properties.is_active IS true ORDER BY properties.created_at DESC", "request_id": "e55cec40-b937-4661-9216-595a8e36c987", "env": "development", "version": "1.1.0"}
2026-08-06 22:54:20,484 INFO sqlalchemy.engine.Engine [cached since 501.6s ago] (UUID('86a2cd83-52db-4f6b-9071-5f9a100c8b54'),)
{"level": "INFO", "logger": "sqlalchemy.engine.Engine", "message": "[cached since 501.6s ago] (UUID('86a2cd83-52db-4f6b-9071-5f9a100c8b54'),)", "request_id": "e55cec40-b937-4661-9216-595a8e36c987", "env": "development", "version": "1.1.0"}
2026-08-06 22:54:20,485 INFO sqlalchemy.engine.Engine SELECT property_photos.property_id AS property_photos_property_id, property_photos.id AS property_photos_id, property_photos.s3_key AS property_photos_s3_key, property_photos.url AS property_photos_url, property_photos.content_type AS property_photos_content_type, property_photos.sort_order AS property_photos_sort_order, property_photos.room_tag AS property_photos_room_tag, property_photos.created_at AS property_photos_created_at, property_photos.updated_at AS property_photos_updated_at 
FROM property_photos 
WHERE property_photos.property_id IN ($1::UUID)
{"level": "INFO", "logger": "sqlalchemy.engine.Engine", "message": "SELECT property_photos.property_id AS property_photos_property_id, property_photos.id AS property_photos_id, property_photos.s3_key AS property_photos_s3_key, property_photos.url AS property_photos_url, property_photos.content_type AS property_photos_content_type, property_photos.sort_order AS property_photos_sort_order, property_photos.room_tag AS property_photos_room_tag, property_photos.created_at AS property_photos_created_at, property_photos.updated_at AS property_photos_updated_at \nFROM property_photos \nWHERE property_photos.property_id IN ($1::UUID)", "request_id": "e55cec40-b937-4661-9216-595a8e36c987", "env": "development", "version": "1.1.0"}
2026-08-06 22:54:20,485 INFO sqlalchemy.engine.Engine [cached since 463.7s ago] (UUID('c56a3f78-3748-4393-ba17-bef1f235af9d'),)
{"level": "INFO", "logger": "sqlalchemy.engine.Engine", "message": "[cached since 463.7s ago] (UUID('c56a3f78-3748-4393-ba17-bef1f235af9d'),)", "request_id": "e55cec40-b937-4661-9216-595a8e36c987", "env": "development", "version": "1.1.0"}
2026-08-06 22:54:20,486 INFO sqlalchemy.engine.Engine SELECT property_amenities.property_id AS property_amenities_property_id, property_amenities.id AS property_amenities_id, property_amenities.amenity_id AS property_amenities_amenity_id 
FROM property_amenities 
WHERE property_amenities.property_id IN ($1::UUID)
{"level": "INFO", "logger": "sqlalchemy.engine.Engine", "message": "SELECT property_amenities.property_id AS property_amenities_property_id, property_amenities.id AS property_amenities_id, property_amenities.amenity_id AS property_amenities_amenity_id \nFROM property_amenities \nWHERE property_amenities.property_id IN ($1::UUID)", "request_id": "e55cec40-b937-4661-9216-595a8e36c987", "env": "development", "version": "1.1.0"}
2026-08-06 22:54:20,486 INFO sqlalchemy.engine.Engine [cached since 463.7s ago] (UUID('c56a3f78-3748-4393-ba17-bef1f235af9d'),)
{"level": "INFO", "logger": "sqlalchemy.engine.Engine", "message": "[cached since 463.7s ago] (UUID('c56a3f78-3748-4393-ba17-bef1f235af9d'),)", "request_id": "e55cec40-b937-4661-9216-595a8e36c987", "env": "development", "version": "1.1.0"}
{"level": "INFO", "logger": "app.request", "message": "request", "request_id": null, "env": "development", "version": "1.1.0", "path": "/v1/properties", "method": "GET", "status_code": 200, "duration_ms": 8.63}
INFO:     127.0.0.1:51216 - "GET /v1/properties HTTP/1.1" 200 OK
2026-08-06 22:54:20,487 INFO sqlalchemy.engine.Engine COMMIT
{"level": "INFO", "logger": "sqlalchemy.engine.Engine", "message": "COMMIT", "request_id": "e55cec40-b937-4661-9216-595a8e36c987", "env": "development", "version": "1.1.0"}
2026-08-06 22:54:22,636 INFO sqlalchemy.engine.Engine BEGIN (implicit)
{"level": "INFO", "logger": "sqlalchemy.engine.Engine", "message": "BEGIN (implicit)", "request_id": "b7fda26a-5c01-4d0f-9fae-d661ce1bb0b1", "env": "development", "version": "1.1.0"}
2026-08-06 22:54:22,636 INFO sqlalchemy.engine.Engine SELECT users.id, users.email, users.hashed_password, users.full_name, users.role, users.is_active, users.is_verified, users.stripe_customer_id, users.created_at, users.updated_at 
FROM users 
WHERE users.id = $1::UUID
{"level": "INFO", "logger": "sqlalchemy.engine.Engine", "message": "SELECT users.id, users.email, users.hashed_password, users.full_name, users.role, users.is_active, users.is_verified, users.stripe_customer_id, users.created_at, users.updated_at \nFROM users \nWHERE users.id = $1::UUID", "request_id": "b7fda26a-5c01-4d0f-9fae-d661ce1bb0b1", "env": "development", "version": "1.1.0"}
2026-08-06 22:54:22,636 INFO sqlalchemy.engine.Engine [cached since 505.4s ago] (UUID('86a2cd83-52db-4f6b-9071-5f9a100c8b54'),)
{"level": "INFO", "logger": "sqlalchemy.engine.Engine", "message": "[cached since 505.4s ago] (UUID('86a2cd83-52db-4f6b-9071-5f9a100c8b54'),)", "request_id": "b7fda26a-5c01-4d0f-9fae-d661ce1bb0b1", "env": "development", "version": "1.1.0"}
2026-08-06 22:54:22,636 INFO sqlalchemy.engine.Engine BEGIN (implicit)
{"level": "INFO", "logger": "sqlalchemy.engine.Engine", "message": "BEGIN (implicit)", "request_id": "1f2f8bb7-6430-4238-9696-bb269cfbbbd0", "env": "development", "version": "1.1.0"}
2026-08-06 22:54:22,636 INFO sqlalchemy.engine.Engine SELECT users.id, users.email, users.hashed_password, users.full_name, users.role, users.is_active, users.is_verified, users.stripe_customer_id, users.created_at, users.updated_at 
FROM users 
WHERE users.id = $1::UUID
{"level": "INFO", "logger": "sqlalchemy.engine.Engine", "message": "SELECT users.id, users.email, users.hashed_password, users.full_name, users.role, users.is_active, users.is_verified, users.stripe_customer_id, users.created_at, users.updated_at \nFROM users \nWHERE users.id = $1::UUID", "request_id": "1f2f8bb7-6430-4238-9696-bb269cfbbbd0", "env": "development", "version": "1.1.0"}
2026-08-06 22:54:22,636 INFO sqlalchemy.engine.Engine [cached since 505.4s ago] (UUID('86a2cd83-52db-4f6b-9071-5f9a100c8b54'),)
{"level": "INFO", "logger": "sqlalchemy.engine.Engine", "message": "[cached since 505.4s ago] (UUID('86a2cd83-52db-4f6b-9071-5f9a100c8b54'),)", "request_id": "1f2f8bb7-6430-4238-9696-bb269cfbbbd0", "env": "development", "version": "1.1.0"}
2026-08-06 22:54:22,637 INFO sqlalchemy.engine.Engine SELECT subscriptions.user_id AS subscriptions_user_id, subscriptions.id AS subscriptions_id, subscriptions.plan_id AS subscriptions_plan_id, subscriptions.status AS subscriptions_status, subscriptions.stripe_subscription_id AS subscriptions_stripe_subscription_id, subscriptions.current_period_end AS subscriptions_current_period_end, subscriptions.created_at AS subscriptions_created_at, subscriptions.updated_at AS subscriptions_updated_at 
FROM subscriptions 
WHERE subscriptions.user_id IN ($1::UUID)
{"level": "INFO", "logger": "sqlalchemy.engine.Engine", "message": "SELECT subscriptions.user_id AS subscriptions_user_id, subscriptions.id AS subscriptions_id, subscriptions.plan_id AS subscriptions_plan_id, subscriptions.status AS subscriptions_status, subscriptions.stripe_subscription_id AS subscriptions_stripe_subscription_id, subscriptions.current_period_end AS subscriptions_current_period_end, subscriptions.created_at AS subscriptions_created_at, subscriptions.updated_at AS subscriptions_updated_at \nFROM subscriptions \nWHERE subscriptions.user_id IN ($1::UUID)", "request_id": "b7fda26a-5c01-4d0f-9fae-d661ce1bb0b1", "env": "development", "version": "1.1.0"}
2026-08-06 22:54:22,637 INFO sqlalchemy.engine.Engine [cached since 505.4s ago] (UUID('86a2cd83-52db-4f6b-9071-5f9a100c8b54'),)
{"level": "INFO", "logger": "sqlalchemy.engine.Engine", "message": "[cached since 505.4s ago] (UUID('86a2cd83-52db-4f6b-9071-5f9a100c8b54'),)", "request_id": "b7fda26a-5c01-4d0f-9fae-d661ce1bb0b1", "env": "development", "version": "1.1.0"}
2026-08-06 22:54:22,637 INFO sqlalchemy.engine.Engine BEGIN (implicit)
{"level": "INFO", "logger": "sqlalchemy.engine.Engine", "message": "BEGIN (implicit)", "request_id": "ba42ea26-9757-4863-9727-e28341cb4a1f", "env": "development", "version": "1.1.0"}
2026-08-06 22:54:22,637 INFO sqlalchemy.engine.Engine SELECT users.id, users.email, users.hashed_password, users.full_name, users.role, users.is_active, users.is_verified, users.stripe_customer_id, users.created_at, users.updated_at 
FROM users 
WHERE users.id = $1::UUID
{"level": "INFO", "logger": "sqlalchemy.engine.Engine", "message": "SELECT users.id, users.email, users.hashed_password, users.full_name, users.role, users.is_active, users.is_verified, users.stripe_customer_id, users.created_at, users.updated_at \nFROM users \nWHERE users.id = $1::UUID", "request_id": "ba42ea26-9757-4863-9727-e28341cb4a1f", "env": "development", "version": "1.1.0"}
2026-08-06 22:54:22,637 INFO sqlalchemy.engine.Engine [cached since 505.4s ago] (UUID('86a2cd83-52db-4f6b-9071-5f9a100c8b54'),)
{"level": "INFO", "logger": "sqlalchemy.engine.Engine", "message": "[cached since 505.4s ago] (UUID('86a2cd83-52db-4f6b-9071-5f9a100c8b54'),)", "request_id": "ba42ea26-9757-4863-9727-e28341cb4a1f", "env": "development", "version": "1.1.0"}
2026-08-06 22:54:22,638 INFO sqlalchemy.engine.Engine SELECT subscriptions.user_id AS subscriptions_user_id, subscriptions.id AS subscriptions_id, subscriptions.plan_id AS subscriptions_plan_id, subscriptions.status AS subscriptions_status, subscriptions.stripe_subscription_id AS subscriptions_stripe_subscription_id, subscriptions.current_period_end AS subscriptions_current_period_end, subscriptions.created_at AS subscriptions_created_at, subscriptions.updated_at AS subscriptions_updated_at 
FROM subscriptions 
WHERE subscriptions.user_id IN ($1::UUID)
{"level": "INFO", "logger": "sqlalchemy.engine.Engine", "message": "SELECT subscriptions.user_id AS subscriptions_user_id, subscriptions.id AS subscriptions_id, subscriptions.plan_id AS subscriptions_plan_id, subscriptions.status AS subscriptions_status, subscriptions.stripe_subscription_id AS subscriptions_stripe_subscription_id, subscriptions.current_period_end AS subscriptions_current_period_end, subscriptions.created_at AS subscriptions_created_at, subscriptions.updated_at AS subscriptions_updated_at \nFROM subscriptions \nWHERE subscriptions.user_id IN ($1::UUID)", "request_id": "1f2f8bb7-6430-4238-9696-bb269cfbbbd0", "env": "development", "version": "1.1.0"}
2026-08-06 22:54:22,638 INFO sqlalchemy.engine.Engine [cached since 505.4s ago] (UUID('86a2cd83-52db-4f6b-9071-5f9a100c8b54'),)
{"level": "INFO", "logger": "sqlalchemy.engine.Engine", "message": "[cached since 505.4s ago] (UUID('86a2cd83-52db-4f6b-9071-5f9a100c8b54'),)", "request_id": "1f2f8bb7-6430-4238-9696-bb269cfbbbd0", "env": "development", "version": "1.1.0"}
2026-08-06 22:54:22,638 INFO sqlalchemy.engine.Engine SELECT plans.id AS plans_id, plans.code AS plans_code, plans.name AS plans_name, plans.description AS plans_description, plans.property_limit AS plans_property_limit, plans.price_monthly_cents AS plans_price_monthly_cents, plans.stripe_price_id AS plans_stripe_price_id, plans.features AS plans_features, plans.created_at AS plans_created_at, plans.updated_at AS plans_updated_at 
FROM plans 
WHERE plans.id IN ($1::UUID)
{"level": "INFO", "logger": "sqlalchemy.engine.Engine", "message": "SELECT plans.id AS plans_id, plans.code AS plans_code, plans.name AS plans_name, plans.description AS plans_description, plans.property_limit AS plans_property_limit, plans.price_monthly_cents AS plans_price_monthly_cents, plans.stripe_price_id AS plans_stripe_price_id, plans.features AS plans_features, plans.created_at AS plans_created_at, plans.updated_at AS plans_updated_at \nFROM plans \nWHERE plans.id IN ($1::UUID)", "request_id": "b7fda26a-5c01-4d0f-9fae-d661ce1bb0b1", "env": "development", "version": "1.1.0"}
2026-08-06 22:54:22,639 INFO sqlalchemy.engine.Engine [cached since 505.4s ago] (UUID('143a89e6-c3d0-4d94-9d43-e062122d2f17'),)
{"level": "INFO", "logger": "sqlalchemy.engine.Engine", "message": "[cached since 505.4s ago] (UUID('143a89e6-c3d0-4d94-9d43-e062122d2f17'),)", "request_id": "b7fda26a-5c01-4d0f-9fae-d661ce1bb0b1", "env": "development", "version": "1.1.0"}
2026-08-06 22:54:22,639 INFO sqlalchemy.engine.Engine SELECT plans.id AS plans_id, plans.code AS plans_code, plans.name AS plans_name, plans.description AS plans_description, plans.property_limit AS plans_property_limit, plans.price_monthly_cents AS plans_price_monthly_cents, plans.stripe_price_id AS plans_stripe_price_id, plans.features AS plans_features, plans.created_at AS plans_created_at, plans.updated_at AS plans_updated_at 
FROM plans 
WHERE plans.id IN ($1::UUID)
{"level": "INFO", "logger": "sqlalchemy.engine.Engine", "message": "SELECT plans.id AS plans_id, plans.code AS plans_code, plans.name AS plans_name, plans.description AS plans_description, plans.property_limit AS plans_property_limit, plans.price_monthly_cents AS plans_price_monthly_cents, plans.stripe_price_id AS plans_stripe_price_id, plans.features AS plans_features, plans.created_at AS plans_created_at, plans.updated_at AS plans_updated_at \nFROM plans \nWHERE plans.id IN ($1::UUID)", "request_id": "1f2f8bb7-6430-4238-9696-bb269cfbbbd0", "env": "development", "version": "1.1.0"}
2026-08-06 22:54:22,639 INFO sqlalchemy.engine.Engine [cached since 505.4s ago] (UUID('143a89e6-c3d0-4d94-9d43-e062122d2f17'),)
{"level": "INFO", "logger": "sqlalchemy.engine.Engine", "message": "[cached since 505.4s ago] (UUID('143a89e6-c3d0-4d94-9d43-e062122d2f17'),)", "request_id": "1f2f8bb7-6430-4238-9696-bb269cfbbbd0", "env": "development", "version": "1.1.0"}
2026-08-06 22:54:22,640 INFO sqlalchemy.engine.Engine SELECT notifications.id, notifications.user_id, notifications.title, notifications.body, notifications.type, notifications.is_read, notifications.link, notifications.created_at, notifications.updated_at 
FROM notifications 
WHERE notifications.user_id = $1::UUID ORDER BY notifications.created_at DESC 
 LIMIT $2::INTEGER
{"level": "INFO", "logger": "sqlalchemy.engine.Engine", "message": "SELECT notifications.id, notifications.user_id, notifications.title, notifications.body, notifications.type, notifications.is_read, notifications.link, notifications.created_at, notifications.updated_at \nFROM notifications \nWHERE notifications.user_id = $1::UUID ORDER BY notifications.created_at DESC \n LIMIT $2::INTEGER", "request_id": "b7fda26a-5c01-4d0f-9fae-d661ce1bb0b1", "env": "development", "version": "1.1.0"}
2026-08-06 22:54:22,640 INFO sqlalchemy.engine.Engine [cached since 503.8s ago] (UUID('86a2cd83-52db-4f6b-9071-5f9a100c8b54'), 50)
{"level": "INFO", "logger": "sqlalchemy.engine.Engine", "message": "[cached since 503.8s ago] (UUID('86a2cd83-52db-4f6b-9071-5f9a100c8b54'), 50)", "request_id": "b7fda26a-5c01-4d0f-9fae-d661ce1bb0b1", "env": "development", "version": "1.1.0"}
2026-08-06 22:54:22,640 INFO sqlalchemy.engine.Engine BEGIN (implicit)
{"level": "INFO", "logger": "sqlalchemy.engine.Engine", "message": "BEGIN (implicit)", "request_id": "3a619632-0caa-4c7d-85b9-b65d543adc1c", "env": "development", "version": "1.1.0"}
2026-08-06 22:54:22,640 INFO sqlalchemy.engine.Engine SELECT users.id, users.email, users.hashed_password, users.full_name, users.role, users.is_active, users.is_verified, users.stripe_customer_id, users.created_at, users.updated_at 
FROM users 
WHERE users.id = $1::UUID
{"level": "INFO", "logger": "sqlalchemy.engine.Engine", "message": "SELECT users.id, users.email, users.hashed_password, users.full_name, users.role, users.is_active, users.is_verified, users.stripe_customer_id, users.created_at, users.updated_at \nFROM users \nWHERE users.id = $1::UUID", "request_id": "3a619632-0caa-4c7d-85b9-b65d543adc1c", "env": "development", "version": "1.1.0"}
2026-08-06 22:54:22,640 INFO sqlalchemy.engine.Engine [cached since 505.4s ago] (UUID('86a2cd83-52db-4f6b-9071-5f9a100c8b54'),)
{"level": "INFO", "logger": "sqlalchemy.engine.Engine", "message": "[cached since 505.4s ago] (UUID('86a2cd83-52db-4f6b-9071-5f9a100c8b54'),)", "request_id": "3a619632-0caa-4c7d-85b9-b65d543adc1c", "env": "development", "version": "1.1.0"}
2026-08-06 22:54:22,641 INFO sqlalchemy.engine.Engine SELECT subscriptions.user_id AS subscriptions_user_id, subscriptions.id AS subscriptions_id, subscriptions.plan_id AS subscriptions_plan_id, subscriptions.status AS subscriptions_status, subscriptions.stripe_subscription_id AS subscriptions_stripe_subscription_id, subscriptions.current_period_end AS subscriptions_current_period_end, subscriptions.created_at AS subscriptions_created_at, subscriptions.updated_at AS subscriptions_updated_at 
FROM subscriptions 
WHERE subscriptions.user_id IN ($1::UUID)
{"level": "INFO", "logger": "sqlalchemy.engine.Engine", "message": "SELECT subscriptions.user_id AS subscriptions_user_id, subscriptions.id AS subscriptions_id, subscriptions.plan_id AS subscriptions_plan_id, subscriptions.status AS subscriptions_status, subscriptions.stripe_subscription_id AS subscriptions_stripe_subscription_id, subscriptions.current_period_end AS subscriptions_current_period_end, subscriptions.created_at AS subscriptions_created_at, subscriptions.updated_at AS subscriptions_updated_at \nFROM subscriptions \nWHERE subscriptions.user_id IN ($1::UUID)", "request_id": "ba42ea26-9757-4863-9727-e28341cb4a1f", "env": "development", "version": "1.1.0"}
2026-08-06 22:54:22,641 INFO sqlalchemy.engine.Engine [cached since 505.4s ago] (UUID('86a2cd83-52db-4f6b-9071-5f9a100c8b54'),)
{"level": "INFO", "logger": "sqlalchemy.engine.Engine", "message": "[cached since 505.4s ago] (UUID('86a2cd83-52db-4f6b-9071-5f9a100c8b54'),)", "request_id": "ba42ea26-9757-4863-9727-e28341cb4a1f", "env": "development", "version": "1.1.0"}
2026-08-06 22:54:22,641 INFO sqlalchemy.engine.Engine SELECT count(*) AS count_1 
FROM usage_events 
WHERE usage_events.user_id = $1::UUID AND usage_events.event_type = $2::VARCHAR AND usage_events.created_at >= $3::TIMESTAMP WITH TIME ZONE
{"level": "INFO", "logger": "sqlalchemy.engine.Engine", "message": "SELECT count(*) AS count_1 \nFROM usage_events \nWHERE usage_events.user_id = $1::UUID AND usage_events.event_type = $2::VARCHAR AND usage_events.created_at >= $3::TIMESTAMP WITH TIME ZONE", "request_id": "1f2f8bb7-6430-4238-9696-bb269cfbbbd0", "env": "development", "version": "1.1.0"}
2026-08-06 22:54:22,641 INFO sqlalchemy.engine.Engine [cached since 503.8s ago] (UUID('86a2cd83-52db-4f6b-9071-5f9a100c8b54'), 'analysis', datetime.datetime(2026, 8, 1, 0, 0, tzinfo=datetime.timezone.utc))
{"level": "INFO", "logger": "sqlalchemy.engine.Engine", "message": "[cached since 503.8s ago] (UUID('86a2cd83-52db-4f6b-9071-5f9a100c8b54'), 'analysis', datetime.datetime(2026, 8, 1, 0, 0, tzinfo=datetime.timezone.utc))", "request_id": "1f2f8bb7-6430-4238-9696-bb269cfbbbd0", "env": "development", "version": "1.1.0"}
2026-08-06 22:54:22,642 INFO sqlalchemy.engine.Engine SELECT plans.id AS plans_id, plans.code AS plans_code, plans.name AS plans_name, plans.description AS plans_description, plans.property_limit AS plans_property_limit, plans.price_monthly_cents AS plans_price_monthly_cents, plans.stripe_price_id AS plans_stripe_price_id, plans.features AS plans_features, plans.created_at AS plans_created_at, plans.updated_at AS plans_updated_at 
FROM plans 
WHERE plans.id IN ($1::UUID)
{"level": "INFO", "logger": "sqlalchemy.engine.Engine", "message": "SELECT plans.id AS plans_id, plans.code AS plans_code, plans.name AS plans_name, plans.description AS plans_description, plans.property_limit AS plans_property_limit, plans.price_monthly_cents AS plans_price_monthly_cents, plans.stripe_price_id AS plans_stripe_price_id, plans.features AS plans_features, plans.created_at AS plans_created_at, plans.updated_at AS plans_updated_at \nFROM plans \nWHERE plans.id IN ($1::UUID)", "request_id": "ba42ea26-9757-4863-9727-e28341cb4a1f", "env": "development", "version": "1.1.0"}
2026-08-06 22:54:22,642 INFO sqlalchemy.engine.Engine [cached since 505.4s ago] (UUID('143a89e6-c3d0-4d94-9d43-e062122d2f17'),)
{"level": "INFO", "logger": "sqlalchemy.engine.Engine", "message": "[cached since 505.4s ago] (UUID('143a89e6-c3d0-4d94-9d43-e062122d2f17'),)", "request_id": "ba42ea26-9757-4863-9727-e28341cb4a1f", "env": "development", "version": "1.1.0"}
2026-08-06 22:54:22,643 INFO sqlalchemy.engine.Engine SELECT subscriptions.user_id AS subscriptions_user_id, subscriptions.id AS subscriptions_id, subscriptions.plan_id AS subscriptions_plan_id, subscriptions.status AS subscriptions_status, subscriptions.stripe_subscription_id AS subscriptions_stripe_subscription_id, subscriptions.current_period_end AS subscriptions_current_period_end, subscriptions.created_at AS subscriptions_created_at, subscriptions.updated_at AS subscriptions_updated_at 
FROM subscriptions 
WHERE subscriptions.user_id IN ($1::UUID)
{"level": "INFO", "logger": "sqlalchemy.engine.Engine", "message": "SELECT subscriptions.user_id AS subscriptions_user_id, subscriptions.id AS subscriptions_id, subscriptions.plan_id AS subscriptions_plan_id, subscriptions.status AS subscriptions_status, subscriptions.stripe_subscription_id AS subscriptions_stripe_subscription_id, subscriptions.current_period_end AS subscriptions_current_period_end, subscriptions.created_at AS subscriptions_created_at, subscriptions.updated_at AS subscriptions_updated_at \nFROM subscriptions \nWHERE subscriptions.user_id IN ($1::UUID)", "request_id": "3a619632-0caa-4c7d-85b9-b65d543adc1c", "env": "development", "version": "1.1.0"}
2026-08-06 22:54:22,643 INFO sqlalchemy.engine.Engine [cached since 505.4s ago] (UUID('86a2cd83-52db-4f6b-9071-5f9a100c8b54'),)
{"level": "INFO", "logger": "sqlalchemy.engine.Engine", "message": "[cached since 505.4s ago] (UUID('86a2cd83-52db-4f6b-9071-5f9a100c8b54'),)", "request_id": "3a619632-0caa-4c7d-85b9-b65d543adc1c", "env": "development", "version": "1.1.0"}
2026-08-06 22:54:22,643 INFO sqlalchemy.engine.Engine ROLLBACK
{"level": "INFO", "logger": "sqlalchemy.engine.Engine", "message": "ROLLBACK", "request_id": "1f2f8bb7-6430-4238-9696-bb269cfbbbd0", "env": "development", "version": "1.1.0"}
2026-08-06 22:54:22,644 INFO sqlalchemy.engine.Engine SELECT properties.id, properties.user_id, properties.title, properties.property_type, properties.building_type, properties.floor_number, properties.country, properties.state, properties.city, properties.area, properties.neighborhood, properties.postal_code, properties.latitude, properties.longitude, properties.bedrooms, properties.bathrooms, properties.beds, properties.guests, properties.square_feet, properties.square_meters, properties.cleaning_fee, properties.extra_guest_fee, properties.minimum_nights, properties.maximum_nights, properties.current_price, properties.availability_notes, properties.features, properties.onboarding_step, properties.onboarding_complete, properties.is_active, properties.created_at, properties.updated_at 
FROM properties 
WHERE properties.user_id = $1::UUID AND properties.is_active IS true ORDER BY properties.created_at DESC
{"level": "INFO", "logger": "sqlalchemy.engine.Engine", "message": "SELECT properties.id, properties.user_id, properties.title, properties.property_type, properties.building_type, properties.floor_number, properties.country, properties.state, properties.city, properties.area, properties.neighborhood, properties.postal_code, properties.latitude, properties.longitude, properties.bedrooms, properties.bathrooms, properties.beds, properties.guests, properties.square_feet, properties.square_meters, properties.cleaning_fee, properties.extra_guest_fee, properties.minimum_nights, properties.maximum_nights, properties.current_price, properties.availability_notes, properties.features, properties.onboarding_step, properties.onboarding_complete, properties.is_active, properties.created_at, properties.updated_at \nFROM properties \nWHERE properties.user_id = $1::UUID AND properties.is_active IS true ORDER BY properties.created_at DESC", "request_id": "ba42ea26-9757-4863-9727-e28341cb4a1f", "env": "development", "version": "1.1.0"}
2026-08-06 22:54:22,644 INFO sqlalchemy.engine.Engine [cached since 503.8s ago] (UUID('86a2cd83-52db-4f6b-9071-5f9a100c8b54'),)
{"level": "INFO", "logger": "sqlalchemy.engine.Engine", "message": "[cached since 503.8s ago] (UUID('86a2cd83-52db-4f6b-9071-5f9a100c8b54'),)", "request_id": "ba42ea26-9757-4863-9727-e28341cb4a1f", "env": "development", "version": "1.1.0"}
2026-08-06 22:54:22,645 INFO sqlalchemy.engine.Engine SELECT plans.id AS plans_id, plans.code AS plans_code, plans.name AS plans_name, plans.description AS plans_description, plans.property_limit AS plans_property_limit, plans.price_monthly_cents AS plans_price_monthly_cents, plans.stripe_price_id AS plans_stripe_price_id, plans.features AS plans_features, plans.created_at AS plans_created_at, plans.updated_at AS plans_updated_at 
FROM plans 
WHERE plans.id IN ($1::UUID)
{"level": "INFO", "logger": "sqlalchemy.engine.Engine", "message": "SELECT plans.id AS plans_id, plans.code AS plans_code, plans.name AS plans_name, plans.description AS plans_description, plans.property_limit AS plans_property_limit, plans.price_monthly_cents AS plans_price_monthly_cents, plans.stripe_price_id AS plans_stripe_price_id, plans.features AS plans_features, plans.created_at AS plans_created_at, plans.updated_at AS plans_updated_at \nFROM plans \nWHERE plans.id IN ($1::UUID)", "request_id": "3a619632-0caa-4c7d-85b9-b65d543adc1c", "env": "development", "version": "1.1.0"}
2026-08-06 22:54:22,645 INFO sqlalchemy.engine.Engine [cached since 505.4s ago] (UUID('143a89e6-c3d0-4d94-9d43-e062122d2f17'),)
{"level": "INFO", "logger": "sqlalchemy.engine.Engine", "message": "[cached since 505.4s ago] (UUID('143a89e6-c3d0-4d94-9d43-e062122d2f17'),)", "request_id": "3a619632-0caa-4c7d-85b9-b65d543adc1c", "env": "development", "version": "1.1.0"}
{"level": "INFO", "logger": "app.request", "message": "request", "request_id": null, "env": "development", "version": "1.1.0", "path": "/v1/notifications", "method": "GET", "status_code": 200, "duration_ms": 14.76}
INFO:     127.0.0.1:58418 - "GET /v1/notifications HTTP/1.1" 200 OK
2026-08-06 22:54:22,645 INFO sqlalchemy.engine.Engine COMMIT
{"level": "INFO", "logger": "sqlalchemy.engine.Engine", "message": "COMMIT", "request_id": "b7fda26a-5c01-4d0f-9fae-d661ce1bb0b1", "env": "development", "version": "1.1.0"}
2026-08-06 22:54:22,646 INFO sqlalchemy.engine.Engine SELECT market_listings.id, market_listings.external_listing_id, market_listings.source, market_listings.title, market_listings.url, market_listings.property_type, market_listings.city, market_listings.region, market_listings.neighborhood, market_listings.latitude, market_listings.longitude, market_listings.bedrooms, market_listings.bathrooms, market_listings.beds, market_listings.guests, market_listings.amenities, market_listings.rating, market_listings.review_count, market_listings.current_price, market_listings.currency, market_listings.raw, market_listings.created_at, market_listings.updated_at 
FROM market_listings
{"level": "INFO", "logger": "sqlalchemy.engine.Engine", "message": "SELECT market_listings.id, market_listings.external_listing_id, market_listings.source, market_listings.title, market_listings.url, market_listings.property_type, market_listings.city, market_listings.region, market_listings.neighborhood, market_listings.latitude, market_listings.longitude, market_listings.bedrooms, market_listings.bathrooms, market_listings.beds, market_listings.guests, market_listings.amenities, market_listings.rating, market_listings.review_count, market_listings.current_price, market_listings.currency, market_listings.raw, market_listings.created_at, market_listings.updated_at \nFROM market_listings", "request_id": "3a619632-0caa-4c7d-85b9-b65d543adc1c", "env": "development", "version": "1.1.0"}
2026-08-06 22:54:22,646 INFO sqlalchemy.engine.Engine [cached since 503.8s ago] ()
{"level": "INFO", "logger": "sqlalchemy.engine.Engine", "message": "[cached since 503.8s ago] ()", "request_id": "3a619632-0caa-4c7d-85b9-b65d543adc1c", "env": "development", "version": "1.1.0"}
2026-08-06 22:54:22,647 INFO sqlalchemy.engine.Engine SELECT property_photos.property_id AS property_photos_property_id, property_photos.id AS property_photos_id, property_photos.s3_key AS property_photos_s3_key, property_photos.url AS property_photos_url, property_photos.content_type AS property_photos_content_type, property_photos.sort_order AS property_photos_sort_order, property_photos.room_tag AS property_photos_room_tag, property_photos.created_at AS property_photos_created_at, property_photos.updated_at AS property_photos_updated_at 
FROM property_photos 
WHERE property_photos.property_id IN ($1::UUID)
{"level": "INFO", "logger": "sqlalchemy.engine.Engine", "message": "SELECT property_photos.property_id AS property_photos_property_id, property_photos.id AS property_photos_id, property_photos.s3_key AS property_photos_s3_key, property_photos.url AS property_photos_url, property_photos.content_type AS property_photos_content_type, property_photos.sort_order AS property_photos_sort_order, property_photos.room_tag AS property_photos_room_tag, property_photos.created_at AS property_photos_created_at, property_photos.updated_at AS property_photos_updated_at \nFROM property_photos \nWHERE property_photos.property_id IN ($1::UUID)", "request_id": "ba42ea26-9757-4863-9727-e28341cb4a1f", "env": "development", "version": "1.1.0"}
2026-08-06 22:54:22,647 INFO sqlalchemy.engine.Engine [cached since 465.9s ago] (UUID('c56a3f78-3748-4393-ba17-bef1f235af9d'),)
{"level": "INFO", "logger": "sqlalchemy.engine.Engine", "message": "[cached since 465.9s ago] (UUID('c56a3f78-3748-4393-ba17-bef1f235af9d'),)", "request_id": "ba42ea26-9757-4863-9727-e28341cb4a1f", "env": "development", "version": "1.1.0"}
{"level": "ERROR", "logger": "app.request", "message": "unhandled_error", "request_id": "1f2f8bb7-6430-4238-9696-bb269cfbbbd0", "env": "development", "version": "1.1.0", "exc_info": "Traceback (most recent call last):\n  File \"/home/salman-mazhar/Drive/My project/airbnb-market-expert/airbnb-market-expert/apps/api/.venv/lib/python3.12/site-packages/sqlalchemy/dialects/postgresql/asyncpg.py\", line 526, in _prepare_and_execute\n    prepared_stmt, attributes = await adapt_connection._prepare(\n                                ^^^^^^^^^^^^^^^^^^^^^^^^^^^^^^^^\n  File \"/home/salman-mazhar/Drive/My project/airbnb-market-expert/airbnb-market-expert/apps/api/.venv/lib/python3.12/site-packages/sqlalchemy/dialects/postgresql/asyncpg.py\", line 773, in _prepare\n    prepared_stmt = await self._connection.prepare(\n                    ^^^^^^^^^^^^^^^^^^^^^^^^^^^^^^^\n  File \"/home/salman-mazhar/Drive/My project/airbnb-market-expert/airbnb-market-expert/apps/api/.venv/lib/python3.12/site-packages/asyncpg/connection.py\", line 638, in prepare\n    return await self._prepare(\n           ^^^^^^^^^^^^^^^^^^^^\n  File \"/home/salman-mazhar/Drive/My project/airbnb-market-expert/airbnb-market-expert/apps/api/.venv/lib/python3.12/site-packages/asyncpg/connection.py\", line 657, in _prepare\n    stmt = await self._get_statement(\n           ^^^^^^^^^^^^^^^^^^^^^^^^^^\n  File \"/home/salman-mazhar/Drive/My project/airbnb-market-expert/airbnb-market-expert/apps/api/.venv/lib/python3.12/site-packages/asyncpg/connection.py\", line 443, in _get_statement\n    statement = await self._protocol.prepare(\n                ^^^^^^^^^^^^^^^^^^^^^^^^^^^^^\n  File \"asyncpg/protocol/protocol.pyx\", line 165, in prepare\nasyncpg.exceptions.UndefinedTableError: relation \"usage_events\" does not exist\n\nThe above exception was the direct cause of the following exception:\n\nTraceback (most recent call last):\n  File \"/home/salman-mazhar/Drive/My project/airbnb-market-expert/airbnb-market-expert/apps/api/.venv/lib/python3.12/site-packages/sqlalchemy/engine/base.py\", line 1969, in _exec_single_context\n    self.dialect.do_execute(\n  File \"/home/salman-mazhar/Drive/My project/airbnb-market-expert/airbnb-market-expert/apps/api/.venv/lib/python3.12/site-packages/sqlalchemy/engine/default.py\", line 952, in do_execute\n    cursor.execute(statement, parameters)\n  File \"/home/salman-mazhar/Drive/My project/airbnb-market-expert/airbnb-market-expert/apps/api/.venv/lib/python3.12/site-packages/sqlalchemy/dialects/postgresql/asyncpg.py\", line 585, in execute\n    self._adapt_connection.await_(\n  File \"/home/salman-mazhar/Drive/My project/airbnb-market-expert/airbnb-market-expert/apps/api/.venv/lib/python3.12/site-packages/sqlalchemy/util/_concurrency_py3k.py\", line 132, in await_only\n    return current.parent.switch(awaitable)  # type: ignore[no-any-return,attr-defined] # noqa: E501\n           ^^^^^^^^^^^^^^^^^^^^^^^^^^^^^^^^\n  File \"/home/salman-mazhar/Drive/My project/airbnb-market-expert/airbnb-market-expert/apps/api/.venv/lib/python3.12/site-packages/sqlalchemy/util/_concurrency_py3k.py\", line 196, in greenlet_spawn\n    value = await result\n            ^^^^^^^^^^^^\n  File \"/home/salman-mazhar/Drive/My project/airbnb-market-expert/airbnb-market-expert/apps/api/.venv/lib/python3.12/site-packages/sqlalchemy/dialects/postgresql/asyncpg.py\", line 563, in _prepare_and_execute\n    self._handle_exception(error)\n  File \"/home/salman-mazhar/Drive/My project/airbnb-market-expert/airbnb-market-expert/apps/api/.venv/lib/python3.12/site-packages/sqlalchemy/dialects/postgresql/asyncpg.py\", line 513, in _handle_exception\n    self._adapt_connection._handle_exception(error)\n  File \"/home/salman-mazhar/Drive/My project/airbnb-market-expert/airbnb-market-expert/apps/api/.venv/lib/python3.12/site-packages/sqlalchemy/dialects/postgresql/asyncpg.py\", line 797, in _handle_exception\n    raise translated_error from error\nsqlalchemy.dialects.postgresql.asyncpg.AsyncAdapt_asyncpg_dbapi.ProgrammingError: <class 'asyncpg.exceptions.UndefinedTableError'>: relation \"usage_events\" does not exist\n\nThe above exception was the direct cause of the following exception:\n\nTraceback (most recent call last):\n  File \"/home/salman-mazhar/Drive/My project/airbnb-market-expert/airbnb-market-expert/apps/api/app/core/middleware.py\", line 19, in dispatch\n    response = await call_next(request)\n               ^^^^^^^^^^^^^^^^^^^^^^^^\n  File \"/home/salman-mazhar/Drive/My project/airbnb-market-expert/airbnb-market-expert/apps/api/.venv/lib/python3.12/site-packages/starlette/middleware/base.py\", line 168, in call_next\n    raise app_exc from app_exc.__cause__ or app_exc.__context__\n  File \"/home/salman-mazhar/Drive/My project/airbnb-market-expert/airbnb-market-expert/apps/api/.venv/lib/python3.12/site-packages/starlette/middleware/base.py\", line 144, in coro\n    await self.app(scope, receive_or_disconnect, send_no_error)\n  File \"/home/salman-mazhar/Drive/My project/airbnb-market-expert/airbnb-market-expert/apps/api/.venv/lib/python3.12/site-packages/starlette/middleware/base.py\", line 193, in __call__\n    response = await self.dispatch_func(request, call_next)\n               ^^^^^^^^^^^^^^^^^^^^^^^^^^^^^^^^^^^^^^^^^^^^\n  File \"/home/salman-mazhar/Drive/My project/airbnb-market-expert/airbnb-market-expert/apps/api/app/core/rate_limit.py\", line 81, in dispatch\n    return await call_next(request)\n           ^^^^^^^^^^^^^^^^^^^^^^^^\n  File \"/home/salman-mazhar/Drive/My project/airbnb-market-expert/airbnb-market-expert/apps/api/.venv/lib/python3.12/site-packages/starlette/middleware/base.py\", line 168, in call_next\n    raise app_exc from app_exc.__cause__ or app_exc.__context__\n  File \"/home/salman-mazhar/Drive/My project/airbnb-market-expert/airbnb-market-expert/apps/api/.venv/lib/python3.12/site-packages/starlette/middleware/base.py\", line 144, in coro\n    await self.app(scope, receive_or_disconnect, send_no_error)\n  File \"/home/salman-mazhar/Drive/My project/airbnb-market-expert/airbnb-market-expert/apps/api/.venv/lib/python3.12/site-packages/starlette/middleware/exceptions.py\", line 63, in __call__\n    await wrap_app_handling_exceptions(self.app, conn)(scope, receive, send)\n  File \"/home/salman-mazhar/Drive/My project/airbnb-market-expert/airbnb-market-expert/apps/api/.venv/lib/python3.12/site-packages/starlette/_exception_handler.py\", line 53, in wrapped_app\n    raise exc\n  File \"/home/salman-mazhar/Drive/My project/airbnb-market-expert/airbnb-market-expert/apps/api/.venv/lib/python3.12/site-packages/starlette/_exception_handler.py\", line 42, in wrapped_app\n    await app(scope, receive, sender)\n  File \"/home/salman-mazhar/Drive/My project/airbnb-market-expert/airbnb-market-expert/apps/api/.venv/lib/python3.12/site-packages/fastapi/middleware/asyncexitstack.py\", line 18, in __call__\n    await self.app(scope, receive, send)\n  File \"/home/salman-mazhar/Drive/My project/airbnb-market-expert/airbnb-market-expert/apps/api/.venv/lib/python3.12/site-packages/starlette/routing.py\", line 660, in __call__\n    await self.middleware_stack(scope, receive, send)\n  File \"/home/salman-mazhar/Drive/My project/airbnb-market-expert/airbnb-market-expert/apps/api/.venv/lib/python3.12/site-packages/fastapi/routing.py\", line 2734, in app\n    await route.handle(scope, receive, send)\n  File \"/home/salman-mazhar/Drive/My project/airbnb-market-expert/airbnb-market-expert/apps/api/.venv/lib/python3.12/site-packages/fastapi/routing.py\", line 1780, in handle\n    await self.original_router.handle(scope, receive, send)\n  File \"/home/salman-mazhar/Drive/My project/airbnb-market-expert/airbnb-market-expert/apps/api/.venv/lib/python3.12/site-packages/fastapi/routing.py\", line 2789, in handle\n    await included_router._handle_selected(scope, receive, send)\n  File \"/home/salman-mazhar/Drive/My project/airbnb-market-expert/airbnb-market-expert/apps/api/.venv/lib/python3.12/site-packages/fastapi/routing.py\", line 1800, in _handle_selected\n    await original_route.handle(scope, receive, send)\n  File \"/home/salman-mazhar/Drive/My project/airbnb-market-expert/airbnb-market-expert/apps/api/.venv/lib/python3.12/site-packages/fastapi/routing.py\", line 1279, in handle\n    await app(scope, receive, send)\n  File \"/home/salman-mazhar/Drive/My project/airbnb-market-expert/airbnb-market-expert/apps/api/.venv/lib/python3.12/site-packages/fastapi/routing.py\", line 158, in app\n    await wrap_app_handling_exceptions(app, request)(scope, receive, send)\n  File \"/home/salman-mazhar/Drive/My project/airbnb-market-expert/airbnb-market-expert/apps/api/.venv/lib/python3.12/site-packages/starlette/_exception_handler.py\", line 53, in wrapped_app\n    raise exc\n  File \"/home/salman-mazhar/Drive/My project/airbnb-market-expert/airbnb-market-expert/apps/api/.venv/lib/python3.12/site-packages/starlette/_exception_handler.py\", line 42, in wrapped_app\n    await app(scope, receive, sender)\n  File \"/home/salman-mazhar/Drive/My project/airbnb-market-expert/airbnb-market-expert/apps/api/.venv/lib/python3.12/site-packages/fastapi/routing.py\", line 144, in app\n    response = await f(request)\n               ^^^^^^^^^^^^^^^^\n  File \"/home/salman-mazhar/Drive/My project/airbnb-market-expert/airbnb-market-expert/apps/api/.venv/lib/python3.12/site-packages/fastapi/routing.py\", line 706, in app\n    raw_response = await run_endpoint_function(\n                   ^^^^^^^^^^^^^^^^^^^^^^^^^^^^\n  File \"/home/salman-mazhar/Drive/My project/airbnb-market-expert/airbnb-market-expert/apps/api/.venv/lib/python3.12/site-packages/fastapi/routing.py\", line 352, in run_endpoint_function\n    return await dependant.call(**values)\n           ^^^^^^^^^^^^^^^^^^^^^^^^^^^^^^\n  File \"/home/salman-mazhar/Drive/My project/airbnb-market-expert/airbnb-market-expert/apps/api/app/modules/billing/router.py\", line 173, in usage_summary\n    analyses_this_month=await count_usage(db, user.id, \"analysis\", month_start()),\n                        ^^^^^^^^^^^^^^^^^^^^^^^^^^^^^^^^^^^^^^^^^^^^^^^^^^^^^^^^^\n  File \"/home/salman-mazhar/Drive/My project/airbnb-market-expert/airbnb-market-expert/apps/api/app/core/entitlements.py\", line 71, in count_usage\n    result = await db.scalar(\n             ^^^^^^^^^^^^^^^^\n  File \"/home/salman-mazhar/Drive/My project/airbnb-market-expert/airbnb-market-expert/apps/api/.venv/lib/python3.12/site-packages/sqlalchemy/ext/asyncio/session.py\", line 504, in scalar\n    return await greenlet_spawn(\n           ^^^^^^^^^^^^^^^^^^^^^\n  File \"/home/salman-mazhar/Drive/My project/airbnb-market-expert/airbnb-market-expert/apps/api/.venv/lib/python3.12/site-packages/sqlalchemy/util/_concurrency_py3k.py\", line 201, in greenlet_spawn\n    result = context.throw(*sys.exc_info())\n             ^^^^^^^^^^^^^^^^^^^^^^^^^^^^^^\n  File \"/home/salman-mazhar/Drive/My project/airbnb-market-expert/airbnb-market-expert/apps/api/.venv/lib/python3.12/site-packages/sqlalchemy/orm/session.py\", line 2421, in scalar\n    return self._execute_internal(\n           ^^^^^^^^^^^^^^^^^^^^^^^\n  File \"/home/salman-mazhar/Drive/My project/airbnb-market-expert/airbnb-market-expert/apps/api/.venv/lib/python3.12/site-packages/sqlalchemy/orm/session.py\", line 2271, in _execute_internal\n    result: Result[Any] = compile_state_cls.orm_execute_statement(\n                          ^^^^^^^^^^^^^^^^^^^^^^^^^^^^^^^^^^^^^^^^\n  File \"/home/salman-mazhar/Drive/My project/airbnb-market-expert/airbnb-market-expert/apps/api/.venv/lib/python3.12/site-packages/sqlalchemy/orm/context.py\", line 306, in orm_execute_statement\n    result = conn.execute(\n             ^^^^^^^^^^^^^\n  File \"/home/salman-mazhar/Drive/My project/airbnb-market-expert/airbnb-market-expert/apps/api/.venv/lib/python3.12/site-packages/sqlalchemy/engine/base.py\", line 1421, in execute\n    return meth(\n           ^^^^^\n  File \"/home/salman-mazhar/Drive/My project/airbnb-market-expert/airbnb-market-expert/apps/api/.venv/lib/python3.12/site-packages/sqlalchemy/sql/elements.py\", line 526, in _execute_on_connection\n    return connection._execute_clauseelement(\n           ^^^^^^^^^^^^^^^^^^^^^^^^^^^^^^^^^^\n  File \"/home/salman-mazhar/Drive/My project/airbnb-market-expert/airbnb-market-expert/apps/api/.venv/lib/python3.12/site-packages/sqlalchemy/engine/base.py\", line 1643, in _execute_clauseelement\n    ret = self._execute_context(\n          ^^^^^^^^^^^^^^^^^^^^^^\n  File \"/home/salman-mazhar/Drive/My project/airbnb-market-expert/airbnb-market-expert/apps/api/.venv/lib/python3.12/site-packages/sqlalchemy/engine/base.py\", line 1848, in _execute_context\n    return self._exec_single_context(\n           ^^^^^^^^^^^^^^^^^^^^^^^^^^\n  File \"/home/salman-mazhar/Drive/My project/airbnb-market-expert/airbnb-market-expert/apps/api/.venv/lib/python3.12/site-packages/sqlalchemy/engine/base.py\", line 1988, in _exec_single_context\n    self._handle_dbapi_exception(\n  File \"/home/salman-mazhar/Drive/My project/airbnb-market-expert/airbnb-market-expert/apps/api/.venv/lib/python3.12/site-packages/sqlalchemy/engine/base.py\", line 2365, in _handle_dbapi_exception\n    raise sqlalchemy_exception.with_traceback(exc_info[2]) from e\n  File \"/home/salman-mazhar/Drive/My project/airbnb-market-expert/airbnb-market-expert/apps/api/.venv/lib/python3.12/site-packages/sqlalchemy/engine/base.py\", line 1969, in _exec_single_context\n    self.dialect.do_execute(\n  File \"/home/salman-mazhar/Drive/My project/airbnb-market-expert/airbnb-market-expert/apps/api/.venv/lib/python3.12/site-packages/sqlalchemy/engine/default.py\", line 952, in do_execute\n    cursor.execute(statement, parameters)\n  File \"/home/salman-mazhar/Drive/My project/airbnb-market-expert/airbnb-market-expert/apps/api/.venv/lib/python3.12/site-packages/sqlalchemy/dialects/postgresql/asyncpg.py\", line 585, in execute\n    self._adapt_connection.await_(\n  File \"/home/salman-mazhar/Drive/My project/airbnb-market-expert/airbnb-market-expert/apps/api/.venv/lib/python3.12/site-packages/sqlalchemy/util/_concurrency_py3k.py\", line 132, in await_only\n    return current.parent.switch(awaitable)  # type: ignore[no-any-return,attr-defined] # noqa: E501\n           ^^^^^^^^^^^^^^^^^^^^^^^^^^^^^^^^\n  File \"/home/salman-mazhar/Drive/My project/airbnb-market-expert/airbnb-market-expert/apps/api/.venv/lib/python3.12/site-packages/sqlalchemy/util/_concurrency_py3k.py\", line 196, in greenlet_spawn\n    value = await result\n            ^^^^^^^^^^^^\n  File \"/home/salman-mazhar/Drive/My project/airbnb-market-expert/airbnb-market-expert/apps/api/.venv/lib/python3.12/site-packages/sqlalchemy/dialects/postgresql/asyncpg.py\", line 563, in _prepare_and_execute\n    self._handle_exception(error)\n  File \"/home/salman-mazhar/Drive/My project/airbnb-market-expert/airbnb-market-expert/apps/api/.venv/lib/python3.12/site-packages/sqlalchemy/dialects/postgresql/asyncpg.py\", line 513, in _handle_exception\n    self._adapt_connection._handle_exception(error)\n  File \"/home/salman-mazhar/Drive/My project/airbnb-market-expert/airbnb-market-expert/apps/api/.venv/lib/python3.12/site-packages/sqlalchemy/dialects/postgresql/asyncpg.py\", line 797, in _handle_exception\n    raise translated_error from error\nsqlalchemy.exc.ProgrammingError: (sqlalchemy.dialects.postgresql.asyncpg.ProgrammingError) <class 'asyncpg.exceptions.UndefinedTableError'>: relation \"usage_events\" does not exist\n[SQL: SELECT count(*) AS count_1 \nFROM usage_events \nWHERE usage_events.user_id = $1::UUID AND usage_events.event_type = $2::VARCHAR AND usage_events.created_at >= $3::TIMESTAMP WITH TIME ZONE]\n[parameters: (UUID('86a2cd83-52db-4f6b-9071-5f9a100c8b54'), 'analysis', datetime.datetime(2026, 8, 1, 0, 0, tzinfo=datetime.timezone.utc))]\n(Background on this error at: https://sqlalche.me/e/20/f405)", "path": "/v1/billing/usage", "method": "GET"}
2026-08-06 22:54:22,649 INFO sqlalchemy.engine.Engine SELECT property_amenities.property_id AS property_amenities_property_id, property_amenities.id AS property_amenities_id, property_amenities.amenity_id AS property_amenities_amenity_id 
FROM property_amenities 
WHERE property_amenities.property_id IN ($1::UUID)
{"level": "INFO", "logger": "sqlalchemy.engine.Engine", "message": "SELECT property_amenities.property_id AS property_amenities_property_id, property_amenities.id AS property_amenities_id, property_amenities.amenity_id AS property_amenities_amenity_id \nFROM property_amenities \nWHERE property_amenities.property_id IN ($1::UUID)", "request_id": "ba42ea26-9757-4863-9727-e28341cb4a1f", "env": "development", "version": "1.1.0"}
2026-08-06 22:54:22,649 INFO sqlalchemy.engine.Engine [cached since 465.9s ago] (UUID('c56a3f78-3748-4393-ba17-bef1f235af9d'),)
{"level": "INFO", "logger": "sqlalchemy.engine.Engine", "message": "[cached since 465.9s ago] (UUID('c56a3f78-3748-4393-ba17-bef1f235af9d'),)", "request_id": "ba42ea26-9757-4863-9727-e28341cb4a1f", "env": "development", "version": "1.1.0"}
INFO:     127.0.0.1:58434 - "GET /v1/billing/usage HTTP/1.1" 500 Internal Server Error
ERROR:    Exception in ASGI application
Traceback (most recent call last):
  File "/home/salman-mazhar/Drive/My project/airbnb-market-expert/airbnb-market-expert/apps/api/.venv/lib/python3.12/site-packages/sqlalchemy/dialects/postgresql/asyncpg.py", line 526, in _prepare_and_execute
    prepared_stmt, attributes = await adapt_connection._prepare(
                                ^^^^^^^^^^^^^^^^^^^^^^^^^^^^^^^^
  File "/home/salman-mazhar/Drive/My project/airbnb-market-expert/airbnb-market-expert/apps/api/.venv/lib/python3.12/site-packages/sqlalchemy/dialects/postgresql/asyncpg.py", line 773, in _prepare
    prepared_stmt = await self._connection.prepare(
                    ^^^^^^^^^^^^^^^^^^^^^^^^^^^^^^^
  File "/home/salman-mazhar/Drive/My project/airbnb-market-expert/airbnb-market-expert/apps/api/.venv/lib/python3.12/site-packages/asyncpg/connection.py", line 638, in prepare
    return await self._prepare(
           ^^^^^^^^^^^^^^^^^^^^
  File "/home/salman-mazhar/Drive/My project/airbnb-market-expert/airbnb-market-expert/apps/api/.venv/lib/python3.12/site-packages/asyncpg/connection.py", line 657, in _prepare
    stmt = await self._get_statement(
           ^^^^^^^^^^^^^^^^^^^^^^^^^^
  File "/home/salman-mazhar/Drive/My project/airbnb-market-expert/airbnb-market-expert/apps/api/.venv/lib/python3.12/site-packages/asyncpg/connection.py", line 443, in _get_statement
    statement = await self._protocol.prepare(
                ^^^^^^^^^^^^^^^^^^^^^^^^^^^^^
  File "asyncpg/protocol/protocol.pyx", line 165, in prepare
asyncpg.exceptions.UndefinedTableError: relation "usage_events" does not exist

The above exception was the direct cause of the following exception:

Traceback (most recent call last):
  File "/home/salman-mazhar/Drive/My project/airbnb-market-expert/airbnb-market-expert/apps/api/.venv/lib/python3.12/site-packages/sqlalchemy/engine/base.py", line 1969, in _exec_single_context
    self.dialect.do_execute(
  File "/home/salman-mazhar/Drive/My project/airbnb-market-expert/airbnb-market-expert/apps/api/.venv/lib/python3.12/site-packages/sqlalchemy/engine/default.py", line 952, in do_execute
    cursor.execute(statement, parameters)
  File "/home/salman-mazhar/Drive/My project/airbnb-market-expert/airbnb-market-expert/apps/api/.venv/lib/python3.12/site-packages/sqlalchemy/dialects/postgresql/asyncpg.py", line 585, in execute
    self._adapt_connection.await_(
  File "/home/salman-mazhar/Drive/My project/airbnb-market-expert/airbnb-market-expert/apps/api/.venv/lib/python3.12/site-packages/sqlalchemy/util/_concurrency_py3k.py", line 132, in await_only
    return current.parent.switch(awaitable)  # type: ignore[no-any-return,attr-defined] # noqa: E501
           ^^^^^^^^^^^^^^^^^^^^^^^^^^^^^^^^
  File "/home/salman-mazhar/Drive/My project/airbnb-market-expert/airbnb-market-expert/apps/api/.venv/lib/python3.12/site-packages/sqlalchemy/util/_concurrency_py3k.py", line 196, in greenlet_spawn
    value = await result
            ^^^^^^^^^^^^
  File "/home/salman-mazhar/Drive/My project/airbnb-market-expert/airbnb-market-expert/apps/api/.venv/lib/python3.12/site-packages/sqlalchemy/dialects/postgresql/asyncpg.py", line 563, in _prepare_and_execute
    self._handle_exception(error)
  File "/home/salman-mazhar/Drive/My project/airbnb-market-expert/airbnb-market-expert/apps/api/.venv/lib/python3.12/site-packages/sqlalchemy/dialects/postgresql/asyncpg.py", line 513, in _handle_exception
    self._adapt_connection._handle_exception(error)
  File "/home/salman-mazhar/Drive/My project/airbnb-market-expert/airbnb-market-expert/apps/api/.venv/lib/python3.12/site-packages/sqlalchemy/dialects/postgresql/asyncpg.py", line 797, in _handle_exception
    raise translated_error from error
sqlalchemy.dialects.postgresql.asyncpg.AsyncAdapt_asyncpg_dbapi.ProgrammingError: <class 'asyncpg.exceptions.UndefinedTableError'>: relation "usage_events" does not exist

The above exception was the direct cause of the following exception:

Traceback (most recent call last):
  File "/home/salman-mazhar/Drive/My project/airbnb-market-expert/airbnb-market-expert/apps/api/.venv/lib/python3.12/site-packages/uvicorn/protocols/http/h11_impl.py", line 416, in run_asgi
    result = await app(  # type: ignore[func-returns-value]
             ^^^^^^^^^^^^^^^^^^^^^^^^^^^^^^^^^^^^^^^^^^^^^^
  File "/home/salman-mazhar/Drive/My project/airbnb-market-expert/airbnb-market-expert/apps/api/.venv/lib/python3.12/site-packages/uvicorn/middleware/proxy_headers.py", line 63, in __call__
    return await self.app(scope, receive, send)
           ^^^^^^^^^^^^^^^^^^^^^^^^^^^^^^^^^^^^
  File "/home/salman-mazhar/Drive/My project/airbnb-market-expert/airbnb-market-expert/apps/api/.venv/lib/python3.12/site-packages/fastapi/applications.py", line 1163, in __call__
    await super().__call__(scope, receive, send)
  File "/home/salman-mazhar/Drive/My project/airbnb-market-expert/airbnb-market-expert/apps/api/.venv/lib/python3.12/site-packages/starlette/applications.py", line 90, in __call__
    await self.middleware_stack(scope, receive, send)
  File "/home/salman-mazhar/Drive/My project/airbnb-market-expert/airbnb-market-expert/apps/api/.venv/lib/python3.12/site-packages/starlette/middleware/errors.py", line 186, in __call__
    raise exc
  File "/home/salman-mazhar/Drive/My project/airbnb-market-expert/airbnb-market-expert/apps/api/.venv/lib/python3.12/site-packages/starlette/middleware/errors.py", line 164, in __call__
    await self.app(scope, receive, _send)
  File "/home/salman-mazhar/Drive/My project/airbnb-market-expert/airbnb-market-expert/apps/api/.venv/lib/python3.12/site-packages/starlette/middleware/cors.py", line 96, in __call__
    await self.simple_response(scope, receive, send, request_headers=headers)
  File "/home/salman-mazhar/Drive/My project/airbnb-market-expert/airbnb-market-expert/apps/api/.venv/lib/python3.12/site-packages/starlette/middleware/cors.py", line 154, in simple_response
    await self.app(scope, receive, send)
  File "/home/salman-mazhar/Drive/My project/airbnb-market-expert/airbnb-market-expert/apps/api/.venv/lib/python3.12/site-packages/starlette/middleware/base.py", line 193, in __call__
    response = await self.dispatch_func(request, call_next)
               ^^^^^^^^^^^^^^^^^^^^^^^^^^^^^^^^^^^^^^^^^^^^
  File "/home/salman-mazhar/Drive/My project/airbnb-market-expert/airbnb-market-expert/apps/api/app/core/middleware.py", line 19, in dispatch
    response = await call_next(request)
               ^^^^^^^^^^^^^^^^^^^^^^^^
  File "/home/salman-mazhar/Drive/My project/airbnb-market-expert/airbnb-market-expert/apps/api/.venv/lib/python3.12/site-packages/starlette/middleware/base.py", line 168, in call_next
    raise app_exc from app_exc.__cause__ or app_exc.__context__
  File "/home/salman-mazhar/Drive/My project/airbnb-market-expert/airbnb-market-expert/apps/api/.venv/lib/python3.12/site-packages/starlette/middleware/base.py", line 144, in coro
    await self.app(scope, receive_or_disconnect, send_no_error)
  File "/home/salman-mazhar/Drive/My project/airbnb-market-expert/airbnb-market-expert/apps/api/.venv/lib/python3.12/site-packages/starlette/middleware/base.py", line 193, in __call__
    response = await self.dispatch_func(request, call_next)
               ^^^^^^^^^^^^^^^^^^^^^^^^^^^^^^^^^^^^^^^^^^^^
  File "/home/salman-mazhar/Drive/My project/airbnb-market-expert/airbnb-market-expert/apps/api/app/core/rate_limit.py", line 81, in dispatch
    return await call_next(request)
           ^^^^^^^^^^^^^^^^^^^^^^^^
  File "/home/salman-mazhar/Drive/My project/airbnb-market-expert/airbnb-market-expert/apps/api/.venv/lib/python3.12/site-packages/starlette/middleware/base.py", line 168, in call_next
    raise app_exc from app_exc.__cause__ or app_exc.__context__
  File "/home/salman-mazhar/Drive/My project/airbnb-market-expert/airbnb-market-expert/apps/api/.venv/lib/python3.12/site-packages/starlette/middleware/base.py", line 144, in coro
    await self.app(scope, receive_or_disconnect, send_no_error)
  File "/home/salman-mazhar/Drive/My project/airbnb-market-expert/airbnb-market-expert/apps/api/.venv/lib/python3.12/site-packages/starlette/middleware/exceptions.py", line 63, in __call__
    await wrap_app_handling_exceptions(self.app, conn)(scope, receive, send)
  File "/home/salman-mazhar/Drive/My project/airbnb-market-expert/airbnb-market-expert/apps/api/.venv/lib/python3.12/site-packages/starlette/_exception_handler.py", line 53, in wrapped_app
    raise exc
  File "/home/salman-mazhar/Drive/My project/airbnb-market-expert/airbnb-market-expert/apps/api/.venv/lib/python3.12/site-packages/starlette/_exception_handler.py", line 42, in wrapped_app
    await app(scope, receive, sender)
  File "/home/salman-mazhar/Drive/My project/airbnb-market-expert/airbnb-market-expert/apps/api/.venv/lib/python3.12/site-packages/fastapi/middleware/asyncexitstack.py", line 18, in __call__
    await self.app(scope, receive, send)
  File "/home/salman-mazhar/Drive/My project/airbnb-market-expert/airbnb-market-expert/apps/api/.venv/lib/python3.12/site-packages/starlette/routing.py", line 660, in __call__
    await self.middleware_stack(scope, receive, send)
  File "/home/salman-mazhar/Drive/My project/airbnb-market-expert/airbnb-market-expert/apps/api/.venv/lib/python3.12/site-packages/fastapi/routing.py", line 2734, in app
    await route.handle(scope, receive, send)
  File "/home/salman-mazhar/Drive/My project/airbnb-market-expert/airbnb-market-expert/apps/api/.venv/lib/python3.12/site-packages/fastapi/routing.py", line 1780, in handle
    await self.original_router.handle(scope, receive, send)
  File "/home/salman-mazhar/Drive/My project/airbnb-market-expert/airbnb-market-expert/apps/api/.venv/lib/python3.12/site-packages/fastapi/routing.py", line 2789, in handle
    await included_router._handle_selected(scope, receive, send)
  File "/home/salman-mazhar/Drive/My project/airbnb-market-expert/airbnb-market-expert/apps/api/.venv/lib/python3.12/site-packages/fastapi/routing.py", line 1800, in _handle_selected
    await original_route.handle(scope, receive, send)
  File "/home/salman-mazhar/Drive/My project/airbnb-market-expert/airbnb-market-expert/apps/api/.venv/lib/python3.12/site-packages/fastapi/routing.py", line 1279, in handle
    await app(scope, receive, send)
  File "/home/salman-mazhar/Drive/My project/airbnb-market-expert/airbnb-market-expert/apps/api/.venv/lib/python3.12/site-packages/fastapi/routing.py", line 158, in app
    await wrap_app_handling_exceptions(app, request)(scope, receive, send)
  File "/home/salman-mazhar/Drive/My project/airbnb-market-expert/airbnb-market-expert/apps/api/.venv/lib/python3.12/site-packages/starlette/_exception_handler.py", line 53, in wrapped_app
    raise exc
  File "/home/salman-mazhar/Drive/My project/airbnb-market-expert/airbnb-market-expert/apps/api/.venv/lib/python3.12/site-packages/starlette/_exception_handler.py", line 42, in wrapped_app
    await app(scope, receive, sender)
  File "/home/salman-mazhar/Drive/My project/airbnb-market-expert/airbnb-market-expert/apps/api/.venv/lib/python3.12/site-packages/fastapi/routing.py", line 144, in app
    response = await f(request)
               ^^^^^^^^^^^^^^^^
  File "/home/salman-mazhar/Drive/My project/airbnb-market-expert/airbnb-market-expert/apps/api/.venv/lib/python3.12/site-packages/fastapi/routing.py", line 706, in app
    raw_response = await run_endpoint_function(
                   ^^^^^^^^^^^^^^^^^^^^^^^^^^^^
  File "/home/salman-mazhar/Drive/My project/airbnb-market-expert/airbnb-market-expert/apps/api/.venv/lib/python3.12/site-packages/fastapi/routing.py", line 352, in run_endpoint_function
    return await dependant.call(**values)
           ^^^^^^^^^^^^^^^^^^^^^^^^^^^^^^
  File "/home/salman-mazhar/Drive/My project/airbnb-market-expert/airbnb-market-expert/apps/api/app/modules/billing/router.py", line 173, in usage_summary
    analyses_this_month=await count_usage(db, user.id, "analysis", month_start()),
                        ^^^^^^^^^^^^^^^^^^^^^^^^^^^^^^^^^^^^^^^^^^^^^^^^^^^^^^^^^
  File "/home/salman-mazhar/Drive/My project/airbnb-market-expert/airbnb-market-expert/apps/api/app/core/entitlements.py", line 71, in count_usage
    result = await db.scalar(
             ^^^^^^^^^^^^^^^^
  File "/home/salman-mazhar/Drive/My project/airbnb-market-expert/airbnb-market-expert/apps/api/.venv/lib/python3.12/site-packages/sqlalchemy/ext/asyncio/session.py", line 504, in scalar
    return await greenlet_spawn(
           ^^^^^^^^^^^^^^^^^^^^^
  File "/home/salman-mazhar/Drive/My project/airbnb-market-expert/airbnb-market-expert/apps/api/.venv/lib/python3.12/site-packages/sqlalchemy/util/_concurrency_py3k.py", line 201, in greenlet_spawn
    result = context.throw(*sys.exc_info())
             ^^^^^^^^^^^^^^^^^^^^^^^^^^^^^^
  File "/home/salman-mazhar/Drive/My project/airbnb-market-expert/airbnb-market-expert/apps/api/.venv/lib/python3.12/site-packages/sqlalchemy/orm/session.py", line 2421, in scalar
    return self._execute_internal(
           ^^^^^^^^^^^^^^^^^^^^^^^
  File "/home/salman-mazhar/Drive/My project/airbnb-market-expert/airbnb-market-expert/apps/api/.venv/lib/python3.12/site-packages/sqlalchemy/orm/session.py", line 2271, in _execute_internal
    result: Result[Any] = compile_state_cls.orm_execute_statement(
                          ^^^^^^^^^^^^^^^^^^^^^^^^^^^^^^^^^^^^^^^^
  File "/home/salman-mazhar/Drive/My project/airbnb-market-expert/airbnb-market-expert/apps/api/.venv/lib/python3.12/site-packages/sqlalchemy/orm/context.py", line 306, in orm_execute_statement
    result = conn.execute(
             ^^^^^^^^^^^^^
  File "/home/salman-mazhar/Drive/My project/airbnb-market-expert/airbnb-market-expert/apps/api/.venv/lib/python3.12/site-packages/sqlalchemy/engine/base.py", line 1421, in execute
    return meth(
           ^^^^^
  File "/home/salman-mazhar/Drive/My project/airbnb-market-expert/airbnb-market-expert/apps/api/.venv/lib/python3.12/site-packages/sqlalchemy/sql/elements.py", line 526, in _execute_on_connection
    return connection._execute_clauseelement(
           ^^^^^^^^^^^^^^^^^^^^^^^^^^^^^^^^^^
  File "/home/salman-mazhar/Drive/My project/airbnb-market-expert/airbnb-market-expert/apps/api/.venv/lib/python3.12/site-packages/sqlalchemy/engine/base.py", line 1643, in _execute_clauseelement
    ret = self._execute_context(
          ^^^^^^^^^^^^^^^^^^^^^^
  File "/home/salman-mazhar/Drive/My project/airbnb-market-expert/airbnb-market-expert/apps/api/.venv/lib/python3.12/site-packages/sqlalchemy/engine/base.py", line 1848, in _execute_context
    return self._exec_single_context(
           ^^^^^^^^^^^^^^^^^^^^^^^^^^
  File "/home/salman-mazhar/Drive/My project/airbnb-market-expert/airbnb-market-expert/apps/api/.venv/lib/python3.12/site-packages/sqlalchemy/engine/base.py", line 1988, in _exec_single_context
    self._handle_dbapi_exception(
  File "/home/salman-mazhar/Drive/My project/airbnb-market-expert/airbnb-market-expert/apps/api/.venv/lib/python3.12/site-packages/sqlalchemy/engine/base.py", line 2365, in _handle_dbapi_exception
    raise sqlalchemy_exception.with_traceback(exc_info[2]) from e
  File "/home/salman-mazhar/Drive/My project/airbnb-market-expert/airbnb-market-expert/apps/api/.venv/lib/python3.12/site-packages/sqlalchemy/engine/base.py", line 1969, in _exec_single_context
    self.dialect.do_execute(
  File "/home/salman-mazhar/Drive/My project/airbnb-market-expert/airbnb-market-expert/apps/api/.venv/lib/python3.12/site-packages/sqlalchemy/engine/default.py", line 952, in do_execute
    cursor.execute(statement, parameters)
  File "/home/salman-mazhar/Drive/My project/airbnb-market-expert/airbnb-market-expert/apps/api/.venv/lib/python3.12/site-packages/sqlalchemy/dialects/postgresql/asyncpg.py", line 585, in execute
    self._adapt_connection.await_(
  File "/home/salman-mazhar/Drive/My project/airbnb-market-expert/airbnb-market-expert/apps/api/.venv/lib/python3.12/site-packages/sqlalchemy/util/_concurrency_py3k.py", line 132, in await_only
    return current.parent.switch(awaitable)  # type: ignore[no-any-return,attr-defined] # noqa: E501
           ^^^^^^^^^^^^^^^^^^^^^^^^^^^^^^^^
  File "/home/salman-mazhar/Drive/My project/airbnb-market-expert/airbnb-market-expert/apps/api/.venv/lib/python3.12/site-packages/sqlalchemy/util/_concurrency_py3k.py", line 196, in greenlet_spawn
    value = await result
            ^^^^^^^^^^^^
  File "/home/salman-mazhar/Drive/My project/airbnb-market-expert/airbnb-market-expert/apps/api/.venv/lib/python3.12/site-packages/sqlalchemy/dialects/postgresql/asyncpg.py", line 563, in _prepare_and_execute
    self._handle_exception(error)
  File "/home/salman-mazhar/Drive/My project/airbnb-market-expert/airbnb-market-expert/apps/api/.venv/lib/python3.12/site-packages/sqlalchemy/dialects/postgresql/asyncpg.py", line 513, in _handle_exception
    self._adapt_connection._handle_exception(error)
  File "/home/salman-mazhar/Drive/My project/airbnb-market-expert/airbnb-market-expert/apps/api/.venv/lib/python3.12/site-packages/sqlalchemy/dialects/postgresql/asyncpg.py", line 797, in _handle_exception
    raise translated_error from error
sqlalchemy.exc.ProgrammingError: (sqlalchemy.dialects.postgresql.asyncpg.ProgrammingError) <class 'asyncpg.exceptions.UndefinedTableError'>: relation "usage_events" does not exist
[SQL: SELECT count(*) AS count_1 
FROM usage_events 
WHERE usage_events.user_id = $1::UUID AND usage_events.event_type = $2::VARCHAR AND usage_events.created_at >= $3::TIMESTAMP WITH TIME ZONE]
[parameters: (UUID('86a2cd83-52db-4f6b-9071-5f9a100c8b54'), 'analysis', datetime.datetime(2026, 8, 1, 0, 0, tzinfo=datetime.timezone.utc))]
(Background on this error at: https://sqlalche.me/e/20/f405)
{"level": "INFO", "logger": "app.request", "message": "request", "request_id": null, "env": "development", "version": "1.1.0", "path": "/v1/market/trends", "method": "GET", "status_code": 200, "duration_ms": 22.43}
INFO:     127.0.0.1:58414 - "GET /v1/market/trends HTTP/1.1" 200 OK
2026-08-06 22:54:22,653 INFO sqlalchemy.engine.Engine COMMIT
{"level": "INFO", "logger": "sqlalchemy.engine.Engine", "message": "COMMIT", "request_id": "3a619632-0caa-4c7d-85b9-b65d543adc1c", "env": "development", "version": "1.1.0"}
{"level": "INFO", "logger": "app.request", "message": "request", "request_id": null, "env": "development", "version": "1.1.0", "path": "/v1/properties", "method": "GET", "status_code": 200, "duration_ms": 26.37}
INFO:     127.0.0.1:51216 - "GET /v1/properties HTTP/1.1" 200 OK
2026-08-06 22:54:22,653 INFO sqlalchemy.engine.Engine COMMIT
{"level": "INFO", "logger": "sqlalchemy.engine.Engine", "message": "COMMIT", "request_id": "ba42ea26-9757-4863-9727-e28341cb4a1f", "env": "development", "version": "1.1.0"}
2026-08-06 22:54:23,268 INFO sqlalchemy.engine.Engine BEGIN (implicit)
{"level": "INFO", "logger": "sqlalchemy.engine.Engine", "message": "BEGIN (implicit)", "request_id": "6cb76925-c879-46da-a3fc-d300ef4e4bd4", "env": "development", "version": "1.1.0"}
2026-08-06 22:54:23,268 INFO sqlalchemy.engine.Engine SELECT users.id, users.email, users.hashed_password, users.full_name, users.role, users.is_active, users.is_verified, users.stripe_customer_id, users.created_at, users.updated_at 
FROM users 
WHERE users.id = $1::UUID
{"level": "INFO", "logger": "sqlalchemy.engine.Engine", "message": "SELECT users.id, users.email, users.hashed_password, users.full_name, users.role, users.is_active, users.is_verified, users.stripe_customer_id, users.created_at, users.updated_at \nFROM users \nWHERE users.id = $1::UUID", "request_id": "6cb76925-c879-46da-a3fc-d300ef4e4bd4", "env": "development", "version": "1.1.0"}
2026-08-06 22:54:23,268 INFO sqlalchemy.engine.Engine [cached since 506s ago] (UUID('86a2cd83-52db-4f6b-9071-5f9a100c8b54'),)
{"level": "INFO", "logger": "sqlalchemy.engine.Engine", "message": "[cached since 506s ago] (UUID('86a2cd83-52db-4f6b-9071-5f9a100c8b54'),)", "request_id": "6cb76925-c879-46da-a3fc-d300ef4e4bd4", "env": "development", "version": "1.1.0"}
2026-08-06 22:54:23,269 INFO sqlalchemy.engine.Engine SELECT subscriptions.user_id AS subscriptions_user_id, subscriptions.id AS subscriptions_id, subscriptions.plan_id AS subscriptions_plan_id, subscriptions.status AS subscriptions_status, subscriptions.stripe_subscription_id AS subscriptions_stripe_subscription_id, subscriptions.current_period_end AS subscriptions_current_period_end, subscriptions.created_at AS subscriptions_created_at, subscriptions.updated_at AS subscriptions_updated_at 
FROM subscriptions 
WHERE subscriptions.user_id IN ($1::UUID)
{"level": "INFO", "logger": "sqlalchemy.engine.Engine", "message": "SELECT subscriptions.user_id AS subscriptions_user_id, subscriptions.id AS subscriptions_id, subscriptions.plan_id AS subscriptions_plan_id, subscriptions.status AS subscriptions_status, subscriptions.stripe_subscription_id AS subscriptions_stripe_subscription_id, subscriptions.current_period_end AS subscriptions_current_period_end, subscriptions.created_at AS subscriptions_created_at, subscriptions.updated_at AS subscriptions_updated_at \nFROM subscriptions \nWHERE subscriptions.user_id IN ($1::UUID)", "request_id": "6cb76925-c879-46da-a3fc-d300ef4e4bd4", "env": "development", "version": "1.1.0"}
2026-08-06 22:54:23,269 INFO sqlalchemy.engine.Engine [cached since 506s ago] (UUID('86a2cd83-52db-4f6b-9071-5f9a100c8b54'),)
{"level": "INFO", "logger": "sqlalchemy.engine.Engine", "message": "[cached since 506s ago] (UUID('86a2cd83-52db-4f6b-9071-5f9a100c8b54'),)", "request_id": "6cb76925-c879-46da-a3fc-d300ef4e4bd4", "env": "development", "version": "1.1.0"}
2026-08-06 22:54:23,270 INFO sqlalchemy.engine.Engine SELECT plans.id AS plans_id, plans.code AS plans_code, plans.name AS plans_name, plans.description AS plans_description, plans.property_limit AS plans_property_limit, plans.price_monthly_cents AS plans_price_monthly_cents, plans.stripe_price_id AS plans_stripe_price_id, plans.features AS plans_features, plans.created_at AS plans_created_at, plans.updated_at AS plans_updated_at 
FROM plans 
WHERE plans.id IN ($1::UUID)
{"level": "INFO", "logger": "sqlalchemy.engine.Engine", "message": "SELECT plans.id AS plans_id, plans.code AS plans_code, plans.name AS plans_name, plans.description AS plans_description, plans.property_limit AS plans_property_limit, plans.price_monthly_cents AS plans_price_monthly_cents, plans.stripe_price_id AS plans_stripe_price_id, plans.features AS plans_features, plans.created_at AS plans_created_at, plans.updated_at AS plans_updated_at \nFROM plans \nWHERE plans.id IN ($1::UUID)", "request_id": "6cb76925-c879-46da-a3fc-d300ef4e4bd4", "env": "development", "version": "1.1.0"}
2026-08-06 22:54:23,270 INFO sqlalchemy.engine.Engine [cached since 506s ago] (UUID('143a89e6-c3d0-4d94-9d43-e062122d2f17'),)
{"level": "INFO", "logger": "sqlalchemy.engine.Engine", "message": "[cached since 506s ago] (UUID('143a89e6-c3d0-4d94-9d43-e062122d2f17'),)", "request_id": "6cb76925-c879-46da-a3fc-d300ef4e4bd4", "env": "development", "version": "1.1.0"}
2026-08-06 22:54:23,271 INFO sqlalchemy.engine.Engine SELECT properties.id, properties.user_id, properties.title, properties.property_type, properties.building_type, properties.floor_number, properties.country, properties.state, properties.city, properties.area, properties.neighborhood, properties.postal_code, properties.latitude, properties.longitude, properties.bedrooms, properties.bathrooms, properties.beds, properties.guests, properties.square_feet, properties.square_meters, properties.cleaning_fee, properties.extra_guest_fee, properties.minimum_nights, properties.maximum_nights, properties.current_price, properties.availability_notes, properties.features, properties.onboarding_step, properties.onboarding_complete, properties.is_active, properties.created_at, properties.updated_at 
FROM properties 
WHERE properties.user_id = $1::UUID AND properties.is_active IS true ORDER BY properties.created_at DESC
{"level": "INFO", "logger": "sqlalchemy.engine.Engine", "message": "SELECT properties.id, properties.user_id, properties.title, properties.property_type, properties.building_type, properties.floor_number, properties.country, properties.state, properties.city, properties.area, properties.neighborhood, properties.postal_code, properties.latitude, properties.longitude, properties.bedrooms, properties.bathrooms, properties.beds, properties.guests, properties.square_feet, properties.square_meters, properties.cleaning_fee, properties.extra_guest_fee, properties.minimum_nights, properties.maximum_nights, properties.current_price, properties.availability_notes, properties.features, properties.onboarding_step, properties.onboarding_complete, properties.is_active, properties.created_at, properties.updated_at \nFROM properties \nWHERE properties.user_id = $1::UUID AND properties.is_active IS true ORDER BY properties.created_at DESC", "request_id": "6cb76925-c879-46da-a3fc-d300ef4e4bd4", "env": "development", "version": "1.1.0"}
2026-08-06 22:54:23,271 INFO sqlalchemy.engine.Engine [cached since 504.4s ago] (UUID('86a2cd83-52db-4f6b-9071-5f9a100c8b54'),)
{"level": "INFO", "logger": "sqlalchemy.engine.Engine", "message": "[cached since 504.4s ago] (UUID('86a2cd83-52db-4f6b-9071-5f9a100c8b54'),)", "request_id": "6cb76925-c879-46da-a3fc-d300ef4e4bd4", "env": "development", "version": "1.1.0"}
2026-08-06 22:54:23,272 INFO sqlalchemy.engine.Engine SELECT property_photos.property_id AS property_photos_property_id, property_photos.id AS property_photos_id, property_photos.s3_key AS property_photos_s3_key, property_photos.url AS property_photos_url, property_photos.content_type AS property_photos_content_type, property_photos.sort_order AS property_photos_sort_order, property_photos.room_tag AS property_photos_room_tag, property_photos.created_at AS property_photos_created_at, property_photos.updated_at AS property_photos_updated_at 
FROM property_photos 
WHERE property_photos.property_id IN ($1::UUID)
{"level": "INFO", "logger": "sqlalchemy.engine.Engine", "message": "SELECT property_photos.property_id AS property_photos_property_id, property_photos.id AS property_photos_id, property_photos.s3_key AS property_photos_s3_key, property_photos.url AS property_photos_url, property_photos.content_type AS property_photos_content_type, property_photos.sort_order AS property_photos_sort_order, property_photos.room_tag AS property_photos_room_tag, property_photos.created_at AS property_photos_created_at, property_photos.updated_at AS property_photos_updated_at \nFROM property_photos \nWHERE property_photos.property_id IN ($1::UUID)", "request_id": "6cb76925-c879-46da-a3fc-d300ef4e4bd4", "env": "development", "version": "1.1.0"}
2026-08-06 22:54:23,272 INFO sqlalchemy.engine.Engine [cached since 466.5s ago] (UUID('c56a3f78-3748-4393-ba17-bef1f235af9d'),)
{"level": "INFO", "logger": "sqlalchemy.engine.Engine", "message": "[cached since 466.5s ago] (UUID('c56a3f78-3748-4393-ba17-bef1f235af9d'),)", "request_id": "6cb76925-c879-46da-a3fc-d300ef4e4bd4", "env": "development", "version": "1.1.0"}
2026-08-06 22:54:23,273 INFO sqlalchemy.engine.Engine SELECT property_amenities.property_id AS property_amenities_property_id, property_amenities.id AS property_amenities_id, property_amenities.amenity_id AS property_amenities_amenity_id 
FROM property_amenities 
WHERE property_amenities.property_id IN ($1::UUID)
{"level": "INFO", "logger": "sqlalchemy.engine.Engine", "message": "SELECT property_amenities.property_id AS property_amenities_property_id, property_amenities.id AS property_amenities_id, property_amenities.amenity_id AS property_amenities_amenity_id \nFROM property_amenities \nWHERE property_amenities.property_id IN ($1::UUID)", "request_id": "6cb76925-c879-46da-a3fc-d300ef4e4bd4", "env": "development", "version": "1.1.0"}
2026-08-06 22:54:23,273 INFO sqlalchemy.engine.Engine [cached since 466.5s ago] (UUID('c56a3f78-3748-4393-ba17-bef1f235af9d'),)
{"level": "INFO", "logger": "sqlalchemy.engine.Engine", "message": "[cached since 466.5s ago] (UUID('c56a3f78-3748-4393-ba17-bef1f235af9d'),)", "request_id": "6cb76925-c879-46da-a3fc-d300ef4e4bd4", "env": "development", "version": "1.1.0"}
{"level": "INFO", "logger": "app.request", "message": "request", "request_id": null, "env": "development", "version": "1.1.0", "path": "/v1/properties", "method": "GET", "status_code": 200, "duration_ms": 8.05}
INFO:     127.0.0.1:51216 - "GET /v1/properties HTTP/1.1" 200 OK
2026-08-06 22:54:23,274 INFO sqlalchemy.engine.Engine COMMIT
{"level": "INFO", "logger": "sqlalchemy.engine.Engine", "message": "COMMIT", "request_id": "6cb76925-c879-46da-a3fc-d300ef4e4bd4", "env": "development", "version": "1.1.0"}
INFO:     127.0.0.1:58414 - "OPTIONS /v1/properties/c56a3f78-3748-4393-ba17-bef1f235af9d/predictions HTTP/1.1" 200 OK
2026-08-06 22:54:25,363 INFO sqlalchemy.engine.Engine BEGIN (implicit)
{"level": "INFO", "logger": "sqlalchemy.engine.Engine", "message": "BEGIN (implicit)", "request_id": "93e72d0f-71a5-4867-a4da-c1d0a367240c", "env": "development", "version": "1.1.0"}
2026-08-06 22:54:25,363 INFO sqlalchemy.engine.Engine SELECT users.id, users.email, users.hashed_password, users.full_name, users.role, users.is_active, users.is_verified, users.stripe_customer_id, users.created_at, users.updated_at 
FROM users 
WHERE users.id = $1::UUID
{"level": "INFO", "logger": "sqlalchemy.engine.Engine", "message": "SELECT users.id, users.email, users.hashed_password, users.full_name, users.role, users.is_active, users.is_verified, users.stripe_customer_id, users.created_at, users.updated_at \nFROM users \nWHERE users.id = $1::UUID", "request_id": "93e72d0f-71a5-4867-a4da-c1d0a367240c", "env": "development", "version": "1.1.0"}
2026-08-06 22:54:25,364 INFO sqlalchemy.engine.Engine [cached since 508.1s ago] (UUID('86a2cd83-52db-4f6b-9071-5f9a100c8b54'),)
{"level": "INFO", "logger": "sqlalchemy.engine.Engine", "message": "[cached since 508.1s ago] (UUID('86a2cd83-52db-4f6b-9071-5f9a100c8b54'),)", "request_id": "93e72d0f-71a5-4867-a4da-c1d0a367240c", "env": "development", "version": "1.1.0"}
2026-08-06 22:54:25,364 INFO sqlalchemy.engine.Engine SELECT subscriptions.user_id AS subscriptions_user_id, subscriptions.id AS subscriptions_id, subscriptions.plan_id AS subscriptions_plan_id, subscriptions.status AS subscriptions_status, subscriptions.stripe_subscription_id AS subscriptions_stripe_subscription_id, subscriptions.current_period_end AS subscriptions_current_period_end, subscriptions.created_at AS subscriptions_created_at, subscriptions.updated_at AS subscriptions_updated_at 
FROM subscriptions 
WHERE subscriptions.user_id IN ($1::UUID)
{"level": "INFO", "logger": "sqlalchemy.engine.Engine", "message": "SELECT subscriptions.user_id AS subscriptions_user_id, subscriptions.id AS subscriptions_id, subscriptions.plan_id AS subscriptions_plan_id, subscriptions.status AS subscriptions_status, subscriptions.stripe_subscription_id AS subscriptions_stripe_subscription_id, subscriptions.current_period_end AS subscriptions_current_period_end, subscriptions.created_at AS subscriptions_created_at, subscriptions.updated_at AS subscriptions_updated_at \nFROM subscriptions \nWHERE subscriptions.user_id IN ($1::UUID)", "request_id": "93e72d0f-71a5-4867-a4da-c1d0a367240c", "env": "development", "version": "1.1.0"}
2026-08-06 22:54:25,364 INFO sqlalchemy.engine.Engine [cached since 508.1s ago] (UUID('86a2cd83-52db-4f6b-9071-5f9a100c8b54'),)
{"level": "INFO", "logger": "sqlalchemy.engine.Engine", "message": "[cached since 508.1s ago] (UUID('86a2cd83-52db-4f6b-9071-5f9a100c8b54'),)", "request_id": "93e72d0f-71a5-4867-a4da-c1d0a367240c", "env": "development", "version": "1.1.0"}
2026-08-06 22:54:25,366 INFO sqlalchemy.engine.Engine SELECT plans.id AS plans_id, plans.code AS plans_code, plans.name AS plans_name, plans.description AS plans_description, plans.property_limit AS plans_property_limit, plans.price_monthly_cents AS plans_price_monthly_cents, plans.stripe_price_id AS plans_stripe_price_id, plans.features AS plans_features, plans.created_at AS plans_created_at, plans.updated_at AS plans_updated_at 
FROM plans 
WHERE plans.id IN ($1::UUID)
{"level": "INFO", "logger": "sqlalchemy.engine.Engine", "message": "SELECT plans.id AS plans_id, plans.code AS plans_code, plans.name AS plans_name, plans.description AS plans_description, plans.property_limit AS plans_property_limit, plans.price_monthly_cents AS plans_price_monthly_cents, plans.stripe_price_id AS plans_stripe_price_id, plans.features AS plans_features, plans.created_at AS plans_created_at, plans.updated_at AS plans_updated_at \nFROM plans \nWHERE plans.id IN ($1::UUID)", "request_id": "93e72d0f-71a5-4867-a4da-c1d0a367240c", "env": "development", "version": "1.1.0"}
2026-08-06 22:54:25,366 INFO sqlalchemy.engine.Engine [cached since 508.1s ago] (UUID('143a89e6-c3d0-4d94-9d43-e062122d2f17'),)
{"level": "INFO", "logger": "sqlalchemy.engine.Engine", "message": "[cached since 508.1s ago] (UUID('143a89e6-c3d0-4d94-9d43-e062122d2f17'),)", "request_id": "93e72d0f-71a5-4867-a4da-c1d0a367240c", "env": "development", "version": "1.1.0"}
2026-08-06 22:54:25,369 INFO sqlalchemy.engine.Engine SELECT properties.id, properties.user_id, properties.title, properties.property_type, properties.building_type, properties.floor_number, properties.country, properties.state, properties.city, properties.area, properties.neighborhood, properties.postal_code, properties.latitude, properties.longitude, properties.bedrooms, properties.bathrooms, properties.beds, properties.guests, properties.square_feet, properties.square_meters, properties.cleaning_fee, properties.extra_guest_fee, properties.minimum_nights, properties.maximum_nights, properties.current_price, properties.availability_notes, properties.features, properties.onboarding_step, properties.onboarding_complete, properties.is_active, properties.created_at, properties.updated_at 
FROM properties 
WHERE properties.id = $1::UUID AND properties.user_id = $2::UUID
{"level": "INFO", "logger": "sqlalchemy.engine.Engine", "message": "SELECT properties.id, properties.user_id, properties.title, properties.property_type, properties.building_type, properties.floor_number, properties.country, properties.state, properties.city, properties.area, properties.neighborhood, properties.postal_code, properties.latitude, properties.longitude, properties.bedrooms, properties.bathrooms, properties.beds, properties.guests, properties.square_feet, properties.square_meters, properties.cleaning_fee, properties.extra_guest_fee, properties.minimum_nights, properties.maximum_nights, properties.current_price, properties.availability_notes, properties.features, properties.onboarding_step, properties.onboarding_complete, properties.is_active, properties.created_at, properties.updated_at \nFROM properties \nWHERE properties.id = $1::UUID AND properties.user_id = $2::UUID", "request_id": "93e72d0f-71a5-4867-a4da-c1d0a367240c", "env": "development", "version": "1.1.0"}
2026-08-06 22:54:25,369 INFO sqlalchemy.engine.Engine [cached since 468.6s ago] (UUID('c56a3f78-3748-4393-ba17-bef1f235af9d'), UUID('86a2cd83-52db-4f6b-9071-5f9a100c8b54'))
{"level": "INFO", "logger": "sqlalchemy.engine.Engine", "message": "[cached since 468.6s ago] (UUID('c56a3f78-3748-4393-ba17-bef1f235af9d'), UUID('86a2cd83-52db-4f6b-9071-5f9a100c8b54'))", "request_id": "93e72d0f-71a5-4867-a4da-c1d0a367240c", "env": "development", "version": "1.1.0"}
2026-08-06 22:54:25,372 INFO sqlalchemy.engine.Engine SELECT property_photos.property_id AS property_photos_property_id, property_photos.id AS property_photos_id, property_photos.s3_key AS property_photos_s3_key, property_photos.url AS property_photos_url, property_photos.content_type AS property_photos_content_type, property_photos.sort_order AS property_photos_sort_order, property_photos.room_tag AS property_photos_room_tag, property_photos.created_at AS property_photos_created_at, property_photos.updated_at AS property_photos_updated_at 
FROM property_photos 
WHERE property_photos.property_id IN ($1::UUID)
{"level": "INFO", "logger": "sqlalchemy.engine.Engine", "message": "SELECT property_photos.property_id AS property_photos_property_id, property_photos.id AS property_photos_id, property_photos.s3_key AS property_photos_s3_key, property_photos.url AS property_photos_url, property_photos.content_type AS property_photos_content_type, property_photos.sort_order AS property_photos_sort_order, property_photos.room_tag AS property_photos_room_tag, property_photos.created_at AS property_photos_created_at, property_photos.updated_at AS property_photos_updated_at \nFROM property_photos \nWHERE property_photos.property_id IN ($1::UUID)", "request_id": "93e72d0f-71a5-4867-a4da-c1d0a367240c", "env": "development", "version": "1.1.0"}
2026-08-06 22:54:25,372 INFO sqlalchemy.engine.Engine [cached since 468.6s ago] (UUID('c56a3f78-3748-4393-ba17-bef1f235af9d'),)
{"level": "INFO", "logger": "sqlalchemy.engine.Engine", "message": "[cached since 468.6s ago] (UUID('c56a3f78-3748-4393-ba17-bef1f235af9d'),)", "request_id": "93e72d0f-71a5-4867-a4da-c1d0a367240c", "env": "development", "version": "1.1.0"}
2026-08-06 22:54:25,373 INFO sqlalchemy.engine.Engine SELECT property_amenities.property_id AS property_amenities_property_id, property_amenities.id AS property_amenities_id, property_amenities.amenity_id AS property_amenities_amenity_id 
FROM property_amenities 
WHERE property_amenities.property_id IN ($1::UUID)
{"level": "INFO", "logger": "sqlalchemy.engine.Engine", "message": "SELECT property_amenities.property_id AS property_amenities_property_id, property_amenities.id AS property_amenities_id, property_amenities.amenity_id AS property_amenities_amenity_id \nFROM property_amenities \nWHERE property_amenities.property_id IN ($1::UUID)", "request_id": "93e72d0f-71a5-4867-a4da-c1d0a367240c", "env": "development", "version": "1.1.0"}
2026-08-06 22:54:25,373 INFO sqlalchemy.engine.Engine [cached since 468.6s ago] (UUID('c56a3f78-3748-4393-ba17-bef1f235af9d'),)
{"level": "INFO", "logger": "sqlalchemy.engine.Engine", "message": "[cached since 468.6s ago] (UUID('c56a3f78-3748-4393-ba17-bef1f235af9d'),)", "request_id": "93e72d0f-71a5-4867-a4da-c1d0a367240c", "env": "development", "version": "1.1.0"}
2026-08-06 22:54:25,373 INFO sqlalchemy.engine.Engine BEGIN (implicit)
{"level": "INFO", "logger": "sqlalchemy.engine.Engine", "message": "BEGIN (implicit)", "request_id": "a8e58e0e-bcdc-4474-af3a-3f729ede5050", "env": "development", "version": "1.1.0"}
2026-08-06 22:54:25,373 INFO sqlalchemy.engine.Engine SELECT users.id, users.email, users.hashed_password, users.full_name, users.role, users.is_active, users.is_verified, users.stripe_customer_id, users.created_at, users.updated_at 
FROM users 
WHERE users.id = $1::UUID
{"level": "INFO", "logger": "sqlalchemy.engine.Engine", "message": "SELECT users.id, users.email, users.hashed_password, users.full_name, users.role, users.is_active, users.is_verified, users.stripe_customer_id, users.created_at, users.updated_at \nFROM users \nWHERE users.id = $1::UUID", "request_id": "a8e58e0e-bcdc-4474-af3a-3f729ede5050", "env": "development", "version": "1.1.0"}
2026-08-06 22:54:25,373 INFO sqlalchemy.engine.Engine [cached since 508.1s ago] (UUID('86a2cd83-52db-4f6b-9071-5f9a100c8b54'),)
{"level": "INFO", "logger": "sqlalchemy.engine.Engine", "message": "[cached since 508.1s ago] (UUID('86a2cd83-52db-4f6b-9071-5f9a100c8b54'),)", "request_id": "a8e58e0e-bcdc-4474-af3a-3f729ede5050", "env": "development", "version": "1.1.0"}
{"level": "INFO", "logger": "app.request", "message": "request", "request_id": null, "env": "development", "version": "1.1.0", "path": "/v1/properties/c56a3f78-3748-4393-ba17-bef1f235af9d", "method": "GET", "status_code": 200, "duration_ms": 16.5}
INFO:     127.0.0.1:51216 - "GET /v1/properties/c56a3f78-3748-4393-ba17-bef1f235af9d HTTP/1.1" 200 OK
2026-08-06 22:54:25,375 INFO sqlalchemy.engine.Engine COMMIT
{"level": "INFO", "logger": "sqlalchemy.engine.Engine", "message": "COMMIT", "request_id": "93e72d0f-71a5-4867-a4da-c1d0a367240c", "env": "development", "version": "1.1.0"}
2026-08-06 22:54:25,376 INFO sqlalchemy.engine.Engine SELECT subscriptions.user_id AS subscriptions_user_id, subscriptions.id AS subscriptions_id, subscriptions.plan_id AS subscriptions_plan_id, subscriptions.status AS subscriptions_status, subscriptions.stripe_subscription_id AS subscriptions_stripe_subscription_id, subscriptions.current_period_end AS subscriptions_current_period_end, subscriptions.created_at AS subscriptions_created_at, subscriptions.updated_at AS subscriptions_updated_at 
FROM subscriptions 
WHERE subscriptions.user_id IN ($1::UUID)
{"level": "INFO", "logger": "sqlalchemy.engine.Engine", "message": "SELECT subscriptions.user_id AS subscriptions_user_id, subscriptions.id AS subscriptions_id, subscriptions.plan_id AS subscriptions_plan_id, subscriptions.status AS subscriptions_status, subscriptions.stripe_subscription_id AS subscriptions_stripe_subscription_id, subscriptions.current_period_end AS subscriptions_current_period_end, subscriptions.created_at AS subscriptions_created_at, subscriptions.updated_at AS subscriptions_updated_at \nFROM subscriptions \nWHERE subscriptions.user_id IN ($1::UUID)", "request_id": "a8e58e0e-bcdc-4474-af3a-3f729ede5050", "env": "development", "version": "1.1.0"}
2026-08-06 22:54:25,376 INFO sqlalchemy.engine.Engine [cached since 508.1s ago] (UUID('86a2cd83-52db-4f6b-9071-5f9a100c8b54'),)
{"level": "INFO", "logger": "sqlalchemy.engine.Engine", "message": "[cached since 508.1s ago] (UUID('86a2cd83-52db-4f6b-9071-5f9a100c8b54'),)", "request_id": "a8e58e0e-bcdc-4474-af3a-3f729ede5050", "env": "development", "version": "1.1.0"}
2026-08-06 22:54:25,377 INFO sqlalchemy.engine.Engine SELECT plans.id AS plans_id, plans.code AS plans_code, plans.name AS plans_name, plans.description AS plans_description, plans.property_limit AS plans_property_limit, plans.price_monthly_cents AS plans_price_monthly_cents, plans.stripe_price_id AS plans_stripe_price_id, plans.features AS plans_features, plans.created_at AS plans_created_at, plans.updated_at AS plans_updated_at 
FROM plans 
WHERE plans.id IN ($1::UUID)
{"level": "INFO", "logger": "sqlalchemy.engine.Engine", "message": "SELECT plans.id AS plans_id, plans.code AS plans_code, plans.name AS plans_name, plans.description AS plans_description, plans.property_limit AS plans_property_limit, plans.price_monthly_cents AS plans_price_monthly_cents, plans.stripe_price_id AS plans_stripe_price_id, plans.features AS plans_features, plans.created_at AS plans_created_at, plans.updated_at AS plans_updated_at \nFROM plans \nWHERE plans.id IN ($1::UUID)", "request_id": "a8e58e0e-bcdc-4474-af3a-3f729ede5050", "env": "development", "version": "1.1.0"}
2026-08-06 22:54:25,377 INFO sqlalchemy.engine.Engine [cached since 508.1s ago] (UUID('143a89e6-c3d0-4d94-9d43-e062122d2f17'),)
{"level": "INFO", "logger": "sqlalchemy.engine.Engine", "message": "[cached since 508.1s ago] (UUID('143a89e6-c3d0-4d94-9d43-e062122d2f17'),)", "request_id": "a8e58e0e-bcdc-4474-af3a-3f729ede5050", "env": "development", "version": "1.1.0"}
2026-08-06 22:54:25,380 INFO sqlalchemy.engine.Engine SELECT properties.id AS properties_id, properties.user_id AS properties_user_id, properties.title AS properties_title, properties.property_type AS properties_property_type, properties.building_type AS properties_building_type, properties.floor_number AS properties_floor_number, properties.country AS properties_country, properties.state AS properties_state, properties.city AS properties_city, properties.area AS properties_area, properties.neighborhood AS properties_neighborhood, properties.postal_code AS properties_postal_code, properties.latitude AS properties_latitude, properties.longitude AS properties_longitude, properties.bedrooms AS properties_bedrooms, properties.bathrooms AS properties_bathrooms, properties.beds AS properties_beds, properties.guests AS properties_guests, properties.square_feet AS properties_square_feet, properties.square_meters AS properties_square_meters, properties.cleaning_fee AS properties_cleaning_fee, properties.extra_guest_fee AS properties_extra_guest_fee, properties.minimum_nights AS properties_minimum_nights, properties.maximum_nights AS properties_maximum_nights, properties.current_price AS properties_current_price, properties.availability_notes AS properties_availability_notes, properties.features AS properties_features, properties.onboarding_step AS properties_onboarding_step, properties.onboarding_complete AS properties_onboarding_complete, properties.is_active AS properties_is_active, properties.created_at AS properties_created_at, properties.updated_at AS properties_updated_at 
FROM properties 
WHERE properties.id = $1::UUID
{"level": "INFO", "logger": "sqlalchemy.engine.Engine", "message": "SELECT properties.id AS properties_id, properties.user_id AS properties_user_id, properties.title AS properties_title, properties.property_type AS properties_property_type, properties.building_type AS properties_building_type, properties.floor_number AS properties_floor_number, properties.country AS properties_country, properties.state AS properties_state, properties.city AS properties_city, properties.area AS properties_area, properties.neighborhood AS properties_neighborhood, properties.postal_code AS properties_postal_code, properties.latitude AS properties_latitude, properties.longitude AS properties_longitude, properties.bedrooms AS properties_bedrooms, properties.bathrooms AS properties_bathrooms, properties.beds AS properties_beds, properties.guests AS properties_guests, properties.square_feet AS properties_square_feet, properties.square_meters AS properties_square_meters, properties.cleaning_fee AS properties_cleaning_fee, properties.extra_guest_fee AS properties_extra_guest_fee, properties.minimum_nights AS properties_minimum_nights, properties.maximum_nights AS properties_maximum_nights, properties.current_price AS properties_current_price, properties.availability_notes AS properties_availability_notes, properties.features AS properties_features, properties.onboarding_step AS properties_onboarding_step, properties.onboarding_complete AS properties_onboarding_complete, properties.is_active AS properties_is_active, properties.created_at AS properties_created_at, properties.updated_at AS properties_updated_at \nFROM properties \nWHERE properties.id = $1::UUID", "request_id": "a8e58e0e-bcdc-4474-af3a-3f729ede5050", "env": "development", "version": "1.1.0"}
2026-08-06 22:54:25,380 INFO sqlalchemy.engine.Engine [generated in 0.00025s] (UUID('c56a3f78-3748-4393-ba17-bef1f235af9d'),)
{"level": "INFO", "logger": "sqlalchemy.engine.Engine", "message": "[generated in 0.00025s] (UUID('c56a3f78-3748-4393-ba17-bef1f235af9d'),)", "request_id": "a8e58e0e-bcdc-4474-af3a-3f729ede5050", "env": "development", "version": "1.1.0"}
2026-08-06 22:54:25,384 INFO sqlalchemy.engine.Engine SELECT predictions.id, predictions.property_id, predictions.status, predictions.suggested_price, predictions.min_price, predictions.max_price, predictions.expected_occupancy, predictions.monthly_revenue, predictions.annual_revenue, predictions.confidence_score, predictions.model_version, predictions.features, predictions.strengths, predictions.weaknesses, predictions.recommendations, predictions.explanation, predictions.error_message, predictions.agent_traces, predictions.created_at, predictions.updated_at 
FROM predictions 
WHERE predictions.property_id = $1::UUID ORDER BY predictions.created_at DESC
{"level": "INFO", "logger": "sqlalchemy.engine.Engine", "message": "SELECT predictions.id, predictions.property_id, predictions.status, predictions.suggested_price, predictions.min_price, predictions.max_price, predictions.expected_occupancy, predictions.monthly_revenue, predictions.annual_revenue, predictions.confidence_score, predictions.model_version, predictions.features, predictions.strengths, predictions.weaknesses, predictions.recommendations, predictions.explanation, predictions.error_message, predictions.agent_traces, predictions.created_at, predictions.updated_at \nFROM predictions \nWHERE predictions.property_id = $1::UUID ORDER BY predictions.created_at DESC", "request_id": "a8e58e0e-bcdc-4474-af3a-3f729ede5050", "env": "development", "version": "1.1.0"}
2026-08-06 22:54:25,384 INFO sqlalchemy.engine.Engine [generated in 0.00020s] (UUID('c56a3f78-3748-4393-ba17-bef1f235af9d'),)
{"level": "INFO", "logger": "sqlalchemy.engine.Engine", "message": "[generated in 0.00020s] (UUID('c56a3f78-3748-4393-ba17-bef1f235af9d'),)", "request_id": "a8e58e0e-bcdc-4474-af3a-3f729ede5050", "env": "development", "version": "1.1.0"}
{"level": "INFO", "logger": "app.request", "message": "request", "request_id": null, "env": "development", "version": "1.1.0", "path": "/v1/properties/c56a3f78-3748-4393-ba17-bef1f235af9d/predictions", "method": "GET", "status_code": 200, "duration_ms": 27.57}
INFO:     127.0.0.1:58414 - "GET /v1/properties/c56a3f78-3748-4393-ba17-bef1f235af9d/predictions HTTP/1.1" 200 OK
2026-08-06 22:54:25,394 INFO sqlalchemy.engine.Engine COMMIT
{"level": "INFO", "logger": "sqlalchemy.engine.Engine", "message": "COMMIT", "request_id": "a8e58e0e-bcdc-4474-af3a-3f729ede5050", "env": "development", "version": "1.1.0"}
2026-08-06 22:54:27,625 INFO sqlalchemy.engine.Engine BEGIN (implicit)
{"level": "INFO", "logger": "sqlalchemy.engine.Engine", "message": "BEGIN (implicit)", "request_id": "fe2771ae-90c5-45e6-ac05-9c056bce76bc", "env": "development", "version": "1.1.0"}
2026-08-06 22:54:27,626 INFO sqlalchemy.engine.Engine SELECT users.id, users.email, users.hashed_password, users.full_name, users.role, users.is_active, users.is_verified, users.stripe_customer_id, users.created_at, users.updated_at 
FROM users 
WHERE users.id = $1::UUID
{"level": "INFO", "logger": "sqlalchemy.engine.Engine", "message": "SELECT users.id, users.email, users.hashed_password, users.full_name, users.role, users.is_active, users.is_verified, users.stripe_customer_id, users.created_at, users.updated_at \nFROM users \nWHERE users.id = $1::UUID", "request_id": "fe2771ae-90c5-45e6-ac05-9c056bce76bc", "env": "development", "version": "1.1.0"}
2026-08-06 22:54:27,626 INFO sqlalchemy.engine.Engine [cached since 510.4s ago] (UUID('86a2cd83-52db-4f6b-9071-5f9a100c8b54'),)
{"level": "INFO", "logger": "sqlalchemy.engine.Engine", "message": "[cached since 510.4s ago] (UUID('86a2cd83-52db-4f6b-9071-5f9a100c8b54'),)", "request_id": "fe2771ae-90c5-45e6-ac05-9c056bce76bc", "env": "development", "version": "1.1.0"}
2026-08-06 22:54:27,627 INFO sqlalchemy.engine.Engine SELECT subscriptions.user_id AS subscriptions_user_id, subscriptions.id AS subscriptions_id, subscriptions.plan_id AS subscriptions_plan_id, subscriptions.status AS subscriptions_status, subscriptions.stripe_subscription_id AS subscriptions_stripe_subscription_id, subscriptions.current_period_end AS subscriptions_current_period_end, subscriptions.created_at AS subscriptions_created_at, subscriptions.updated_at AS subscriptions_updated_at 
FROM subscriptions 
WHERE subscriptions.user_id IN ($1::UUID)
{"level": "INFO", "logger": "sqlalchemy.engine.Engine", "message": "SELECT subscriptions.user_id AS subscriptions_user_id, subscriptions.id AS subscriptions_id, subscriptions.plan_id AS subscriptions_plan_id, subscriptions.status AS subscriptions_status, subscriptions.stripe_subscription_id AS subscriptions_stripe_subscription_id, subscriptions.current_period_end AS subscriptions_current_period_end, subscriptions.created_at AS subscriptions_created_at, subscriptions.updated_at AS subscriptions_updated_at \nFROM subscriptions \nWHERE subscriptions.user_id IN ($1::UUID)", "request_id": "fe2771ae-90c5-45e6-ac05-9c056bce76bc", "env": "development", "version": "1.1.0"}
2026-08-06 22:54:27,628 INFO sqlalchemy.engine.Engine [cached since 510.4s ago] (UUID('86a2cd83-52db-4f6b-9071-5f9a100c8b54'),)
{"level": "INFO", "logger": "sqlalchemy.engine.Engine", "message": "[cached since 510.4s ago] (UUID('86a2cd83-52db-4f6b-9071-5f9a100c8b54'),)", "request_id": "fe2771ae-90c5-45e6-ac05-9c056bce76bc", "env": "development", "version": "1.1.0"}
2026-08-06 22:54:27,629 INFO sqlalchemy.engine.Engine SELECT plans.id AS plans_id, plans.code AS plans_code, plans.name AS plans_name, plans.description AS plans_description, plans.property_limit AS plans_property_limit, plans.price_monthly_cents AS plans_price_monthly_cents, plans.stripe_price_id AS plans_stripe_price_id, plans.features AS plans_features, plans.created_at AS plans_created_at, plans.updated_at AS plans_updated_at 
FROM plans 
WHERE plans.id IN ($1::UUID)
{"level": "INFO", "logger": "sqlalchemy.engine.Engine", "message": "SELECT plans.id AS plans_id, plans.code AS plans_code, plans.name AS plans_name, plans.description AS plans_description, plans.property_limit AS plans_property_limit, plans.price_monthly_cents AS plans_price_monthly_cents, plans.stripe_price_id AS plans_stripe_price_id, plans.features AS plans_features, plans.created_at AS plans_created_at, plans.updated_at AS plans_updated_at \nFROM plans \nWHERE plans.id IN ($1::UUID)", "request_id": "fe2771ae-90c5-45e6-ac05-9c056bce76bc", "env": "development", "version": "1.1.0"}
2026-08-06 22:54:27,629 INFO sqlalchemy.engine.Engine [cached since 510.4s ago] (UUID('143a89e6-c3d0-4d94-9d43-e062122d2f17'),)
{"level": "INFO", "logger": "sqlalchemy.engine.Engine", "message": "[cached since 510.4s ago] (UUID('143a89e6-c3d0-4d94-9d43-e062122d2f17'),)", "request_id": "fe2771ae-90c5-45e6-ac05-9c056bce76bc", "env": "development", "version": "1.1.0"}
2026-08-06 22:54:27,630 INFO sqlalchemy.engine.Engine SELECT properties.id, properties.user_id, properties.title, properties.property_type, properties.building_type, properties.floor_number, properties.country, properties.state, properties.city, properties.area, properties.neighborhood, properties.postal_code, properties.latitude, properties.longitude, properties.bedrooms, properties.bathrooms, properties.beds, properties.guests, properties.square_feet, properties.square_meters, properties.cleaning_fee, properties.extra_guest_fee, properties.minimum_nights, properties.maximum_nights, properties.current_price, properties.availability_notes, properties.features, properties.onboarding_step, properties.onboarding_complete, properties.is_active, properties.created_at, properties.updated_at 
FROM properties 
WHERE properties.user_id = $1::UUID AND properties.is_active IS true ORDER BY properties.created_at DESC
{"level": "INFO", "logger": "sqlalchemy.engine.Engine", "message": "SELECT properties.id, properties.user_id, properties.title, properties.property_type, properties.building_type, properties.floor_number, properties.country, properties.state, properties.city, properties.area, properties.neighborhood, properties.postal_code, properties.latitude, properties.longitude, properties.bedrooms, properties.bathrooms, properties.beds, properties.guests, properties.square_feet, properties.square_meters, properties.cleaning_fee, properties.extra_guest_fee, properties.minimum_nights, properties.maximum_nights, properties.current_price, properties.availability_notes, properties.features, properties.onboarding_step, properties.onboarding_complete, properties.is_active, properties.created_at, properties.updated_at \nFROM properties \nWHERE properties.user_id = $1::UUID AND properties.is_active IS true ORDER BY properties.created_at DESC", "request_id": "fe2771ae-90c5-45e6-ac05-9c056bce76bc", "env": "development", "version": "1.1.0"}
2026-08-06 22:54:27,630 INFO sqlalchemy.engine.Engine [cached since 508.8s ago] (UUID('86a2cd83-52db-4f6b-9071-5f9a100c8b54'),)
{"level": "INFO", "logger": "sqlalchemy.engine.Engine", "message": "[cached since 508.8s ago] (UUID('86a2cd83-52db-4f6b-9071-5f9a100c8b54'),)", "request_id": "fe2771ae-90c5-45e6-ac05-9c056bce76bc", "env": "development", "version": "1.1.0"}
2026-08-06 22:54:27,631 INFO sqlalchemy.engine.Engine SELECT property_photos.property_id AS property_photos_property_id, property_photos.id AS property_photos_id, property_photos.s3_key AS property_photos_s3_key, property_photos.url AS property_photos_url, property_photos.content_type AS property_photos_content_type, property_photos.sort_order AS property_photos_sort_order, property_photos.room_tag AS property_photos_room_tag, property_photos.created_at AS property_photos_created_at, property_photos.updated_at AS property_photos_updated_at 
FROM property_photos 
WHERE property_photos.property_id IN ($1::UUID)
{"level": "INFO", "logger": "sqlalchemy.engine.Engine", "message": "SELECT property_photos.property_id AS property_photos_property_id, property_photos.id AS property_photos_id, property_photos.s3_key AS property_photos_s3_key, property_photos.url AS property_photos_url, property_photos.content_type AS property_photos_content_type, property_photos.sort_order AS property_photos_sort_order, property_photos.room_tag AS property_photos_room_tag, property_photos.created_at AS property_photos_created_at, property_photos.updated_at AS property_photos_updated_at \nFROM property_photos \nWHERE property_photos.property_id IN ($1::UUID)", "request_id": "fe2771ae-90c5-45e6-ac05-9c056bce76bc", "env": "development", "version": "1.1.0"}
2026-08-06 22:54:27,631 INFO sqlalchemy.engine.Engine [cached since 470.9s ago] (UUID('c56a3f78-3748-4393-ba17-bef1f235af9d'),)
{"level": "INFO", "logger": "sqlalchemy.engine.Engine", "message": "[cached since 470.9s ago] (UUID('c56a3f78-3748-4393-ba17-bef1f235af9d'),)", "request_id": "fe2771ae-90c5-45e6-ac05-9c056bce76bc", "env": "development", "version": "1.1.0"}
2026-08-06 22:54:27,632 INFO sqlalchemy.engine.Engine SELECT property_amenities.property_id AS property_amenities_property_id, property_amenities.id AS property_amenities_id, property_amenities.amenity_id AS property_amenities_amenity_id 
FROM property_amenities 
WHERE property_amenities.property_id IN ($1::UUID)
{"level": "INFO", "logger": "sqlalchemy.engine.Engine", "message": "SELECT property_amenities.property_id AS property_amenities_property_id, property_amenities.id AS property_amenities_id, property_amenities.amenity_id AS property_amenities_amenity_id \nFROM property_amenities \nWHERE property_amenities.property_id IN ($1::UUID)", "request_id": "fe2771ae-90c5-45e6-ac05-9c056bce76bc", "env": "development", "version": "1.1.0"}
2026-08-06 22:54:27,632 INFO sqlalchemy.engine.Engine [cached since 470.9s ago] (UUID('c56a3f78-3748-4393-ba17-bef1f235af9d'),)
{"level": "INFO", "logger": "sqlalchemy.engine.Engine", "message": "[cached since 470.9s ago] (UUID('c56a3f78-3748-4393-ba17-bef1f235af9d'),)", "request_id": "fe2771ae-90c5-45e6-ac05-9c056bce76bc", "env": "development", "version": "1.1.0"}
{"level": "INFO", "logger": "app.request", "message": "request", "request_id": null, "env": "development", "version": "1.1.0", "path": "/v1/properties", "method": "GET", "status_code": 200, "duration_ms": 11.46}
INFO:     127.0.0.1:58414 - "GET /v1/properties HTTP/1.1" 200 OK
2026-08-06 22:54:27,633 INFO sqlalchemy.engine.Engine COMMIT
{"level": "INFO", "logger": "sqlalchemy.engine.Engine", "message": "COMMIT", "request_id": "fe2771ae-90c5-45e6-ac05-9c056bce76bc", "env": "development", "version": "1.1.0"}
INFO:     127.0.0.1:40588 - "OPTIONS /v1/properties HTTP/1.1" 200 OK
2026-08-06 22:56:07,892 INFO sqlalchemy.engine.Engine BEGIN (implicit)
{"level": "INFO", "logger": "sqlalchemy.engine.Engine", "message": "BEGIN (implicit)", "request_id": "0ec7b459-c80b-4147-925a-0a8becb44044", "env": "development", "version": "1.1.0"}
2026-08-06 22:56:07,892 INFO sqlalchemy.engine.Engine SELECT users.id, users.email, users.hashed_password, users.full_name, users.role, users.is_active, users.is_verified, users.stripe_customer_id, users.created_at, users.updated_at 
FROM users 
WHERE users.id = $1::UUID
{"level": "INFO", "logger": "sqlalchemy.engine.Engine", "message": "SELECT users.id, users.email, users.hashed_password, users.full_name, users.role, users.is_active, users.is_verified, users.stripe_customer_id, users.created_at, users.updated_at \nFROM users \nWHERE users.id = $1::UUID", "request_id": "0ec7b459-c80b-4147-925a-0a8becb44044", "env": "development", "version": "1.1.0"}
2026-08-06 22:56:07,892 INFO sqlalchemy.engine.Engine [cached since 610.6s ago] (UUID('86a2cd83-52db-4f6b-9071-5f9a100c8b54'),)
{"level": "INFO", "logger": "sqlalchemy.engine.Engine", "message": "[cached since 610.6s ago] (UUID('86a2cd83-52db-4f6b-9071-5f9a100c8b54'),)", "request_id": "0ec7b459-c80b-4147-925a-0a8becb44044", "env": "development", "version": "1.1.0"}
2026-08-06 22:56:07,893 INFO sqlalchemy.engine.Engine SELECT subscriptions.user_id AS subscriptions_user_id, subscriptions.id AS subscriptions_id, subscriptions.plan_id AS subscriptions_plan_id, subscriptions.status AS subscriptions_status, subscriptions.stripe_subscription_id AS subscriptions_stripe_subscription_id, subscriptions.current_period_end AS subscriptions_current_period_end, subscriptions.created_at AS subscriptions_created_at, subscriptions.updated_at AS subscriptions_updated_at 
FROM subscriptions 
WHERE subscriptions.user_id IN ($1::UUID)
{"level": "INFO", "logger": "sqlalchemy.engine.Engine", "message": "SELECT subscriptions.user_id AS subscriptions_user_id, subscriptions.id AS subscriptions_id, subscriptions.plan_id AS subscriptions_plan_id, subscriptions.status AS subscriptions_status, subscriptions.stripe_subscription_id AS subscriptions_stripe_subscription_id, subscriptions.current_period_end AS subscriptions_current_period_end, subscriptions.created_at AS subscriptions_created_at, subscriptions.updated_at AS subscriptions_updated_at \nFROM subscriptions \nWHERE subscriptions.user_id IN ($1::UUID)", "request_id": "0ec7b459-c80b-4147-925a-0a8becb44044", "env": "development", "version": "1.1.0"}
2026-08-06 22:56:07,894 INFO sqlalchemy.engine.Engine [cached since 610.6s ago] (UUID('86a2cd83-52db-4f6b-9071-5f9a100c8b54'),)
{"level": "INFO", "logger": "sqlalchemy.engine.Engine", "message": "[cached since 610.6s ago] (UUID('86a2cd83-52db-4f6b-9071-5f9a100c8b54'),)", "request_id": "0ec7b459-c80b-4147-925a-0a8becb44044", "env": "development", "version": "1.1.0"}
2026-08-06 22:56:07,895 INFO sqlalchemy.engine.Engine SELECT plans.id AS plans_id, plans.code AS plans_code, plans.name AS plans_name, plans.description AS plans_description, plans.property_limit AS plans_property_limit, plans.price_monthly_cents AS plans_price_monthly_cents, plans.stripe_price_id AS plans_stripe_price_id, plans.features AS plans_features, plans.created_at AS plans_created_at, plans.updated_at AS plans_updated_at 
FROM plans 
WHERE plans.id IN ($1::UUID)
{"level": "INFO", "logger": "sqlalchemy.engine.Engine", "message": "SELECT plans.id AS plans_id, plans.code AS plans_code, plans.name AS plans_name, plans.description AS plans_description, plans.property_limit AS plans_property_limit, plans.price_monthly_cents AS plans_price_monthly_cents, plans.stripe_price_id AS plans_stripe_price_id, plans.features AS plans_features, plans.created_at AS plans_created_at, plans.updated_at AS plans_updated_at \nFROM plans \nWHERE plans.id IN ($1::UUID)", "request_id": "0ec7b459-c80b-4147-925a-0a8becb44044", "env": "development", "version": "1.1.0"}
2026-08-06 22:56:07,895 INFO sqlalchemy.engine.Engine [cached since 610.6s ago] (UUID('143a89e6-c3d0-4d94-9d43-e062122d2f17'),)
{"level": "INFO", "logger": "sqlalchemy.engine.Engine", "message": "[cached since 610.6s ago] (UUID('143a89e6-c3d0-4d94-9d43-e062122d2f17'),)", "request_id": "0ec7b459-c80b-4147-925a-0a8becb44044", "env": "development", "version": "1.1.0"}
2026-08-06 22:56:07,896 INFO sqlalchemy.engine.Engine SELECT properties.id, properties.user_id, properties.title, properties.property_type, properties.building_type, properties.floor_number, properties.country, properties.state, properties.city, properties.area, properties.neighborhood, properties.postal_code, properties.latitude, properties.longitude, properties.bedrooms, properties.bathrooms, properties.beds, properties.guests, properties.square_feet, properties.square_meters, properties.cleaning_fee, properties.extra_guest_fee, properties.minimum_nights, properties.maximum_nights, properties.current_price, properties.availability_notes, properties.features, properties.onboarding_step, properties.onboarding_complete, properties.is_active, properties.created_at, properties.updated_at 
FROM properties 
WHERE properties.user_id = $1::UUID AND properties.is_active IS true ORDER BY properties.created_at DESC
{"level": "INFO", "logger": "sqlalchemy.engine.Engine", "message": "SELECT properties.id, properties.user_id, properties.title, properties.property_type, properties.building_type, properties.floor_number, properties.country, properties.state, properties.city, properties.area, properties.neighborhood, properties.postal_code, properties.latitude, properties.longitude, properties.bedrooms, properties.bathrooms, properties.beds, properties.guests, properties.square_feet, properties.square_meters, properties.cleaning_fee, properties.extra_guest_fee, properties.minimum_nights, properties.maximum_nights, properties.current_price, properties.availability_notes, properties.features, properties.onboarding_step, properties.onboarding_complete, properties.is_active, properties.created_at, properties.updated_at \nFROM properties \nWHERE properties.user_id = $1::UUID AND properties.is_active IS true ORDER BY properties.created_at DESC", "request_id": "0ec7b459-c80b-4147-925a-0a8becb44044", "env": "development", "version": "1.1.0"}
2026-08-06 22:56:07,896 INFO sqlalchemy.engine.Engine [cached since 609.1s ago] (UUID('86a2cd83-52db-4f6b-9071-5f9a100c8b54'),)
{"level": "INFO", "logger": "sqlalchemy.engine.Engine", "message": "[cached since 609.1s ago] (UUID('86a2cd83-52db-4f6b-9071-5f9a100c8b54'),)", "request_id": "0ec7b459-c80b-4147-925a-0a8becb44044", "env": "development", "version": "1.1.0"}
2026-08-06 22:56:07,898 INFO sqlalchemy.engine.Engine SELECT property_photos.property_id AS property_photos_property_id, property_photos.id AS property_photos_id, property_photos.s3_key AS property_photos_s3_key, property_photos.url AS property_photos_url, property_photos.content_type AS property_photos_content_type, property_photos.sort_order AS property_photos_sort_order, property_photos.room_tag AS property_photos_room_tag, property_photos.created_at AS property_photos_created_at, property_photos.updated_at AS property_photos_updated_at 
FROM property_photos 
WHERE property_photos.property_id IN ($1::UUID)
{"level": "INFO", "logger": "sqlalchemy.engine.Engine", "message": "SELECT property_photos.property_id AS property_photos_property_id, property_photos.id AS property_photos_id, property_photos.s3_key AS property_photos_s3_key, property_photos.url AS property_photos_url, property_photos.content_type AS property_photos_content_type, property_photos.sort_order AS property_photos_sort_order, property_photos.room_tag AS property_photos_room_tag, property_photos.created_at AS property_photos_created_at, property_photos.updated_at AS property_photos_updated_at \nFROM property_photos \nWHERE property_photos.property_id IN ($1::UUID)", "request_id": "0ec7b459-c80b-4147-925a-0a8becb44044", "env": "development", "version": "1.1.0"}
2026-08-06 22:56:07,898 INFO sqlalchemy.engine.Engine [cached since 571.1s ago] (UUID('c56a3f78-3748-4393-ba17-bef1f235af9d'),)
{"level": "INFO", "logger": "sqlalchemy.engine.Engine", "message": "[cached since 571.1s ago] (UUID('c56a3f78-3748-4393-ba17-bef1f235af9d'),)", "request_id": "0ec7b459-c80b-4147-925a-0a8becb44044", "env": "development", "version": "1.1.0"}
2026-08-06 22:56:07,899 INFO sqlalchemy.engine.Engine SELECT property_amenities.property_id AS property_amenities_property_id, property_amenities.id AS property_amenities_id, property_amenities.amenity_id AS property_amenities_amenity_id 
FROM property_amenities 
WHERE property_amenities.property_id IN ($1::UUID)
{"level": "INFO", "logger": "sqlalchemy.engine.Engine", "message": "SELECT property_amenities.property_id AS property_amenities_property_id, property_amenities.id AS property_amenities_id, property_amenities.amenity_id AS property_amenities_amenity_id \nFROM property_amenities \nWHERE property_amenities.property_id IN ($1::UUID)", "request_id": "0ec7b459-c80b-4147-925a-0a8becb44044", "env": "development", "version": "1.1.0"}
2026-08-06 22:56:07,899 INFO sqlalchemy.engine.Engine [cached since 571.1s ago] (UUID('c56a3f78-3748-4393-ba17-bef1f235af9d'),)
{"level": "INFO", "logger": "sqlalchemy.engine.Engine", "message": "[cached since 571.1s ago] (UUID('c56a3f78-3748-4393-ba17-bef1f235af9d'),)", "request_id": "0ec7b459-c80b-4147-925a-0a8becb44044", "env": "development", "version": "1.1.0"}
{"level": "INFO", "logger": "app.request", "message": "request", "request_id": null, "env": "development", "version": "1.1.0", "path": "/v1/properties", "method": "GET", "status_code": 200, "duration_ms": 12.51}
INFO:     127.0.0.1:40588 - "GET /v1/properties HTTP/1.1" 200 OK
2026-08-06 22:56:07,900 INFO sqlalchemy.engine.Engine COMMIT
{"level": "INFO", "logger": "sqlalchemy.engine.Engine", "message": "COMMIT", "request_id": "0ec7b459-c80b-4147-925a-0a8becb44044", "env": "development", "version": "1.1.0"}
2026-08-06 22:57:22,761 INFO sqlalchemy.engine.Engine BEGIN (implicit)
{"level": "INFO", "logger": "sqlalchemy.engine.Engine", "message": "BEGIN (implicit)", "request_id": "206b4526-e69f-4e0e-8c28-a654b220e15a", "env": "development", "version": "1.1.0"}
2026-08-06 22:57:22,761 INFO sqlalchemy.engine.Engine SELECT users.id, users.email, users.hashed_password, users.full_name, users.role, users.is_active, users.is_verified, users.stripe_customer_id, users.created_at, users.updated_at 
FROM users 
WHERE users.id = $1::UUID
{"level": "INFO", "logger": "sqlalchemy.engine.Engine", "message": "SELECT users.id, users.email, users.hashed_password, users.full_name, users.role, users.is_active, users.is_verified, users.stripe_customer_id, users.created_at, users.updated_at \nFROM users \nWHERE users.id = $1::UUID", "request_id": "206b4526-e69f-4e0e-8c28-a654b220e15a", "env": "development", "version": "1.1.0"}
2026-08-06 22:57:22,761 INFO sqlalchemy.engine.Engine [cached since 685.5s ago] (UUID('86a2cd83-52db-4f6b-9071-5f9a100c8b54'),)
{"level": "INFO", "logger": "sqlalchemy.engine.Engine", "message": "[cached since 685.5s ago] (UUID('86a2cd83-52db-4f6b-9071-5f9a100c8b54'),)", "request_id": "206b4526-e69f-4e0e-8c28-a654b220e15a", "env": "development", "version": "1.1.0"}
2026-08-06 22:57:22,762 INFO sqlalchemy.engine.Engine SELECT subscriptions.user_id AS subscriptions_user_id, subscriptions.id AS subscriptions_id, subscriptions.plan_id AS subscriptions_plan_id, subscriptions.status AS subscriptions_status, subscriptions.stripe_subscription_id AS subscriptions_stripe_subscription_id, subscriptions.current_period_end AS subscriptions_current_period_end, subscriptions.created_at AS subscriptions_created_at, subscriptions.updated_at AS subscriptions_updated_at 
FROM subscriptions 
WHERE subscriptions.user_id IN ($1::UUID)
{"level": "INFO", "logger": "sqlalchemy.engine.Engine", "message": "SELECT subscriptions.user_id AS subscriptions_user_id, subscriptions.id AS subscriptions_id, subscriptions.plan_id AS subscriptions_plan_id, subscriptions.status AS subscriptions_status, subscriptions.stripe_subscription_id AS subscriptions_stripe_subscription_id, subscriptions.current_period_end AS subscriptions_current_period_end, subscriptions.created_at AS subscriptions_created_at, subscriptions.updated_at AS subscriptions_updated_at \nFROM subscriptions \nWHERE subscriptions.user_id IN ($1::UUID)", "request_id": "206b4526-e69f-4e0e-8c28-a654b220e15a", "env": "development", "version": "1.1.0"}
2026-08-06 22:57:22,762 INFO sqlalchemy.engine.Engine [cached since 685.5s ago] (UUID('86a2cd83-52db-4f6b-9071-5f9a100c8b54'),)
{"level": "INFO", "logger": "sqlalchemy.engine.Engine", "message": "[cached since 685.5s ago] (UUID('86a2cd83-52db-4f6b-9071-5f9a100c8b54'),)", "request_id": "206b4526-e69f-4e0e-8c28-a654b220e15a", "env": "development", "version": "1.1.0"}
2026-08-06 22:57:22,763 INFO sqlalchemy.engine.Engine SELECT plans.id AS plans_id, plans.code AS plans_code, plans.name AS plans_name, plans.description AS plans_description, plans.property_limit AS plans_property_limit, plans.price_monthly_cents AS plans_price_monthly_cents, plans.stripe_price_id AS plans_stripe_price_id, plans.features AS plans_features, plans.created_at AS plans_created_at, plans.updated_at AS plans_updated_at 
FROM plans 
WHERE plans.id IN ($1::UUID)
{"level": "INFO", "logger": "sqlalchemy.engine.Engine", "message": "SELECT plans.id AS plans_id, plans.code AS plans_code, plans.name AS plans_name, plans.description AS plans_description, plans.property_limit AS plans_property_limit, plans.price_monthly_cents AS plans_price_monthly_cents, plans.stripe_price_id AS plans_stripe_price_id, plans.features AS plans_features, plans.created_at AS plans_created_at, plans.updated_at AS plans_updated_at \nFROM plans \nWHERE plans.id IN ($1::UUID)", "request_id": "206b4526-e69f-4e0e-8c28-a654b220e15a", "env": "development", "version": "1.1.0"}
2026-08-06 22:57:22,763 INFO sqlalchemy.engine.Engine [cached since 685.5s ago] (UUID('143a89e6-c3d0-4d94-9d43-e062122d2f17'),)
{"level": "INFO", "logger": "sqlalchemy.engine.Engine", "message": "[cached since 685.5s ago] (UUID('143a89e6-c3d0-4d94-9d43-e062122d2f17'),)", "request_id": "206b4526-e69f-4e0e-8c28-a654b220e15a", "env": "development", "version": "1.1.0"}
2026-08-06 22:57:22,764 INFO sqlalchemy.engine.Engine SELECT properties.id, properties.user_id, properties.title, properties.property_type, properties.building_type, properties.floor_number, properties.country, properties.state, properties.city, properties.area, properties.neighborhood, properties.postal_code, properties.latitude, properties.longitude, properties.bedrooms, properties.bathrooms, properties.beds, properties.guests, properties.square_feet, properties.square_meters, properties.cleaning_fee, properties.extra_guest_fee, properties.minimum_nights, properties.maximum_nights, properties.current_price, properties.availability_notes, properties.features, properties.onboarding_step, properties.onboarding_complete, properties.is_active, properties.created_at, properties.updated_at 
FROM properties 
WHERE properties.user_id = $1::UUID AND properties.is_active IS true ORDER BY properties.created_at DESC
{"level": "INFO", "logger": "sqlalchemy.engine.Engine", "message": "SELECT properties.id, properties.user_id, properties.title, properties.property_type, properties.building_type, properties.floor_number, properties.country, properties.state, properties.city, properties.area, properties.neighborhood, properties.postal_code, properties.latitude, properties.longitude, properties.bedrooms, properties.bathrooms, properties.beds, properties.guests, properties.square_feet, properties.square_meters, properties.cleaning_fee, properties.extra_guest_fee, properties.minimum_nights, properties.maximum_nights, properties.current_price, properties.availability_notes, properties.features, properties.onboarding_step, properties.onboarding_complete, properties.is_active, properties.created_at, properties.updated_at \nFROM properties \nWHERE properties.user_id = $1::UUID AND properties.is_active IS true ORDER BY properties.created_at DESC", "request_id": "206b4526-e69f-4e0e-8c28-a654b220e15a", "env": "development", "version": "1.1.0"}
2026-08-06 22:57:22,764 INFO sqlalchemy.engine.Engine [cached since 683.9s ago] (UUID('86a2cd83-52db-4f6b-9071-5f9a100c8b54'),)
{"level": "INFO", "logger": "sqlalchemy.engine.Engine", "message": "[cached since 683.9s ago] (UUID('86a2cd83-52db-4f6b-9071-5f9a100c8b54'),)", "request_id": "206b4526-e69f-4e0e-8c28-a654b220e15a", "env": "development", "version": "1.1.0"}
2026-08-06 22:57:22,765 INFO sqlalchemy.engine.Engine SELECT property_photos.property_id AS property_photos_property_id, property_photos.id AS property_photos_id, property_photos.s3_key AS property_photos_s3_key, property_photos.url AS property_photos_url, property_photos.content_type AS property_photos_content_type, property_photos.sort_order AS property_photos_sort_order, property_photos.room_tag AS property_photos_room_tag, property_photos.created_at AS property_photos_created_at, property_photos.updated_at AS property_photos_updated_at 
FROM property_photos 
WHERE property_photos.property_id IN ($1::UUID)
{"level": "INFO", "logger": "sqlalchemy.engine.Engine", "message": "SELECT property_photos.property_id AS property_photos_property_id, property_photos.id AS property_photos_id, property_photos.s3_key AS property_photos_s3_key, property_photos.url AS property_photos_url, property_photos.content_type AS property_photos_content_type, property_photos.sort_order AS property_photos_sort_order, property_photos.room_tag AS property_photos_room_tag, property_photos.created_at AS property_photos_created_at, property_photos.updated_at AS property_photos_updated_at \nFROM property_photos \nWHERE property_photos.property_id IN ($1::UUID)", "request_id": "206b4526-e69f-4e0e-8c28-a654b220e15a", "env": "development", "version": "1.1.0"}
2026-08-06 22:57:22,765 INFO sqlalchemy.engine.Engine [cached since 646s ago] (UUID('c56a3f78-3748-4393-ba17-bef1f235af9d'),)
{"level": "INFO", "logger": "sqlalchemy.engine.Engine", "message": "[cached since 646s ago] (UUID('c56a3f78-3748-4393-ba17-bef1f235af9d'),)", "request_id": "206b4526-e69f-4e0e-8c28-a654b220e15a", "env": "development", "version": "1.1.0"}
2026-08-06 22:57:22,765 INFO sqlalchemy.engine.Engine SELECT property_amenities.property_id AS property_amenities_property_id, property_amenities.id AS property_amenities_id, property_amenities.amenity_id AS property_amenities_amenity_id 
FROM property_amenities 
WHERE property_amenities.property_id IN ($1::UUID)
{"level": "INFO", "logger": "sqlalchemy.engine.Engine", "message": "SELECT property_amenities.property_id AS property_amenities_property_id, property_amenities.id AS property_amenities_id, property_amenities.amenity_id AS property_amenities_amenity_id \nFROM property_amenities \nWHERE property_amenities.property_id IN ($1::UUID)", "request_id": "206b4526-e69f-4e0e-8c28-a654b220e15a", "env": "development", "version": "1.1.0"}
2026-08-06 22:57:22,765 INFO sqlalchemy.engine.Engine [cached since 646s ago] (UUID('c56a3f78-3748-4393-ba17-bef1f235af9d'),)
{"level": "INFO", "logger": "sqlalchemy.engine.Engine", "message": "[cached since 646s ago] (UUID('c56a3f78-3748-4393-ba17-bef1f235af9d'),)", "request_id": "206b4526-e69f-4e0e-8c28-a654b220e15a", "env": "development", "version": "1.1.0"}
{"level": "INFO", "logger": "app.request", "message": "request", "request_id": null, "env": "development", "version": "1.1.0", "path": "/v1/properties", "method": "GET", "status_code": 200, "duration_ms": 9.13}
INFO:     127.0.0.1:59184 - "GET /v1/properties HTTP/1.1" 200 OK
2026-08-06 22:57:22,766 INFO sqlalchemy.engine.Engine COMMIT
{"level": "INFO", "logger": "sqlalchemy.engine.Engine", "message": "COMMIT", "request_id": "206b4526-e69f-4e0e-8c28-a654b220e15a", "env": "development", "version": "1.1.0"}
2026-08-06 22:57:24,691 INFO sqlalchemy.engine.Engine BEGIN (implicit)
{"level": "INFO", "logger": "sqlalchemy.engine.Engine", "message": "BEGIN (implicit)", "request_id": "fd3579fd-2e77-4e72-a190-cbf143e2faed", "env": "development", "version": "1.1.0"}
2026-08-06 22:57:24,691 INFO sqlalchemy.engine.Engine SELECT users.id, users.email, users.hashed_password, users.full_name, users.role, users.is_active, users.is_verified, users.stripe_customer_id, users.created_at, users.updated_at 
FROM users 
WHERE users.id = $1::UUID
{"level": "INFO", "logger": "sqlalchemy.engine.Engine", "message": "SELECT users.id, users.email, users.hashed_password, users.full_name, users.role, users.is_active, users.is_verified, users.stripe_customer_id, users.created_at, users.updated_at \nFROM users \nWHERE users.id = $1::UUID", "request_id": "fd3579fd-2e77-4e72-a190-cbf143e2faed", "env": "development", "version": "1.1.0"}
2026-08-06 22:57:24,691 INFO sqlalchemy.engine.Engine [cached since 687.4s ago] (UUID('86a2cd83-52db-4f6b-9071-5f9a100c8b54'),)
{"level": "INFO", "logger": "sqlalchemy.engine.Engine", "message": "[cached since 687.4s ago] (UUID('86a2cd83-52db-4f6b-9071-5f9a100c8b54'),)", "request_id": "fd3579fd-2e77-4e72-a190-cbf143e2faed", "env": "development", "version": "1.1.0"}
2026-08-06 22:57:24,692 INFO sqlalchemy.engine.Engine SELECT subscriptions.user_id AS subscriptions_user_id, subscriptions.id AS subscriptions_id, subscriptions.plan_id AS subscriptions_plan_id, subscriptions.status AS subscriptions_status, subscriptions.stripe_subscription_id AS subscriptions_stripe_subscription_id, subscriptions.current_period_end AS subscriptions_current_period_end, subscriptions.created_at AS subscriptions_created_at, subscriptions.updated_at AS subscriptions_updated_at 
FROM subscriptions 
WHERE subscriptions.user_id IN ($1::UUID)
{"level": "INFO", "logger": "sqlalchemy.engine.Engine", "message": "SELECT subscriptions.user_id AS subscriptions_user_id, subscriptions.id AS subscriptions_id, subscriptions.plan_id AS subscriptions_plan_id, subscriptions.status AS subscriptions_status, subscriptions.stripe_subscription_id AS subscriptions_stripe_subscription_id, subscriptions.current_period_end AS subscriptions_current_period_end, subscriptions.created_at AS subscriptions_created_at, subscriptions.updated_at AS subscriptions_updated_at \nFROM subscriptions \nWHERE subscriptions.user_id IN ($1::UUID)", "request_id": "fd3579fd-2e77-4e72-a190-cbf143e2faed", "env": "development", "version": "1.1.0"}
2026-08-06 22:57:24,692 INFO sqlalchemy.engine.Engine [cached since 687.4s ago] (UUID('86a2cd83-52db-4f6b-9071-5f9a100c8b54'),)
{"level": "INFO", "logger": "sqlalchemy.engine.Engine", "message": "[cached since 687.4s ago] (UUID('86a2cd83-52db-4f6b-9071-5f9a100c8b54'),)", "request_id": "fd3579fd-2e77-4e72-a190-cbf143e2faed", "env": "development", "version": "1.1.0"}
2026-08-06 22:57:24,693 INFO sqlalchemy.engine.Engine SELECT plans.id AS plans_id, plans.code AS plans_code, plans.name AS plans_name, plans.description AS plans_description, plans.property_limit AS plans_property_limit, plans.price_monthly_cents AS plans_price_monthly_cents, plans.stripe_price_id AS plans_stripe_price_id, plans.features AS plans_features, plans.created_at AS plans_created_at, plans.updated_at AS plans_updated_at 
FROM plans 
WHERE plans.id IN ($1::UUID)
{"level": "INFO", "logger": "sqlalchemy.engine.Engine", "message": "SELECT plans.id AS plans_id, plans.code AS plans_code, plans.name AS plans_name, plans.description AS plans_description, plans.property_limit AS plans_property_limit, plans.price_monthly_cents AS plans_price_monthly_cents, plans.stripe_price_id AS plans_stripe_price_id, plans.features AS plans_features, plans.created_at AS plans_created_at, plans.updated_at AS plans_updated_at \nFROM plans \nWHERE plans.id IN ($1::UUID)", "request_id": "fd3579fd-2e77-4e72-a190-cbf143e2faed", "env": "development", "version": "1.1.0"}
2026-08-06 22:57:24,693 INFO sqlalchemy.engine.Engine [cached since 687.4s ago] (UUID('143a89e6-c3d0-4d94-9d43-e062122d2f17'),)
{"level": "INFO", "logger": "sqlalchemy.engine.Engine", "message": "[cached since 687.4s ago] (UUID('143a89e6-c3d0-4d94-9d43-e062122d2f17'),)", "request_id": "fd3579fd-2e77-4e72-a190-cbf143e2faed", "env": "development", "version": "1.1.0"}
2026-08-06 22:57:24,694 INFO sqlalchemy.engine.Engine SELECT properties.id, properties.user_id, properties.title, properties.property_type, properties.building_type, properties.floor_number, properties.country, properties.state, properties.city, properties.area, properties.neighborhood, properties.postal_code, properties.latitude, properties.longitude, properties.bedrooms, properties.bathrooms, properties.beds, properties.guests, properties.square_feet, properties.square_meters, properties.cleaning_fee, properties.extra_guest_fee, properties.minimum_nights, properties.maximum_nights, properties.current_price, properties.availability_notes, properties.features, properties.onboarding_step, properties.onboarding_complete, properties.is_active, properties.created_at, properties.updated_at 
FROM properties 
WHERE properties.user_id = $1::UUID AND properties.is_active IS true ORDER BY properties.created_at DESC
{"level": "INFO", "logger": "sqlalchemy.engine.Engine", "message": "SELECT properties.id, properties.user_id, properties.title, properties.property_type, properties.building_type, properties.floor_number, properties.country, properties.state, properties.city, properties.area, properties.neighborhood, properties.postal_code, properties.latitude, properties.longitude, properties.bedrooms, properties.bathrooms, properties.beds, properties.guests, properties.square_feet, properties.square_meters, properties.cleaning_fee, properties.extra_guest_fee, properties.minimum_nights, properties.maximum_nights, properties.current_price, properties.availability_notes, properties.features, properties.onboarding_step, properties.onboarding_complete, properties.is_active, properties.created_at, properties.updated_at \nFROM properties \nWHERE properties.user_id = $1::UUID AND properties.is_active IS true ORDER BY properties.created_at DESC", "request_id": "fd3579fd-2e77-4e72-a190-cbf143e2faed", "env": "development", "version": "1.1.0"}
2026-08-06 22:57:24,694 INFO sqlalchemy.engine.Engine [cached since 685.8s ago] (UUID('86a2cd83-52db-4f6b-9071-5f9a100c8b54'),)
{"level": "INFO", "logger": "sqlalchemy.engine.Engine", "message": "[cached since 685.8s ago] (UUID('86a2cd83-52db-4f6b-9071-5f9a100c8b54'),)", "request_id": "fd3579fd-2e77-4e72-a190-cbf143e2faed", "env": "development", "version": "1.1.0"}
2026-08-06 22:57:24,695 INFO sqlalchemy.engine.Engine SELECT property_photos.property_id AS property_photos_property_id, property_photos.id AS property_photos_id, property_photos.s3_key AS property_photos_s3_key, property_photos.url AS property_photos_url, property_photos.content_type AS property_photos_content_type, property_photos.sort_order AS property_photos_sort_order, property_photos.room_tag AS property_photos_room_tag, property_photos.created_at AS property_photos_created_at, property_photos.updated_at AS property_photos_updated_at 
FROM property_photos 
WHERE property_photos.property_id IN ($1::UUID)
{"level": "INFO", "logger": "sqlalchemy.engine.Engine", "message": "SELECT property_photos.property_id AS property_photos_property_id, property_photos.id AS property_photos_id, property_photos.s3_key AS property_photos_s3_key, property_photos.url AS property_photos_url, property_photos.content_type AS property_photos_content_type, property_photos.sort_order AS property_photos_sort_order, property_photos.room_tag AS property_photos_room_tag, property_photos.created_at AS property_photos_created_at, property_photos.updated_at AS property_photos_updated_at \nFROM property_photos \nWHERE property_photos.property_id IN ($1::UUID)", "request_id": "fd3579fd-2e77-4e72-a190-cbf143e2faed", "env": "development", "version": "1.1.0"}
2026-08-06 22:57:24,695 INFO sqlalchemy.engine.Engine [cached since 647.9s ago] (UUID('c56a3f78-3748-4393-ba17-bef1f235af9d'),)
{"level": "INFO", "logger": "sqlalchemy.engine.Engine", "message": "[cached since 647.9s ago] (UUID('c56a3f78-3748-4393-ba17-bef1f235af9d'),)", "request_id": "fd3579fd-2e77-4e72-a190-cbf143e2faed", "env": "development", "version": "1.1.0"}
2026-08-06 22:57:24,695 INFO sqlalchemy.engine.Engine SELECT property_amenities.property_id AS property_amenities_property_id, property_amenities.id AS property_amenities_id, property_amenities.amenity_id AS property_amenities_amenity_id 
FROM property_amenities 
WHERE property_amenities.property_id IN ($1::UUID)
{"level": "INFO", "logger": "sqlalchemy.engine.Engine", "message": "SELECT property_amenities.property_id AS property_amenities_property_id, property_amenities.id AS property_amenities_id, property_amenities.amenity_id AS property_amenities_amenity_id \nFROM property_amenities \nWHERE property_amenities.property_id IN ($1::UUID)", "request_id": "fd3579fd-2e77-4e72-a190-cbf143e2faed", "env": "development", "version": "1.1.0"}
2026-08-06 22:57:24,695 INFO sqlalchemy.engine.Engine [cached since 647.9s ago] (UUID('c56a3f78-3748-4393-ba17-bef1f235af9d'),)
{"level": "INFO", "logger": "sqlalchemy.engine.Engine", "message": "[cached since 647.9s ago] (UUID('c56a3f78-3748-4393-ba17-bef1f235af9d'),)", "request_id": "fd3579fd-2e77-4e72-a190-cbf143e2faed", "env": "development", "version": "1.1.0"}
{"level": "INFO", "logger": "app.request", "message": "request", "request_id": null, "env": "development", "version": "1.1.0", "path": "/v1/properties", "method": "GET", "status_code": 200, "duration_ms": 8.22}
INFO:     127.0.0.1:59184 - "GET /v1/properties HTTP/1.1" 200 OK
2026-08-06 22:57:24,696 INFO sqlalchemy.engine.Engine COMMIT
{"level": "INFO", "logger": "sqlalchemy.engine.Engine", "message": "COMMIT", "request_id": "fd3579fd-2e77-4e72-a190-cbf143e2faed", "env": "development", "version": "1.1.0"}
2026-08-06 22:57:25,375 INFO sqlalchemy.engine.Engine BEGIN (implicit)
{"level": "INFO", "logger": "sqlalchemy.engine.Engine", "message": "BEGIN (implicit)", "request_id": "d54d3b4f-862e-43b1-8bbe-54fe09ab6e78", "env": "development", "version": "1.1.0"}
2026-08-06 22:57:25,375 INFO sqlalchemy.engine.Engine SELECT users.id, users.email, users.hashed_password, users.full_name, users.role, users.is_active, users.is_verified, users.stripe_customer_id, users.created_at, users.updated_at 
FROM users 
WHERE users.id = $1::UUID
{"level": "INFO", "logger": "sqlalchemy.engine.Engine", "message": "SELECT users.id, users.email, users.hashed_password, users.full_name, users.role, users.is_active, users.is_verified, users.stripe_customer_id, users.created_at, users.updated_at \nFROM users \nWHERE users.id = $1::UUID", "request_id": "d54d3b4f-862e-43b1-8bbe-54fe09ab6e78", "env": "development", "version": "1.1.0"}
2026-08-06 22:57:25,375 INFO sqlalchemy.engine.Engine [cached since 688.1s ago] (UUID('86a2cd83-52db-4f6b-9071-5f9a100c8b54'),)
{"level": "INFO", "logger": "sqlalchemy.engine.Engine", "message": "[cached since 688.1s ago] (UUID('86a2cd83-52db-4f6b-9071-5f9a100c8b54'),)", "request_id": "d54d3b4f-862e-43b1-8bbe-54fe09ab6e78", "env": "development", "version": "1.1.0"}
2026-08-06 22:57:25,376 INFO sqlalchemy.engine.Engine SELECT subscriptions.user_id AS subscriptions_user_id, subscriptions.id AS subscriptions_id, subscriptions.plan_id AS subscriptions_plan_id, subscriptions.status AS subscriptions_status, subscriptions.stripe_subscription_id AS subscriptions_stripe_subscription_id, subscriptions.current_period_end AS subscriptions_current_period_end, subscriptions.created_at AS subscriptions_created_at, subscriptions.updated_at AS subscriptions_updated_at 
FROM subscriptions 
WHERE subscriptions.user_id IN ($1::UUID)
{"level": "INFO", "logger": "sqlalchemy.engine.Engine", "message": "SELECT subscriptions.user_id AS subscriptions_user_id, subscriptions.id AS subscriptions_id, subscriptions.plan_id AS subscriptions_plan_id, subscriptions.status AS subscriptions_status, subscriptions.stripe_subscription_id AS subscriptions_stripe_subscription_id, subscriptions.current_period_end AS subscriptions_current_period_end, subscriptions.created_at AS subscriptions_created_at, subscriptions.updated_at AS subscriptions_updated_at \nFROM subscriptions \nWHERE subscriptions.user_id IN ($1::UUID)", "request_id": "d54d3b4f-862e-43b1-8bbe-54fe09ab6e78", "env": "development", "version": "1.1.0"}
2026-08-06 22:57:25,376 INFO sqlalchemy.engine.Engine [cached since 688.1s ago] (UUID('86a2cd83-52db-4f6b-9071-5f9a100c8b54'),)
{"level": "INFO", "logger": "sqlalchemy.engine.Engine", "message": "[cached since 688.1s ago] (UUID('86a2cd83-52db-4f6b-9071-5f9a100c8b54'),)", "request_id": "d54d3b4f-862e-43b1-8bbe-54fe09ab6e78", "env": "development", "version": "1.1.0"}
2026-08-06 22:57:25,377 INFO sqlalchemy.engine.Engine SELECT plans.id AS plans_id, plans.code AS plans_code, plans.name AS plans_name, plans.description AS plans_description, plans.property_limit AS plans_property_limit, plans.price_monthly_cents AS plans_price_monthly_cents, plans.stripe_price_id AS plans_stripe_price_id, plans.features AS plans_features, plans.created_at AS plans_created_at, plans.updated_at AS plans_updated_at 
FROM plans 
WHERE plans.id IN ($1::UUID)
{"level": "INFO", "logger": "sqlalchemy.engine.Engine", "message": "SELECT plans.id AS plans_id, plans.code AS plans_code, plans.name AS plans_name, plans.description AS plans_description, plans.property_limit AS plans_property_limit, plans.price_monthly_cents AS plans_price_monthly_cents, plans.stripe_price_id AS plans_stripe_price_id, plans.features AS plans_features, plans.created_at AS plans_created_at, plans.updated_at AS plans_updated_at \nFROM plans \nWHERE plans.id IN ($1::UUID)", "request_id": "d54d3b4f-862e-43b1-8bbe-54fe09ab6e78", "env": "development", "version": "1.1.0"}
2026-08-06 22:57:25,377 INFO sqlalchemy.engine.Engine [cached since 688.1s ago] (UUID('143a89e6-c3d0-4d94-9d43-e062122d2f17'),)
{"level": "INFO", "logger": "sqlalchemy.engine.Engine", "message": "[cached since 688.1s ago] (UUID('143a89e6-c3d0-4d94-9d43-e062122d2f17'),)", "request_id": "d54d3b4f-862e-43b1-8bbe-54fe09ab6e78", "env": "development", "version": "1.1.0"}
2026-08-06 22:57:25,378 INFO sqlalchemy.engine.Engine SELECT properties.id, properties.user_id, properties.title, properties.property_type, properties.building_type, properties.floor_number, properties.country, properties.state, properties.city, properties.area, properties.neighborhood, properties.postal_code, properties.latitude, properties.longitude, properties.bedrooms, properties.bathrooms, properties.beds, properties.guests, properties.square_feet, properties.square_meters, properties.cleaning_fee, properties.extra_guest_fee, properties.minimum_nights, properties.maximum_nights, properties.current_price, properties.availability_notes, properties.features, properties.onboarding_step, properties.onboarding_complete, properties.is_active, properties.created_at, properties.updated_at 
FROM properties 
WHERE properties.user_id = $1::UUID AND properties.is_active IS true ORDER BY properties.created_at DESC
{"level": "INFO", "logger": "sqlalchemy.engine.Engine", "message": "SELECT properties.id, properties.user_id, properties.title, properties.property_type, properties.building_type, properties.floor_number, properties.country, properties.state, properties.city, properties.area, properties.neighborhood, properties.postal_code, properties.latitude, properties.longitude, properties.bedrooms, properties.bathrooms, properties.beds, properties.guests, properties.square_feet, properties.square_meters, properties.cleaning_fee, properties.extra_guest_fee, properties.minimum_nights, properties.maximum_nights, properties.current_price, properties.availability_notes, properties.features, properties.onboarding_step, properties.onboarding_complete, properties.is_active, properties.created_at, properties.updated_at \nFROM properties \nWHERE properties.user_id = $1::UUID AND properties.is_active IS true ORDER BY properties.created_at DESC", "request_id": "d54d3b4f-862e-43b1-8bbe-54fe09ab6e78", "env": "development", "version": "1.1.0"}
2026-08-06 22:57:25,378 INFO sqlalchemy.engine.Engine [cached since 686.5s ago] (UUID('86a2cd83-52db-4f6b-9071-5f9a100c8b54'),)
{"level": "INFO", "logger": "sqlalchemy.engine.Engine", "message": "[cached since 686.5s ago] (UUID('86a2cd83-52db-4f6b-9071-5f9a100c8b54'),)", "request_id": "d54d3b4f-862e-43b1-8bbe-54fe09ab6e78", "env": "development", "version": "1.1.0"}
2026-08-06 22:57:25,378 INFO sqlalchemy.engine.Engine SELECT property_photos.property_id AS property_photos_property_id, property_photos.id AS property_photos_id, property_photos.s3_key AS property_photos_s3_key, property_photos.url AS property_photos_url, property_photos.content_type AS property_photos_content_type, property_photos.sort_order AS property_photos_sort_order, property_photos.room_tag AS property_photos_room_tag, property_photos.created_at AS property_photos_created_at, property_photos.updated_at AS property_photos_updated_at 
FROM property_photos 
WHERE property_photos.property_id IN ($1::UUID)
{"level": "INFO", "logger": "sqlalchemy.engine.Engine", "message": "SELECT property_photos.property_id AS property_photos_property_id, property_photos.id AS property_photos_id, property_photos.s3_key AS property_photos_s3_key, property_photos.url AS property_photos_url, property_photos.content_type AS property_photos_content_type, property_photos.sort_order AS property_photos_sort_order, property_photos.room_tag AS property_photos_room_tag, property_photos.created_at AS property_photos_created_at, property_photos.updated_at AS property_photos_updated_at \nFROM property_photos \nWHERE property_photos.property_id IN ($1::UUID)", "request_id": "d54d3b4f-862e-43b1-8bbe-54fe09ab6e78", "env": "development", "version": "1.1.0"}
2026-08-06 22:57:25,378 INFO sqlalchemy.engine.Engine [cached since 648.6s ago] (UUID('c56a3f78-3748-4393-ba17-bef1f235af9d'),)
{"level": "INFO", "logger": "sqlalchemy.engine.Engine", "message": "[cached since 648.6s ago] (UUID('c56a3f78-3748-4393-ba17-bef1f235af9d'),)", "request_id": "d54d3b4f-862e-43b1-8bbe-54fe09ab6e78", "env": "development", "version": "1.1.0"}
2026-08-06 22:57:25,379 INFO sqlalchemy.engine.Engine SELECT property_amenities.property_id AS property_amenities_property_id, property_amenities.id AS property_amenities_id, property_amenities.amenity_id AS property_amenities_amenity_id 
FROM property_amenities 
WHERE property_amenities.property_id IN ($1::UUID)
{"level": "INFO", "logger": "sqlalchemy.engine.Engine", "message": "SELECT property_amenities.property_id AS property_amenities_property_id, property_amenities.id AS property_amenities_id, property_amenities.amenity_id AS property_amenities_amenity_id \nFROM property_amenities \nWHERE property_amenities.property_id IN ($1::UUID)", "request_id": "d54d3b4f-862e-43b1-8bbe-54fe09ab6e78", "env": "development", "version": "1.1.0"}
2026-08-06 22:57:25,379 INFO sqlalchemy.engine.Engine [cached since 648.6s ago] (UUID('c56a3f78-3748-4393-ba17-bef1f235af9d'),)
{"level": "INFO", "logger": "sqlalchemy.engine.Engine", "message": "[cached since 648.6s ago] (UUID('c56a3f78-3748-4393-ba17-bef1f235af9d'),)", "request_id": "d54d3b4f-862e-43b1-8bbe-54fe09ab6e78", "env": "development", "version": "1.1.0"}
{"level": "INFO", "logger": "app.request", "message": "request", "request_id": null, "env": "development", "version": "1.1.0", "path": "/v1/properties", "method": "GET", "status_code": 200, "duration_ms": 7.88}
INFO:     127.0.0.1:59184 - "GET /v1/properties HTTP/1.1" 200 OK
2026-08-06 22:57:25,380 INFO sqlalchemy.engine.Engine COMMIT
{"level": "INFO", "logger": "sqlalchemy.engine.Engine", "message": "COMMIT", "request_id": "d54d3b4f-862e-43b1-8bbe-54fe09ab6e78", "env": "development", "version": "1.1.0"}
2026-08-06 22:57:30,722 INFO sqlalchemy.engine.Engine BEGIN (implicit)
{"level": "INFO", "logger": "sqlalchemy.engine.Engine", "message": "BEGIN (implicit)", "request_id": "2aa368e1-8624-43b6-91db-f4f950e9d84b", "env": "development", "version": "1.1.0"}
2026-08-06 22:57:30,723 INFO sqlalchemy.engine.Engine SELECT users.id, users.email, users.hashed_password, users.full_name, users.role, users.is_active, users.is_verified, users.stripe_customer_id, users.created_at, users.updated_at 
FROM users 
WHERE users.id = $1::UUID
{"level": "INFO", "logger": "sqlalchemy.engine.Engine", "message": "SELECT users.id, users.email, users.hashed_password, users.full_name, users.role, users.is_active, users.is_verified, users.stripe_customer_id, users.created_at, users.updated_at \nFROM users \nWHERE users.id = $1::UUID", "request_id": "2aa368e1-8624-43b6-91db-f4f950e9d84b", "env": "development", "version": "1.1.0"}
2026-08-06 22:57:30,723 INFO sqlalchemy.engine.Engine [cached since 693.5s ago] (UUID('86a2cd83-52db-4f6b-9071-5f9a100c8b54'),)
{"level": "INFO", "logger": "sqlalchemy.engine.Engine", "message": "[cached since 693.5s ago] (UUID('86a2cd83-52db-4f6b-9071-5f9a100c8b54'),)", "request_id": "2aa368e1-8624-43b6-91db-f4f950e9d84b", "env": "development", "version": "1.1.0"}
2026-08-06 22:57:30,724 INFO sqlalchemy.engine.Engine SELECT subscriptions.user_id AS subscriptions_user_id, subscriptions.id AS subscriptions_id, subscriptions.plan_id AS subscriptions_plan_id, subscriptions.status AS subscriptions_status, subscriptions.stripe_subscription_id AS subscriptions_stripe_subscription_id, subscriptions.current_period_end AS subscriptions_current_period_end, subscriptions.created_at AS subscriptions_created_at, subscriptions.updated_at AS subscriptions_updated_at 
FROM subscriptions 
WHERE subscriptions.user_id IN ($1::UUID)
{"level": "INFO", "logger": "sqlalchemy.engine.Engine", "message": "SELECT subscriptions.user_id AS subscriptions_user_id, subscriptions.id AS subscriptions_id, subscriptions.plan_id AS subscriptions_plan_id, subscriptions.status AS subscriptions_status, subscriptions.stripe_subscription_id AS subscriptions_stripe_subscription_id, subscriptions.current_period_end AS subscriptions_current_period_end, subscriptions.created_at AS subscriptions_created_at, subscriptions.updated_at AS subscriptions_updated_at \nFROM subscriptions \nWHERE subscriptions.user_id IN ($1::UUID)", "request_id": "2aa368e1-8624-43b6-91db-f4f950e9d84b", "env": "development", "version": "1.1.0"}
2026-08-06 22:57:30,724 INFO sqlalchemy.engine.Engine [cached since 693.5s ago] (UUID('86a2cd83-52db-4f6b-9071-5f9a100c8b54'),)
{"level": "INFO", "logger": "sqlalchemy.engine.Engine", "message": "[cached since 693.5s ago] (UUID('86a2cd83-52db-4f6b-9071-5f9a100c8b54'),)", "request_id": "2aa368e1-8624-43b6-91db-f4f950e9d84b", "env": "development", "version": "1.1.0"}
2026-08-06 22:57:30,725 INFO sqlalchemy.engine.Engine SELECT plans.id AS plans_id, plans.code AS plans_code, plans.name AS plans_name, plans.description AS plans_description, plans.property_limit AS plans_property_limit, plans.price_monthly_cents AS plans_price_monthly_cents, plans.stripe_price_id AS plans_stripe_price_id, plans.features AS plans_features, plans.created_at AS plans_created_at, plans.updated_at AS plans_updated_at 
FROM plans 
WHERE plans.id IN ($1::UUID)
{"level": "INFO", "logger": "sqlalchemy.engine.Engine", "message": "SELECT plans.id AS plans_id, plans.code AS plans_code, plans.name AS plans_name, plans.description AS plans_description, plans.property_limit AS plans_property_limit, plans.price_monthly_cents AS plans_price_monthly_cents, plans.stripe_price_id AS plans_stripe_price_id, plans.features AS plans_features, plans.created_at AS plans_created_at, plans.updated_at AS plans_updated_at \nFROM plans \nWHERE plans.id IN ($1::UUID)", "request_id": "2aa368e1-8624-43b6-91db-f4f950e9d84b", "env": "development", "version": "1.1.0"}
2026-08-06 22:57:30,725 INFO sqlalchemy.engine.Engine [cached since 693.5s ago] (UUID('143a89e6-c3d0-4d94-9d43-e062122d2f17'),)
{"level": "INFO", "logger": "sqlalchemy.engine.Engine", "message": "[cached since 693.5s ago] (UUID('143a89e6-c3d0-4d94-9d43-e062122d2f17'),)", "request_id": "2aa368e1-8624-43b6-91db-f4f950e9d84b", "env": "development", "version": "1.1.0"}
2026-08-06 22:57:30,726 INFO sqlalchemy.engine.Engine SELECT properties.id, properties.user_id, properties.title, properties.property_type, properties.building_type, properties.floor_number, properties.country, properties.state, properties.city, properties.area, properties.neighborhood, properties.postal_code, properties.latitude, properties.longitude, properties.bedrooms, properties.bathrooms, properties.beds, properties.guests, properties.square_feet, properties.square_meters, properties.cleaning_fee, properties.extra_guest_fee, properties.minimum_nights, properties.maximum_nights, properties.current_price, properties.availability_notes, properties.features, properties.onboarding_step, properties.onboarding_complete, properties.is_active, properties.created_at, properties.updated_at 
FROM properties 
WHERE properties.user_id = $1::UUID AND properties.is_active IS true ORDER BY properties.created_at DESC
{"level": "INFO", "logger": "sqlalchemy.engine.Engine", "message": "SELECT properties.id, properties.user_id, properties.title, properties.property_type, properties.building_type, properties.floor_number, properties.country, properties.state, properties.city, properties.area, properties.neighborhood, properties.postal_code, properties.latitude, properties.longitude, properties.bedrooms, properties.bathrooms, properties.beds, properties.guests, properties.square_feet, properties.square_meters, properties.cleaning_fee, properties.extra_guest_fee, properties.minimum_nights, properties.maximum_nights, properties.current_price, properties.availability_notes, properties.features, properties.onboarding_step, properties.onboarding_complete, properties.is_active, properties.created_at, properties.updated_at \nFROM properties \nWHERE properties.user_id = $1::UUID AND properties.is_active IS true ORDER BY properties.created_at DESC", "request_id": "2aa368e1-8624-43b6-91db-f4f950e9d84b", "env": "development", "version": "1.1.0"}
2026-08-06 22:57:30,726 INFO sqlalchemy.engine.Engine [cached since 691.9s ago] (UUID('86a2cd83-52db-4f6b-9071-5f9a100c8b54'),)
{"level": "INFO", "logger": "sqlalchemy.engine.Engine", "message": "[cached since 691.9s ago] (UUID('86a2cd83-52db-4f6b-9071-5f9a100c8b54'),)", "request_id": "2aa368e1-8624-43b6-91db-f4f950e9d84b", "env": "development", "version": "1.1.0"}
2026-08-06 22:57:30,727 INFO sqlalchemy.engine.Engine SELECT property_photos.property_id AS property_photos_property_id, property_photos.id AS property_photos_id, property_photos.s3_key AS property_photos_s3_key, property_photos.url AS property_photos_url, property_photos.content_type AS property_photos_content_type, property_photos.sort_order AS property_photos_sort_order, property_photos.room_tag AS property_photos_room_tag, property_photos.created_at AS property_photos_created_at, property_photos.updated_at AS property_photos_updated_at 
FROM property_photos 
WHERE property_photos.property_id IN ($1::UUID)
{"level": "INFO", "logger": "sqlalchemy.engine.Engine", "message": "SELECT property_photos.property_id AS property_photos_property_id, property_photos.id AS property_photos_id, property_photos.s3_key AS property_photos_s3_key, property_photos.url AS property_photos_url, property_photos.content_type AS property_photos_content_type, property_photos.sort_order AS property_photos_sort_order, property_photos.room_tag AS property_photos_room_tag, property_photos.created_at AS property_photos_created_at, property_photos.updated_at AS property_photos_updated_at \nFROM property_photos \nWHERE property_photos.property_id IN ($1::UUID)", "request_id": "2aa368e1-8624-43b6-91db-f4f950e9d84b", "env": "development", "version": "1.1.0"}
2026-08-06 22:57:30,727 INFO sqlalchemy.engine.Engine [cached since 654s ago] (UUID('c56a3f78-3748-4393-ba17-bef1f235af9d'),)
{"level": "INFO", "logger": "sqlalchemy.engine.Engine", "message": "[cached since 654s ago] (UUID('c56a3f78-3748-4393-ba17-bef1f235af9d'),)", "request_id": "2aa368e1-8624-43b6-91db-f4f950e9d84b", "env": "development", "version": "1.1.0"}
2026-08-06 22:57:30,728 INFO sqlalchemy.engine.Engine SELECT property_amenities.property_id AS property_amenities_property_id, property_amenities.id AS property_amenities_id, property_amenities.amenity_id AS property_amenities_amenity_id 
FROM property_amenities 
WHERE property_amenities.property_id IN ($1::UUID)
{"level": "INFO", "logger": "sqlalchemy.engine.Engine", "message": "SELECT property_amenities.property_id AS property_amenities_property_id, property_amenities.id AS property_amenities_id, property_amenities.amenity_id AS property_amenities_amenity_id \nFROM property_amenities \nWHERE property_amenities.property_id IN ($1::UUID)", "request_id": "2aa368e1-8624-43b6-91db-f4f950e9d84b", "env": "development", "version": "1.1.0"}
2026-08-06 22:57:30,728 INFO sqlalchemy.engine.Engine [cached since 654s ago] (UUID('c56a3f78-3748-4393-ba17-bef1f235af9d'),)
{"level": "INFO", "logger": "sqlalchemy.engine.Engine", "message": "[cached since 654s ago] (UUID('c56a3f78-3748-4393-ba17-bef1f235af9d'),)", "request_id": "2aa368e1-8624-43b6-91db-f4f950e9d84b", "env": "development", "version": "1.1.0"}
{"level": "INFO", "logger": "app.request", "message": "request", "request_id": null, "env": "development", "version": "1.1.0", "path": "/v1/properties", "method": "GET", "status_code": 200, "duration_ms": 10.25}
INFO:     127.0.0.1:59198 - "GET /v1/properties HTTP/1.1" 200 OK
2026-08-06 22:57:30,729 INFO sqlalchemy.engine.Engine COMMIT
{"level": "INFO", "logger": "sqlalchemy.engine.Engine", "message": "COMMIT", "request_id": "2aa368e1-8624-43b6-91db-f4f950e9d84b", "env": "development", "version": "1.1.0"}
2026-08-06 22:57:35,230 INFO sqlalchemy.engine.Engine BEGIN (implicit)
{"level": "INFO", "logger": "sqlalchemy.engine.Engine", "message": "BEGIN (implicit)", "request_id": "cf70a7f5-46b2-4b04-b39f-288e93e8ab92", "env": "development", "version": "1.1.0"}
2026-08-06 22:57:35,230 INFO sqlalchemy.engine.Engine SELECT users.id, users.email, users.hashed_password, users.full_name, users.role, users.is_active, users.is_verified, users.stripe_customer_id, users.created_at, users.updated_at 
FROM users 
WHERE users.id = $1::UUID
{"level": "INFO", "logger": "sqlalchemy.engine.Engine", "message": "SELECT users.id, users.email, users.hashed_password, users.full_name, users.role, users.is_active, users.is_verified, users.stripe_customer_id, users.created_at, users.updated_at \nFROM users \nWHERE users.id = $1::UUID", "request_id": "cf70a7f5-46b2-4b04-b39f-288e93e8ab92", "env": "development", "version": "1.1.0"}
2026-08-06 22:57:35,230 INFO sqlalchemy.engine.Engine [cached since 698s ago] (UUID('86a2cd83-52db-4f6b-9071-5f9a100c8b54'),)
{"level": "INFO", "logger": "sqlalchemy.engine.Engine", "message": "[cached since 698s ago] (UUID('86a2cd83-52db-4f6b-9071-5f9a100c8b54'),)", "request_id": "cf70a7f5-46b2-4b04-b39f-288e93e8ab92", "env": "development", "version": "1.1.0"}
2026-08-06 22:57:35,232 INFO sqlalchemy.engine.Engine SELECT subscriptions.user_id AS subscriptions_user_id, subscriptions.id AS subscriptions_id, subscriptions.plan_id AS subscriptions_plan_id, subscriptions.status AS subscriptions_status, subscriptions.stripe_subscription_id AS subscriptions_stripe_subscription_id, subscriptions.current_period_end AS subscriptions_current_period_end, subscriptions.created_at AS subscriptions_created_at, subscriptions.updated_at AS subscriptions_updated_at 
FROM subscriptions 
WHERE subscriptions.user_id IN ($1::UUID)
{"level": "INFO", "logger": "sqlalchemy.engine.Engine", "message": "SELECT subscriptions.user_id AS subscriptions_user_id, subscriptions.id AS subscriptions_id, subscriptions.plan_id AS subscriptions_plan_id, subscriptions.status AS subscriptions_status, subscriptions.stripe_subscription_id AS subscriptions_stripe_subscription_id, subscriptions.current_period_end AS subscriptions_current_period_end, subscriptions.created_at AS subscriptions_created_at, subscriptions.updated_at AS subscriptions_updated_at \nFROM subscriptions \nWHERE subscriptions.user_id IN ($1::UUID)", "request_id": "cf70a7f5-46b2-4b04-b39f-288e93e8ab92", "env": "development", "version": "1.1.0"}
2026-08-06 22:57:35,232 INFO sqlalchemy.engine.Engine [cached since 698s ago] (UUID('86a2cd83-52db-4f6b-9071-5f9a100c8b54'),)
{"level": "INFO", "logger": "sqlalchemy.engine.Engine", "message": "[cached since 698s ago] (UUID('86a2cd83-52db-4f6b-9071-5f9a100c8b54'),)", "request_id": "cf70a7f5-46b2-4b04-b39f-288e93e8ab92", "env": "development", "version": "1.1.0"}
2026-08-06 22:57:35,233 INFO sqlalchemy.engine.Engine SELECT plans.id AS plans_id, plans.code AS plans_code, plans.name AS plans_name, plans.description AS plans_description, plans.property_limit AS plans_property_limit, plans.price_monthly_cents AS plans_price_monthly_cents, plans.stripe_price_id AS plans_stripe_price_id, plans.features AS plans_features, plans.created_at AS plans_created_at, plans.updated_at AS plans_updated_at 
FROM plans 
WHERE plans.id IN ($1::UUID)
{"level": "INFO", "logger": "sqlalchemy.engine.Engine", "message": "SELECT plans.id AS plans_id, plans.code AS plans_code, plans.name AS plans_name, plans.description AS plans_description, plans.property_limit AS plans_property_limit, plans.price_monthly_cents AS plans_price_monthly_cents, plans.stripe_price_id AS plans_stripe_price_id, plans.features AS plans_features, plans.created_at AS plans_created_at, plans.updated_at AS plans_updated_at \nFROM plans \nWHERE plans.id IN ($1::UUID)", "request_id": "cf70a7f5-46b2-4b04-b39f-288e93e8ab92", "env": "development", "version": "1.1.0"}
2026-08-06 22:57:35,233 INFO sqlalchemy.engine.Engine [cached since 698s ago] (UUID('143a89e6-c3d0-4d94-9d43-e062122d2f17'),)
{"level": "INFO", "logger": "sqlalchemy.engine.Engine", "message": "[cached since 698s ago] (UUID('143a89e6-c3d0-4d94-9d43-e062122d2f17'),)", "request_id": "cf70a7f5-46b2-4b04-b39f-288e93e8ab92", "env": "development", "version": "1.1.0"}
2026-08-06 22:57:35,234 INFO sqlalchemy.engine.Engine SELECT properties.id, properties.user_id, properties.title, properties.property_type, properties.building_type, properties.floor_number, properties.country, properties.state, properties.city, properties.area, properties.neighborhood, properties.postal_code, properties.latitude, properties.longitude, properties.bedrooms, properties.bathrooms, properties.beds, properties.guests, properties.square_feet, properties.square_meters, properties.cleaning_fee, properties.extra_guest_fee, properties.minimum_nights, properties.maximum_nights, properties.current_price, properties.availability_notes, properties.features, properties.onboarding_step, properties.onboarding_complete, properties.is_active, properties.created_at, properties.updated_at 
FROM properties 
WHERE properties.user_id = $1::UUID AND properties.is_active IS true ORDER BY properties.created_at DESC
{"level": "INFO", "logger": "sqlalchemy.engine.Engine", "message": "SELECT properties.id, properties.user_id, properties.title, properties.property_type, properties.building_type, properties.floor_number, properties.country, properties.state, properties.city, properties.area, properties.neighborhood, properties.postal_code, properties.latitude, properties.longitude, properties.bedrooms, properties.bathrooms, properties.beds, properties.guests, properties.square_feet, properties.square_meters, properties.cleaning_fee, properties.extra_guest_fee, properties.minimum_nights, properties.maximum_nights, properties.current_price, properties.availability_notes, properties.features, properties.onboarding_step, properties.onboarding_complete, properties.is_active, properties.created_at, properties.updated_at \nFROM properties \nWHERE properties.user_id = $1::UUID AND properties.is_active IS true ORDER BY properties.created_at DESC", "request_id": "cf70a7f5-46b2-4b04-b39f-288e93e8ab92", "env": "development", "version": "1.1.0"}
2026-08-06 22:57:35,235 INFO sqlalchemy.engine.Engine [cached since 696.4s ago] (UUID('86a2cd83-52db-4f6b-9071-5f9a100c8b54'),)
{"level": "INFO", "logger": "sqlalchemy.engine.Engine", "message": "[cached since 696.4s ago] (UUID('86a2cd83-52db-4f6b-9071-5f9a100c8b54'),)", "request_id": "cf70a7f5-46b2-4b04-b39f-288e93e8ab92", "env": "development", "version": "1.1.0"}
2026-08-06 22:57:35,236 INFO sqlalchemy.engine.Engine SELECT property_photos.property_id AS property_photos_property_id, property_photos.id AS property_photos_id, property_photos.s3_key AS property_photos_s3_key, property_photos.url AS property_photos_url, property_photos.content_type AS property_photos_content_type, property_photos.sort_order AS property_photos_sort_order, property_photos.room_tag AS property_photos_room_tag, property_photos.created_at AS property_photos_created_at, property_photos.updated_at AS property_photos_updated_at 
FROM property_photos 
WHERE property_photos.property_id IN ($1::UUID)
{"level": "INFO", "logger": "sqlalchemy.engine.Engine", "message": "SELECT property_photos.property_id AS property_photos_property_id, property_photos.id AS property_photos_id, property_photos.s3_key AS property_photos_s3_key, property_photos.url AS property_photos_url, property_photos.content_type AS property_photos_content_type, property_photos.sort_order AS property_photos_sort_order, property_photos.room_tag AS property_photos_room_tag, property_photos.created_at AS property_photos_created_at, property_photos.updated_at AS property_photos_updated_at \nFROM property_photos \nWHERE property_photos.property_id IN ($1::UUID)", "request_id": "cf70a7f5-46b2-4b04-b39f-288e93e8ab92", "env": "development", "version": "1.1.0"}
2026-08-06 22:57:35,236 INFO sqlalchemy.engine.Engine [cached since 658.5s ago] (UUID('c56a3f78-3748-4393-ba17-bef1f235af9d'),)
{"level": "INFO", "logger": "sqlalchemy.engine.Engine", "message": "[cached since 658.5s ago] (UUID('c56a3f78-3748-4393-ba17-bef1f235af9d'),)", "request_id": "cf70a7f5-46b2-4b04-b39f-288e93e8ab92", "env": "development", "version": "1.1.0"}
2026-08-06 22:57:35,238 INFO sqlalchemy.engine.Engine SELECT property_amenities.property_id AS property_amenities_property_id, property_amenities.id AS property_amenities_id, property_amenities.amenity_id AS property_amenities_amenity_id 
FROM property_amenities 
WHERE property_amenities.property_id IN ($1::UUID)
{"level": "INFO", "logger": "sqlalchemy.engine.Engine", "message": "SELECT property_amenities.property_id AS property_amenities_property_id, property_amenities.id AS property_amenities_id, property_amenities.amenity_id AS property_amenities_amenity_id \nFROM property_amenities \nWHERE property_amenities.property_id IN ($1::UUID)", "request_id": "cf70a7f5-46b2-4b04-b39f-288e93e8ab92", "env": "development", "version": "1.1.0"}
2026-08-06 22:57:35,238 INFO sqlalchemy.engine.Engine [cached since 658.5s ago] (UUID('c56a3f78-3748-4393-ba17-bef1f235af9d'),)
{"level": "INFO", "logger": "sqlalchemy.engine.Engine", "message": "[cached since 658.5s ago] (UUID('c56a3f78-3748-4393-ba17-bef1f235af9d'),)", "request_id": "cf70a7f5-46b2-4b04-b39f-288e93e8ab92", "env": "development", "version": "1.1.0"}
{"level": "INFO", "logger": "app.request", "message": "request", "request_id": null, "env": "development", "version": "1.1.0", "path": "/v1/properties", "method": "GET", "status_code": 200, "duration_ms": 12.85}
INFO:     127.0.0.1:59198 - "GET /v1/properties HTTP/1.1" 200 OK
2026-08-06 22:57:35,239 INFO sqlalchemy.engine.Engine COMMIT
{"level": "INFO", "logger": "sqlalchemy.engine.Engine", "message": "COMMIT", "request_id": "cf70a7f5-46b2-4b04-b39f-288e93e8ab92", "env": "development", "version": "1.1.0"}
INFO:     127.0.0.1:59198 - "OPTIONS /v1/properties/c56a3f78-3748-4393-ba17-bef1f235af9d HTTP/1.1" 200 OK
2026-08-06 22:57:39,013 INFO sqlalchemy.engine.Engine BEGIN (implicit)
{"level": "INFO", "logger": "sqlalchemy.engine.Engine", "message": "BEGIN (implicit)", "request_id": "4678492e-db85-4961-9a98-9c394fbc9b82", "env": "development", "version": "1.1.0"}
2026-08-06 22:57:39,013 INFO sqlalchemy.engine.Engine SELECT users.id, users.email, users.hashed_password, users.full_name, users.role, users.is_active, users.is_verified, users.stripe_customer_id, users.created_at, users.updated_at 
FROM users 
WHERE users.id = $1::UUID
{"level": "INFO", "logger": "sqlalchemy.engine.Engine", "message": "SELECT users.id, users.email, users.hashed_password, users.full_name, users.role, users.is_active, users.is_verified, users.stripe_customer_id, users.created_at, users.updated_at \nFROM users \nWHERE users.id = $1::UUID", "request_id": "4678492e-db85-4961-9a98-9c394fbc9b82", "env": "development", "version": "1.1.0"}
2026-08-06 22:57:39,013 INFO sqlalchemy.engine.Engine [cached since 701.8s ago] (UUID('86a2cd83-52db-4f6b-9071-5f9a100c8b54'),)
{"level": "INFO", "logger": "sqlalchemy.engine.Engine", "message": "[cached since 701.8s ago] (UUID('86a2cd83-52db-4f6b-9071-5f9a100c8b54'),)", "request_id": "4678492e-db85-4961-9a98-9c394fbc9b82", "env": "development", "version": "1.1.0"}
2026-08-06 22:57:39,014 INFO sqlalchemy.engine.Engine SELECT subscriptions.user_id AS subscriptions_user_id, subscriptions.id AS subscriptions_id, subscriptions.plan_id AS subscriptions_plan_id, subscriptions.status AS subscriptions_status, subscriptions.stripe_subscription_id AS subscriptions_stripe_subscription_id, subscriptions.current_period_end AS subscriptions_current_period_end, subscriptions.created_at AS subscriptions_created_at, subscriptions.updated_at AS subscriptions_updated_at 
FROM subscriptions 
WHERE subscriptions.user_id IN ($1::UUID)
{"level": "INFO", "logger": "sqlalchemy.engine.Engine", "message": "SELECT subscriptions.user_id AS subscriptions_user_id, subscriptions.id AS subscriptions_id, subscriptions.plan_id AS subscriptions_plan_id, subscriptions.status AS subscriptions_status, subscriptions.stripe_subscription_id AS subscriptions_stripe_subscription_id, subscriptions.current_period_end AS subscriptions_current_period_end, subscriptions.created_at AS subscriptions_created_at, subscriptions.updated_at AS subscriptions_updated_at \nFROM subscriptions \nWHERE subscriptions.user_id IN ($1::UUID)", "request_id": "4678492e-db85-4961-9a98-9c394fbc9b82", "env": "development", "version": "1.1.0"}
2026-08-06 22:57:39,014 INFO sqlalchemy.engine.Engine [cached since 701.8s ago] (UUID('86a2cd83-52db-4f6b-9071-5f9a100c8b54'),)
{"level": "INFO", "logger": "sqlalchemy.engine.Engine", "message": "[cached since 701.8s ago] (UUID('86a2cd83-52db-4f6b-9071-5f9a100c8b54'),)", "request_id": "4678492e-db85-4961-9a98-9c394fbc9b82", "env": "development", "version": "1.1.0"}
2026-08-06 22:57:39,015 INFO sqlalchemy.engine.Engine SELECT plans.id AS plans_id, plans.code AS plans_code, plans.name AS plans_name, plans.description AS plans_description, plans.property_limit AS plans_property_limit, plans.price_monthly_cents AS plans_price_monthly_cents, plans.stripe_price_id AS plans_stripe_price_id, plans.features AS plans_features, plans.created_at AS plans_created_at, plans.updated_at AS plans_updated_at 
FROM plans 
WHERE plans.id IN ($1::UUID)
{"level": "INFO", "logger": "sqlalchemy.engine.Engine", "message": "SELECT plans.id AS plans_id, plans.code AS plans_code, plans.name AS plans_name, plans.description AS plans_description, plans.property_limit AS plans_property_limit, plans.price_monthly_cents AS plans_price_monthly_cents, plans.stripe_price_id AS plans_stripe_price_id, plans.features AS plans_features, plans.created_at AS plans_created_at, plans.updated_at AS plans_updated_at \nFROM plans \nWHERE plans.id IN ($1::UUID)", "request_id": "4678492e-db85-4961-9a98-9c394fbc9b82", "env": "development", "version": "1.1.0"}
2026-08-06 22:57:39,016 INFO sqlalchemy.engine.Engine [cached since 701.8s ago] (UUID('143a89e6-c3d0-4d94-9d43-e062122d2f17'),)
{"level": "INFO", "logger": "sqlalchemy.engine.Engine", "message": "[cached since 701.8s ago] (UUID('143a89e6-c3d0-4d94-9d43-e062122d2f17'),)", "request_id": "4678492e-db85-4961-9a98-9c394fbc9b82", "env": "development", "version": "1.1.0"}
2026-08-06 22:57:39,017 INFO sqlalchemy.engine.Engine SELECT properties.id, properties.user_id, properties.title, properties.property_type, properties.building_type, properties.floor_number, properties.country, properties.state, properties.city, properties.area, properties.neighborhood, properties.postal_code, properties.latitude, properties.longitude, properties.bedrooms, properties.bathrooms, properties.beds, properties.guests, properties.square_feet, properties.square_meters, properties.cleaning_fee, properties.extra_guest_fee, properties.minimum_nights, properties.maximum_nights, properties.current_price, properties.availability_notes, properties.features, properties.onboarding_step, properties.onboarding_complete, properties.is_active, properties.created_at, properties.updated_at 
FROM properties 
WHERE properties.id = $1::UUID AND properties.user_id = $2::UUID
{"level": "INFO", "logger": "sqlalchemy.engine.Engine", "message": "SELECT properties.id, properties.user_id, properties.title, properties.property_type, properties.building_type, properties.floor_number, properties.country, properties.state, properties.city, properties.area, properties.neighborhood, properties.postal_code, properties.latitude, properties.longitude, properties.bedrooms, properties.bathrooms, properties.beds, properties.guests, properties.square_feet, properties.square_meters, properties.cleaning_fee, properties.extra_guest_fee, properties.minimum_nights, properties.maximum_nights, properties.current_price, properties.availability_notes, properties.features, properties.onboarding_step, properties.onboarding_complete, properties.is_active, properties.created_at, properties.updated_at \nFROM properties \nWHERE properties.id = $1::UUID AND properties.user_id = $2::UUID", "request_id": "4678492e-db85-4961-9a98-9c394fbc9b82", "env": "development", "version": "1.1.0"}
2026-08-06 22:57:39,017 INFO sqlalchemy.engine.Engine [cached since 662.2s ago] (UUID('c56a3f78-3748-4393-ba17-bef1f235af9d'), UUID('86a2cd83-52db-4f6b-9071-5f9a100c8b54'))
{"level": "INFO", "logger": "sqlalchemy.engine.Engine", "message": "[cached since 662.2s ago] (UUID('c56a3f78-3748-4393-ba17-bef1f235af9d'), UUID('86a2cd83-52db-4f6b-9071-5f9a100c8b54'))", "request_id": "4678492e-db85-4961-9a98-9c394fbc9b82", "env": "development", "version": "1.1.0"}
2026-08-06 22:57:39,018 INFO sqlalchemy.engine.Engine SELECT property_photos.property_id AS property_photos_property_id, property_photos.id AS property_photos_id, property_photos.s3_key AS property_photos_s3_key, property_photos.url AS property_photos_url, property_photos.content_type AS property_photos_content_type, property_photos.sort_order AS property_photos_sort_order, property_photos.room_tag AS property_photos_room_tag, property_photos.created_at AS property_photos_created_at, property_photos.updated_at AS property_photos_updated_at 
FROM property_photos 
WHERE property_photos.property_id IN ($1::UUID)
{"level": "INFO", "logger": "sqlalchemy.engine.Engine", "message": "SELECT property_photos.property_id AS property_photos_property_id, property_photos.id AS property_photos_id, property_photos.s3_key AS property_photos_s3_key, property_photos.url AS property_photos_url, property_photos.content_type AS property_photos_content_type, property_photos.sort_order AS property_photos_sort_order, property_photos.room_tag AS property_photos_room_tag, property_photos.created_at AS property_photos_created_at, property_photos.updated_at AS property_photos_updated_at \nFROM property_photos \nWHERE property_photos.property_id IN ($1::UUID)", "request_id": "4678492e-db85-4961-9a98-9c394fbc9b82", "env": "development", "version": "1.1.0"}
2026-08-06 22:57:39,018 INFO sqlalchemy.engine.Engine [cached since 662.2s ago] (UUID('c56a3f78-3748-4393-ba17-bef1f235af9d'),)
{"level": "INFO", "logger": "sqlalchemy.engine.Engine", "message": "[cached since 662.2s ago] (UUID('c56a3f78-3748-4393-ba17-bef1f235af9d'),)", "request_id": "4678492e-db85-4961-9a98-9c394fbc9b82", "env": "development", "version": "1.1.0"}
2026-08-06 22:57:39,019 INFO sqlalchemy.engine.Engine SELECT property_amenities.property_id AS property_amenities_property_id, property_amenities.id AS property_amenities_id, property_amenities.amenity_id AS property_amenities_amenity_id 
FROM property_amenities 
WHERE property_amenities.property_id IN ($1::UUID)
{"level": "INFO", "logger": "sqlalchemy.engine.Engine", "message": "SELECT property_amenities.property_id AS property_amenities_property_id, property_amenities.id AS property_amenities_id, property_amenities.amenity_id AS property_amenities_amenity_id \nFROM property_amenities \nWHERE property_amenities.property_id IN ($1::UUID)", "request_id": "4678492e-db85-4961-9a98-9c394fbc9b82", "env": "development", "version": "1.1.0"}
2026-08-06 22:57:39,020 INFO sqlalchemy.engine.Engine [cached since 662.2s ago] (UUID('c56a3f78-3748-4393-ba17-bef1f235af9d'),)
{"level": "INFO", "logger": "sqlalchemy.engine.Engine", "message": "[cached since 662.2s ago] (UUID('c56a3f78-3748-4393-ba17-bef1f235af9d'),)", "request_id": "4678492e-db85-4961-9a98-9c394fbc9b82", "env": "development", "version": "1.1.0"}
{"level": "INFO", "logger": "app.request", "message": "request", "request_id": null, "env": "development", "version": "1.1.0", "path": "/v1/properties/c56a3f78-3748-4393-ba17-bef1f235af9d", "method": "DELETE", "status_code": 204, "duration_ms": 12.1}
INFO:     127.0.0.1:59198 - "DELETE /v1/properties/c56a3f78-3748-4393-ba17-bef1f235af9d HTTP/1.1" 204 No Content
2026-08-06 22:57:39,022 INFO sqlalchemy.engine.Engine UPDATE properties SET is_active=$1::BOOLEAN, updated_at=now() WHERE properties.id = $2::UUID
{"level": "INFO", "logger": "sqlalchemy.engine.Engine", "message": "UPDATE properties SET is_active=$1::BOOLEAN, updated_at=now() WHERE properties.id = $2::UUID", "request_id": "4678492e-db85-4961-9a98-9c394fbc9b82", "env": "development", "version": "1.1.0"}
2026-08-06 22:57:39,022 INFO sqlalchemy.engine.Engine [generated in 0.00022s] (False, UUID('c56a3f78-3748-4393-ba17-bef1f235af9d'))
{"level": "INFO", "logger": "sqlalchemy.engine.Engine", "message": "[generated in 0.00022s] (False, UUID('c56a3f78-3748-4393-ba17-bef1f235af9d'))", "request_id": "4678492e-db85-4961-9a98-9c394fbc9b82", "env": "development", "version": "1.1.0"}
2026-08-06 22:57:39,023 INFO sqlalchemy.engine.Engine COMMIT
{"level": "INFO", "logger": "sqlalchemy.engine.Engine", "message": "COMMIT", "request_id": "4678492e-db85-4961-9a98-9c394fbc9b82", "env": "development", "version": "1.1.0"}
2026-08-06 22:57:39,028 INFO sqlalchemy.engine.Engine BEGIN (implicit)
{"level": "INFO", "logger": "sqlalchemy.engine.Engine", "message": "BEGIN (implicit)", "request_id": "a6a4bbd4-c1d8-4671-9082-de646c089d46", "env": "development", "version": "1.1.0"}
2026-08-06 22:57:39,028 INFO sqlalchemy.engine.Engine SELECT users.id, users.email, users.hashed_password, users.full_name, users.role, users.is_active, users.is_verified, users.stripe_customer_id, users.created_at, users.updated_at 
FROM users 
WHERE users.id = $1::UUID
{"level": "INFO", "logger": "sqlalchemy.engine.Engine", "message": "SELECT users.id, users.email, users.hashed_password, users.full_name, users.role, users.is_active, users.is_verified, users.stripe_customer_id, users.created_at, users.updated_at \nFROM users \nWHERE users.id = $1::UUID", "request_id": "a6a4bbd4-c1d8-4671-9082-de646c089d46", "env": "development", "version": "1.1.0"}
2026-08-06 22:57:39,029 INFO sqlalchemy.engine.Engine [cached since 701.8s ago] (UUID('86a2cd83-52db-4f6b-9071-5f9a100c8b54'),)
{"level": "INFO", "logger": "sqlalchemy.engine.Engine", "message": "[cached since 701.8s ago] (UUID('86a2cd83-52db-4f6b-9071-5f9a100c8b54'),)", "request_id": "a6a4bbd4-c1d8-4671-9082-de646c089d46", "env": "development", "version": "1.1.0"}
2026-08-06 22:57:39,030 INFO sqlalchemy.engine.Engine SELECT subscriptions.user_id AS subscriptions_user_id, subscriptions.id AS subscriptions_id, subscriptions.plan_id AS subscriptions_plan_id, subscriptions.status AS subscriptions_status, subscriptions.stripe_subscription_id AS subscriptions_stripe_subscription_id, subscriptions.current_period_end AS subscriptions_current_period_end, subscriptions.created_at AS subscriptions_created_at, subscriptions.updated_at AS subscriptions_updated_at 
FROM subscriptions 
WHERE subscriptions.user_id IN ($1::UUID)
{"level": "INFO", "logger": "sqlalchemy.engine.Engine", "message": "SELECT subscriptions.user_id AS subscriptions_user_id, subscriptions.id AS subscriptions_id, subscriptions.plan_id AS subscriptions_plan_id, subscriptions.status AS subscriptions_status, subscriptions.stripe_subscription_id AS subscriptions_stripe_subscription_id, subscriptions.current_period_end AS subscriptions_current_period_end, subscriptions.created_at AS subscriptions_created_at, subscriptions.updated_at AS subscriptions_updated_at \nFROM subscriptions \nWHERE subscriptions.user_id IN ($1::UUID)", "request_id": "a6a4bbd4-c1d8-4671-9082-de646c089d46", "env": "development", "version": "1.1.0"}
2026-08-06 22:57:39,030 INFO sqlalchemy.engine.Engine [cached since 701.8s ago] (UUID('86a2cd83-52db-4f6b-9071-5f9a100c8b54'),)
{"level": "INFO", "logger": "sqlalchemy.engine.Engine", "message": "[cached since 701.8s ago] (UUID('86a2cd83-52db-4f6b-9071-5f9a100c8b54'),)", "request_id": "a6a4bbd4-c1d8-4671-9082-de646c089d46", "env": "development", "version": "1.1.0"}
2026-08-06 22:57:39,031 INFO sqlalchemy.engine.Engine SELECT plans.id AS plans_id, plans.code AS plans_code, plans.name AS plans_name, plans.description AS plans_description, plans.property_limit AS plans_property_limit, plans.price_monthly_cents AS plans_price_monthly_cents, plans.stripe_price_id AS plans_stripe_price_id, plans.features AS plans_features, plans.created_at AS plans_created_at, plans.updated_at AS plans_updated_at 
FROM plans 
WHERE plans.id IN ($1::UUID)
{"level": "INFO", "logger": "sqlalchemy.engine.Engine", "message": "SELECT plans.id AS plans_id, plans.code AS plans_code, plans.name AS plans_name, plans.description AS plans_description, plans.property_limit AS plans_property_limit, plans.price_monthly_cents AS plans_price_monthly_cents, plans.stripe_price_id AS plans_stripe_price_id, plans.features AS plans_features, plans.created_at AS plans_created_at, plans.updated_at AS plans_updated_at \nFROM plans \nWHERE plans.id IN ($1::UUID)", "request_id": "a6a4bbd4-c1d8-4671-9082-de646c089d46", "env": "development", "version": "1.1.0"}
2026-08-06 22:57:39,031 INFO sqlalchemy.engine.Engine [cached since 701.8s ago] (UUID('143a89e6-c3d0-4d94-9d43-e062122d2f17'),)
{"level": "INFO", "logger": "sqlalchemy.engine.Engine", "message": "[cached since 701.8s ago] (UUID('143a89e6-c3d0-4d94-9d43-e062122d2f17'),)", "request_id": "a6a4bbd4-c1d8-4671-9082-de646c089d46", "env": "development", "version": "1.1.0"}
2026-08-06 22:57:39,032 INFO sqlalchemy.engine.Engine SELECT properties.id, properties.user_id, properties.title, properties.property_type, properties.building_type, properties.floor_number, properties.country, properties.state, properties.city, properties.area, properties.neighborhood, properties.postal_code, properties.latitude, properties.longitude, properties.bedrooms, properties.bathrooms, properties.beds, properties.guests, properties.square_feet, properties.square_meters, properties.cleaning_fee, properties.extra_guest_fee, properties.minimum_nights, properties.maximum_nights, properties.current_price, properties.availability_notes, properties.features, properties.onboarding_step, properties.onboarding_complete, properties.is_active, properties.created_at, properties.updated_at 
FROM properties 
WHERE properties.user_id = $1::UUID AND properties.is_active IS true ORDER BY properties.created_at DESC
{"level": "INFO", "logger": "sqlalchemy.engine.Engine", "message": "SELECT properties.id, properties.user_id, properties.title, properties.property_type, properties.building_type, properties.floor_number, properties.country, properties.state, properties.city, properties.area, properties.neighborhood, properties.postal_code, properties.latitude, properties.longitude, properties.bedrooms, properties.bathrooms, properties.beds, properties.guests, properties.square_feet, properties.square_meters, properties.cleaning_fee, properties.extra_guest_fee, properties.minimum_nights, properties.maximum_nights, properties.current_price, properties.availability_notes, properties.features, properties.onboarding_step, properties.onboarding_complete, properties.is_active, properties.created_at, properties.updated_at \nFROM properties \nWHERE properties.user_id = $1::UUID AND properties.is_active IS true ORDER BY properties.created_at DESC", "request_id": "a6a4bbd4-c1d8-4671-9082-de646c089d46", "env": "development", "version": "1.1.0"}
2026-08-06 22:57:39,032 INFO sqlalchemy.engine.Engine [cached since 700.2s ago] (UUID('86a2cd83-52db-4f6b-9071-5f9a100c8b54'),)
{"level": "INFO", "logger": "sqlalchemy.engine.Engine", "message": "[cached since 700.2s ago] (UUID('86a2cd83-52db-4f6b-9071-5f9a100c8b54'),)", "request_id": "a6a4bbd4-c1d8-4671-9082-de646c089d46", "env": "development", "version": "1.1.0"}
2026-08-06 22:57:39,034 INFO sqlalchemy.engine.Engine SELECT property_photos.property_id AS property_photos_property_id, property_photos.id AS property_photos_id, property_photos.s3_key AS property_photos_s3_key, property_photos.url AS property_photos_url, property_photos.content_type AS property_photos_content_type, property_photos.sort_order AS property_photos_sort_order, property_photos.room_tag AS property_photos_room_tag, property_photos.created_at AS property_photos_created_at, property_photos.updated_at AS property_photos_updated_at 
FROM property_photos 
WHERE property_photos.property_id IN ($1::UUID)
{"level": "INFO", "logger": "sqlalchemy.engine.Engine", "message": "SELECT property_photos.property_id AS property_photos_property_id, property_photos.id AS property_photos_id, property_photos.s3_key AS property_photos_s3_key, property_photos.url AS property_photos_url, property_photos.content_type AS property_photos_content_type, property_photos.sort_order AS property_photos_sort_order, property_photos.room_tag AS property_photos_room_tag, property_photos.created_at AS property_photos_created_at, property_photos.updated_at AS property_photos_updated_at \nFROM property_photos \nWHERE property_photos.property_id IN ($1::UUID)", "request_id": "a6a4bbd4-c1d8-4671-9082-de646c089d46", "env": "development", "version": "1.1.0"}
2026-08-06 22:57:39,034 INFO sqlalchemy.engine.Engine [cached since 662.3s ago] (UUID('c56a3f78-3748-4393-ba17-bef1f235af9d'),)
{"level": "INFO", "logger": "sqlalchemy.engine.Engine", "message": "[cached since 662.3s ago] (UUID('c56a3f78-3748-4393-ba17-bef1f235af9d'),)", "request_id": "a6a4bbd4-c1d8-4671-9082-de646c089d46", "env": "development", "version": "1.1.0"}
2026-08-06 22:57:39,035 INFO sqlalchemy.engine.Engine SELECT property_amenities.property_id AS property_amenities_property_id, property_amenities.id AS property_amenities_id, property_amenities.amenity_id AS property_amenities_amenity_id 
FROM property_amenities 
WHERE property_amenities.property_id IN ($1::UUID)
{"level": "INFO", "logger": "sqlalchemy.engine.Engine", "message": "SELECT property_amenities.property_id AS property_amenities_property_id, property_amenities.id AS property_amenities_id, property_amenities.amenity_id AS property_amenities_amenity_id \nFROM property_amenities \nWHERE property_amenities.property_id IN ($1::UUID)", "request_id": "a6a4bbd4-c1d8-4671-9082-de646c089d46", "env": "development", "version": "1.1.0"}
2026-08-06 22:57:39,035 INFO sqlalchemy.engine.Engine [cached since 662.3s ago] (UUID('c56a3f78-3748-4393-ba17-bef1f235af9d'),)
{"level": "INFO", "logger": "sqlalchemy.engine.Engine", "message": "[cached since 662.3s ago] (UUID('c56a3f78-3748-4393-ba17-bef1f235af9d'),)", "request_id": "a6a4bbd4-c1d8-4671-9082-de646c089d46", "env": "development", "version": "1.1.0"}
{"level": "INFO", "logger": "app.request", "message": "request", "request_id": null, "env": "development", "version": "1.1.0", "path": "/v1/properties", "method": "GET", "status_code": 200, "duration_ms": 11.82}
INFO:     127.0.0.1:59198 - "GET /v1/properties HTTP/1.1" 200 OK
2026-08-06 22:57:39,037 INFO sqlalchemy.engine.Engine COMMIT
{"level": "INFO", "logger": "sqlalchemy.engine.Engine", "message": "COMMIT", "request_id": "a6a4bbd4-c1d8-4671-9082-de646c089d46", "env": "development", "version": "1.1.0"}
WARNING:  StatReload detected changes in 'app/modules/properties/router.py'. Reloading...
INFO:     Shutting down
INFO:     Waiting for application shutdown.
INFO:     Application shutdown complete.
INFO:     Finished server process [580244]
INFO:     Started server process [598764]
INFO:     Waiting for application startup.
INFO:     Application startup complete.
2026-08-06 22:57:51,506 INFO sqlalchemy.engine.Engine select pg_catalog.version()
{"level": "INFO", "logger": "sqlalchemy.engine.Engine", "message": "select pg_catalog.version()", "request_id": "c8e3265f-979b-4781-b614-51eb0a65e44a", "env": "development", "version": "1.1.0"}
2026-08-06 22:57:51,506 INFO sqlalchemy.engine.Engine [raw sql] ()
{"level": "INFO", "logger": "sqlalchemy.engine.Engine", "message": "[raw sql] ()", "request_id": "c8e3265f-979b-4781-b614-51eb0a65e44a", "env": "development", "version": "1.1.0"}
2026-08-06 22:57:51,508 INFO sqlalchemy.engine.Engine select current_schema()
{"level": "INFO", "logger": "sqlalchemy.engine.Engine", "message": "select current_schema()", "request_id": "c8e3265f-979b-4781-b614-51eb0a65e44a", "env": "development", "version": "1.1.0"}
2026-08-06 22:57:51,508 INFO sqlalchemy.engine.Engine [raw sql] ()
{"level": "INFO", "logger": "sqlalchemy.engine.Engine", "message": "[raw sql] ()", "request_id": "c8e3265f-979b-4781-b614-51eb0a65e44a", "env": "development", "version": "1.1.0"}
2026-08-06 22:57:51,509 INFO sqlalchemy.engine.Engine show standard_conforming_strings
{"level": "INFO", "logger": "sqlalchemy.engine.Engine", "message": "show standard_conforming_strings", "request_id": "c8e3265f-979b-4781-b614-51eb0a65e44a", "env": "development", "version": "1.1.0"}
2026-08-06 22:57:51,509 INFO sqlalchemy.engine.Engine [raw sql] ()
{"level": "INFO", "logger": "sqlalchemy.engine.Engine", "message": "[raw sql] ()", "request_id": "c8e3265f-979b-4781-b614-51eb0a65e44a", "env": "development", "version": "1.1.0"}
2026-08-06 22:57:51,510 INFO sqlalchemy.engine.Engine BEGIN (implicit)
{"level": "INFO", "logger": "sqlalchemy.engine.Engine", "message": "BEGIN (implicit)", "request_id": "c8e3265f-979b-4781-b614-51eb0a65e44a", "env": "development", "version": "1.1.0"}
2026-08-06 22:57:51,514 INFO sqlalchemy.engine.Engine SELECT users.id, users.email, users.hashed_password, users.full_name, users.role, users.is_active, users.is_verified, users.stripe_customer_id, users.created_at, users.updated_at 
FROM users 
WHERE users.id = $1::UUID
{"level": "INFO", "logger": "sqlalchemy.engine.Engine", "message": "SELECT users.id, users.email, users.hashed_password, users.full_name, users.role, users.is_active, users.is_verified, users.stripe_customer_id, users.created_at, users.updated_at \nFROM users \nWHERE users.id = $1::UUID", "request_id": "c8e3265f-979b-4781-b614-51eb0a65e44a", "env": "development", "version": "1.1.0"}
2026-08-06 22:57:51,514 INFO sqlalchemy.engine.Engine [generated in 0.00019s] (UUID('86a2cd83-52db-4f6b-9071-5f9a100c8b54'),)
{"level": "INFO", "logger": "sqlalchemy.engine.Engine", "message": "[generated in 0.00019s] (UUID('86a2cd83-52db-4f6b-9071-5f9a100c8b54'),)", "request_id": "c8e3265f-979b-4781-b614-51eb0a65e44a", "env": "development", "version": "1.1.0"}
2026-08-06 22:57:51,536 INFO sqlalchemy.engine.Engine SELECT subscriptions.user_id AS subscriptions_user_id, subscriptions.id AS subscriptions_id, subscriptions.plan_id AS subscriptions_plan_id, subscriptions.status AS subscriptions_status, subscriptions.stripe_subscription_id AS subscriptions_stripe_subscription_id, subscriptions.current_period_end AS subscriptions_current_period_end, subscriptions.created_at AS subscriptions_created_at, subscriptions.updated_at AS subscriptions_updated_at 
FROM subscriptions 
WHERE subscriptions.user_id IN ($1::UUID)
{"level": "INFO", "logger": "sqlalchemy.engine.Engine", "message": "SELECT subscriptions.user_id AS subscriptions_user_id, subscriptions.id AS subscriptions_id, subscriptions.plan_id AS subscriptions_plan_id, subscriptions.status AS subscriptions_status, subscriptions.stripe_subscription_id AS subscriptions_stripe_subscription_id, subscriptions.current_period_end AS subscriptions_current_period_end, subscriptions.created_at AS subscriptions_created_at, subscriptions.updated_at AS subscriptions_updated_at \nFROM subscriptions \nWHERE subscriptions.user_id IN ($1::UUID)", "request_id": "c8e3265f-979b-4781-b614-51eb0a65e44a", "env": "development", "version": "1.1.0"}
2026-08-06 22:57:51,536 INFO sqlalchemy.engine.Engine [generated in 0.00021s] (UUID('86a2cd83-52db-4f6b-9071-5f9a100c8b54'),)
{"level": "INFO", "logger": "sqlalchemy.engine.Engine", "message": "[generated in 0.00021s] (UUID('86a2cd83-52db-4f6b-9071-5f9a100c8b54'),)", "request_id": "c8e3265f-979b-4781-b614-51eb0a65e44a", "env": "development", "version": "1.1.0"}
2026-08-06 22:57:51,542 INFO sqlalchemy.engine.Engine SELECT plans.id AS plans_id, plans.code AS plans_code, plans.name AS plans_name, plans.description AS plans_description, plans.property_limit AS plans_property_limit, plans.price_monthly_cents AS plans_price_monthly_cents, plans.stripe_price_id AS plans_stripe_price_id, plans.features AS plans_features, plans.created_at AS plans_created_at, plans.updated_at AS plans_updated_at 
FROM plans 
WHERE plans.id IN ($1::UUID)
{"level": "INFO", "logger": "sqlalchemy.engine.Engine", "message": "SELECT plans.id AS plans_id, plans.code AS plans_code, plans.name AS plans_name, plans.description AS plans_description, plans.property_limit AS plans_property_limit, plans.price_monthly_cents AS plans_price_monthly_cents, plans.stripe_price_id AS plans_stripe_price_id, plans.features AS plans_features, plans.created_at AS plans_created_at, plans.updated_at AS plans_updated_at \nFROM plans \nWHERE plans.id IN ($1::UUID)", "request_id": "c8e3265f-979b-4781-b614-51eb0a65e44a", "env": "development", "version": "1.1.0"}
2026-08-06 22:57:51,542 INFO sqlalchemy.engine.Engine [generated in 0.00023s] (UUID('143a89e6-c3d0-4d94-9d43-e062122d2f17'),)
{"level": "INFO", "logger": "sqlalchemy.engine.Engine", "message": "[generated in 0.00023s] (UUID('143a89e6-c3d0-4d94-9d43-e062122d2f17'),)", "request_id": "c8e3265f-979b-4781-b614-51eb0a65e44a", "env": "development", "version": "1.1.0"}
2026-08-06 22:57:51,553 INFO sqlalchemy.engine.Engine SELECT properties.id, properties.user_id, properties.title, properties.property_type, properties.building_type, properties.floor_number, properties.country, properties.state, properties.city, properties.area, properties.neighborhood, properties.postal_code, properties.latitude, properties.longitude, properties.bedrooms, properties.bathrooms, properties.beds, properties.guests, properties.square_feet, properties.square_meters, properties.cleaning_fee, properties.extra_guest_fee, properties.minimum_nights, properties.maximum_nights, properties.current_price, properties.availability_notes, properties.features, properties.onboarding_step, properties.onboarding_complete, properties.is_active, properties.created_at, properties.updated_at 
FROM properties 
WHERE properties.user_id = $1::UUID AND properties.is_active IS true ORDER BY properties.created_at DESC
{"level": "INFO", "logger": "sqlalchemy.engine.Engine", "message": "SELECT properties.id, properties.user_id, properties.title, properties.property_type, properties.building_type, properties.floor_number, properties.country, properties.state, properties.city, properties.area, properties.neighborhood, properties.postal_code, properties.latitude, properties.longitude, properties.bedrooms, properties.bathrooms, properties.beds, properties.guests, properties.square_feet, properties.square_meters, properties.cleaning_fee, properties.extra_guest_fee, properties.minimum_nights, properties.maximum_nights, properties.current_price, properties.availability_notes, properties.features, properties.onboarding_step, properties.onboarding_complete, properties.is_active, properties.created_at, properties.updated_at \nFROM properties \nWHERE properties.user_id = $1::UUID AND properties.is_active IS true ORDER BY properties.created_at DESC", "request_id": "c8e3265f-979b-4781-b614-51eb0a65e44a", "env": "development", "version": "1.1.0"}
2026-08-06 22:57:51,553 INFO sqlalchemy.engine.Engine [generated in 0.00037s] (UUID('86a2cd83-52db-4f6b-9071-5f9a100c8b54'),)
{"level": "INFO", "logger": "sqlalchemy.engine.Engine", "message": "[generated in 0.00037s] (UUID('86a2cd83-52db-4f6b-9071-5f9a100c8b54'),)", "request_id": "c8e3265f-979b-4781-b614-51eb0a65e44a", "env": "development", "version": "1.1.0"}
{"level": "INFO", "logger": "app.request", "message": "request", "request_id": null, "env": "development", "version": "1.1.0", "path": "/v1/properties", "method": "GET", "status_code": 200, "duration_ms": 205.8}
INFO:     127.0.0.1:60368 - "GET /v1/properties HTTP/1.1" 200 OK
2026-08-06 22:57:51,565 INFO sqlalchemy.engine.Engine COMMIT
{"level": "INFO", "logger": "sqlalchemy.engine.Engine", "message": "COMMIT", "request_id": "c8e3265f-979b-4781-b614-51eb0a65e44a", "env": "development", "version": "1.1.0"}
INFO:     127.0.0.1:60378 - "OPTIONS /v1/auth/login HTTP/1.1" 200 OK
2026-08-06 22:57:59,577 INFO sqlalchemy.engine.Engine BEGIN (implicit)
{"level": "INFO", "logger": "sqlalchemy.engine.Engine", "message": "BEGIN (implicit)", "request_id": "859fe6c7-52bd-403a-8880-1bd49b540e66", "env": "development", "version": "1.1.0"}
2026-08-06 22:57:59,579 INFO sqlalchemy.engine.Engine SELECT users.id, users.email, users.hashed_password, users.full_name, users.role, users.is_active, users.is_verified, users.stripe_customer_id, users.created_at, users.updated_at 
FROM users 
WHERE users.email = $1::VARCHAR
{"level": "INFO", "logger": "sqlalchemy.engine.Engine", "message": "SELECT users.id, users.email, users.hashed_password, users.full_name, users.role, users.is_active, users.is_verified, users.stripe_customer_id, users.created_at, users.updated_at \nFROM users \nWHERE users.email = $1::VARCHAR", "request_id": "859fe6c7-52bd-403a-8880-1bd49b540e66", "env": "development", "version": "1.1.0"}
2026-08-06 22:57:59,579 INFO sqlalchemy.engine.Engine [generated in 0.00030s] ('salman@test.com',)
{"level": "INFO", "logger": "sqlalchemy.engine.Engine", "message": "[generated in 0.00030s] ('salman@test.com',)", "request_id": "859fe6c7-52bd-403a-8880-1bd49b540e66", "env": "development", "version": "1.1.0"}
{"level": "INFO", "logger": "app.request", "message": "request", "request_id": null, "env": "development", "version": "1.1.0", "path": "/v1/auth/login", "method": "POST", "status_code": 200, "duration_ms": 86.96}
INFO:     127.0.0.1:60378 - "POST /v1/auth/login HTTP/1.1" 200 OK
2026-08-06 22:57:59,648 INFO sqlalchemy.engine.Engine INSERT INTO refresh_tokens (id, user_id, jti, expires_at, revoked) VALUES ($1::UUID, $2::UUID, $3::VARCHAR, $4::TIMESTAMP WITH TIME ZONE, $5::BOOLEAN) RETURNING refresh_tokens.created_at
{"level": "INFO", "logger": "sqlalchemy.engine.Engine", "message": "INSERT INTO refresh_tokens (id, user_id, jti, expires_at, revoked) VALUES ($1::UUID, $2::UUID, $3::VARCHAR, $4::TIMESTAMP WITH TIME ZONE, $5::BOOLEAN) RETURNING refresh_tokens.created_at", "request_id": "859fe6c7-52bd-403a-8880-1bd49b540e66", "env": "development", "version": "1.1.0"}
2026-08-06 22:57:59,648 INFO sqlalchemy.engine.Engine [generated in 0.00024s] (UUID('c52d7525-9eca-4bf6-93f4-0c03efec7b56'), UUID('86a2cd83-52db-4f6b-9071-5f9a100c8b54'), '0af7d897-6e04-47b0-9556-522e765357f5', datetime.datetime(2026, 8, 20, 17, 57, 59, 645945, tzinfo=datetime.timezone.utc), False)
{"level": "INFO", "logger": "sqlalchemy.engine.Engine", "message": "[generated in 0.00024s] (UUID('c52d7525-9eca-4bf6-93f4-0c03efec7b56'), UUID('86a2cd83-52db-4f6b-9071-5f9a100c8b54'), '0af7d897-6e04-47b0-9556-522e765357f5', datetime.datetime(2026, 8, 20, 17, 57, 59, 645945, tzinfo=datetime.timezone.utc), False)", "request_id": "859fe6c7-52bd-403a-8880-1bd49b540e66", "env": "development", "version": "1.1.0"}
2026-08-06 22:57:59,651 INFO sqlalchemy.engine.Engine COMMIT
{"level": "INFO", "logger": "sqlalchemy.engine.Engine", "message": "COMMIT", "request_id": "859fe6c7-52bd-403a-8880-1bd49b540e66", "env": "development", "version": "1.1.0"}
INFO:     127.0.0.1:60378 - "OPTIONS /v1/auth/me HTTP/1.1" 200 OK
2026-08-06 22:57:59,694 INFO sqlalchemy.engine.Engine BEGIN (implicit)
{"level": "INFO", "logger": "sqlalchemy.engine.Engine", "message": "BEGIN (implicit)", "request_id": "2343a6e9-08f0-416e-8664-045b6cb2b936", "env": "development", "version": "1.1.0"}
2026-08-06 22:57:59,694 INFO sqlalchemy.engine.Engine SELECT users.id, users.email, users.hashed_password, users.full_name, users.role, users.is_active, users.is_verified, users.stripe_customer_id, users.created_at, users.updated_at 
FROM users 
WHERE users.id = $1::UUID
{"level": "INFO", "logger": "sqlalchemy.engine.Engine", "message": "SELECT users.id, users.email, users.hashed_password, users.full_name, users.role, users.is_active, users.is_verified, users.stripe_customer_id, users.created_at, users.updated_at \nFROM users \nWHERE users.id = $1::UUID", "request_id": "2343a6e9-08f0-416e-8664-045b6cb2b936", "env": "development", "version": "1.1.0"}
2026-08-06 22:57:59,694 INFO sqlalchemy.engine.Engine [cached since 8.18s ago] (UUID('86a2cd83-52db-4f6b-9071-5f9a100c8b54'),)
{"level": "INFO", "logger": "sqlalchemy.engine.Engine", "message": "[cached since 8.18s ago] (UUID('86a2cd83-52db-4f6b-9071-5f9a100c8b54'),)", "request_id": "2343a6e9-08f0-416e-8664-045b6cb2b936", "env": "development", "version": "1.1.0"}
2026-08-06 22:57:59,695 INFO sqlalchemy.engine.Engine SELECT subscriptions.user_id AS subscriptions_user_id, subscriptions.id AS subscriptions_id, subscriptions.plan_id AS subscriptions_plan_id, subscriptions.status AS subscriptions_status, subscriptions.stripe_subscription_id AS subscriptions_stripe_subscription_id, subscriptions.current_period_end AS subscriptions_current_period_end, subscriptions.created_at AS subscriptions_created_at, subscriptions.updated_at AS subscriptions_updated_at 
FROM subscriptions 
WHERE subscriptions.user_id IN ($1::UUID)
{"level": "INFO", "logger": "sqlalchemy.engine.Engine", "message": "SELECT subscriptions.user_id AS subscriptions_user_id, subscriptions.id AS subscriptions_id, subscriptions.plan_id AS subscriptions_plan_id, subscriptions.status AS subscriptions_status, subscriptions.stripe_subscription_id AS subscriptions_stripe_subscription_id, subscriptions.current_period_end AS subscriptions_current_period_end, subscriptions.created_at AS subscriptions_created_at, subscriptions.updated_at AS subscriptions_updated_at \nFROM subscriptions \nWHERE subscriptions.user_id IN ($1::UUID)", "request_id": "2343a6e9-08f0-416e-8664-045b6cb2b936", "env": "development", "version": "1.1.0"}
2026-08-06 22:57:59,695 INFO sqlalchemy.engine.Engine [cached since 8.159s ago] (UUID('86a2cd83-52db-4f6b-9071-5f9a100c8b54'),)
{"level": "INFO", "logger": "sqlalchemy.engine.Engine", "message": "[cached since 8.159s ago] (UUID('86a2cd83-52db-4f6b-9071-5f9a100c8b54'),)", "request_id": "2343a6e9-08f0-416e-8664-045b6cb2b936", "env": "development", "version": "1.1.0"}
2026-08-06 22:57:59,696 INFO sqlalchemy.engine.Engine SELECT plans.id AS plans_id, plans.code AS plans_code, plans.name AS plans_name, plans.description AS plans_description, plans.property_limit AS plans_property_limit, plans.price_monthly_cents AS plans_price_monthly_cents, plans.stripe_price_id AS plans_stripe_price_id, plans.features AS plans_features, plans.created_at AS plans_created_at, plans.updated_at AS plans_updated_at 
FROM plans 
WHERE plans.id IN ($1::UUID)
{"level": "INFO", "logger": "sqlalchemy.engine.Engine", "message": "SELECT plans.id AS plans_id, plans.code AS plans_code, plans.name AS plans_name, plans.description AS plans_description, plans.property_limit AS plans_property_limit, plans.price_monthly_cents AS plans_price_monthly_cents, plans.stripe_price_id AS plans_stripe_price_id, plans.features AS plans_features, plans.created_at AS plans_created_at, plans.updated_at AS plans_updated_at \nFROM plans \nWHERE plans.id IN ($1::UUID)", "request_id": "2343a6e9-08f0-416e-8664-045b6cb2b936", "env": "development", "version": "1.1.0"}
2026-08-06 22:57:59,696 INFO sqlalchemy.engine.Engine [cached since 8.154s ago] (UUID('143a89e6-c3d0-4d94-9d43-e062122d2f17'),)
{"level": "INFO", "logger": "sqlalchemy.engine.Engine", "message": "[cached since 8.154s ago] (UUID('143a89e6-c3d0-4d94-9d43-e062122d2f17'),)", "request_id": "2343a6e9-08f0-416e-8664-045b6cb2b936", "env": "development", "version": "1.1.0"}
2026-08-06 22:57:59,697 INFO sqlalchemy.engine.Engine SELECT users.id, users.email, users.hashed_password, users.full_name, users.role, users.is_active, users.is_verified, users.stripe_customer_id, users.created_at, users.updated_at 
FROM users 
WHERE users.id = $1::UUID
{"level": "INFO", "logger": "sqlalchemy.engine.Engine", "message": "SELECT users.id, users.email, users.hashed_password, users.full_name, users.role, users.is_active, users.is_verified, users.stripe_customer_id, users.created_at, users.updated_at \nFROM users \nWHERE users.id = $1::UUID", "request_id": "2343a6e9-08f0-416e-8664-045b6cb2b936", "env": "development", "version": "1.1.0"}
2026-08-06 22:57:59,697 INFO sqlalchemy.engine.Engine [cached since 8.183s ago] (UUID('86a2cd83-52db-4f6b-9071-5f9a100c8b54'),)
{"level": "INFO", "logger": "sqlalchemy.engine.Engine", "message": "[cached since 8.183s ago] (UUID('86a2cd83-52db-4f6b-9071-5f9a100c8b54'),)", "request_id": "2343a6e9-08f0-416e-8664-045b6cb2b936", "env": "development", "version": "1.1.0"}
2026-08-06 22:57:59,697 INFO sqlalchemy.engine.Engine SELECT subscriptions.user_id AS subscriptions_user_id, subscriptions.id AS subscriptions_id, subscriptions.plan_id AS subscriptions_plan_id, subscriptions.status AS subscriptions_status, subscriptions.stripe_subscription_id AS subscriptions_stripe_subscription_id, subscriptions.current_period_end AS subscriptions_current_period_end, subscriptions.created_at AS subscriptions_created_at, subscriptions.updated_at AS subscriptions_updated_at 
FROM subscriptions 
WHERE subscriptions.user_id IN ($1::UUID)
{"level": "INFO", "logger": "sqlalchemy.engine.Engine", "message": "SELECT subscriptions.user_id AS subscriptions_user_id, subscriptions.id AS subscriptions_id, subscriptions.plan_id AS subscriptions_plan_id, subscriptions.status AS subscriptions_status, subscriptions.stripe_subscription_id AS subscriptions_stripe_subscription_id, subscriptions.current_period_end AS subscriptions_current_period_end, subscriptions.created_at AS subscriptions_created_at, subscriptions.updated_at AS subscriptions_updated_at \nFROM subscriptions \nWHERE subscriptions.user_id IN ($1::UUID)", "request_id": "2343a6e9-08f0-416e-8664-045b6cb2b936", "env": "development", "version": "1.1.0"}
2026-08-06 22:57:59,697 INFO sqlalchemy.engine.Engine [cached since 8.162s ago] (UUID('86a2cd83-52db-4f6b-9071-5f9a100c8b54'),)
{"level": "INFO", "logger": "sqlalchemy.engine.Engine", "message": "[cached since 8.162s ago] (UUID('86a2cd83-52db-4f6b-9071-5f9a100c8b54'),)", "request_id": "2343a6e9-08f0-416e-8664-045b6cb2b936", "env": "development", "version": "1.1.0"}
2026-08-06 22:57:59,698 INFO sqlalchemy.engine.Engine SELECT plans.id AS plans_id, plans.code AS plans_code, plans.name AS plans_name, plans.description AS plans_description, plans.property_limit AS plans_property_limit, plans.price_monthly_cents AS plans_price_monthly_cents, plans.stripe_price_id AS plans_stripe_price_id, plans.features AS plans_features, plans.created_at AS plans_created_at, plans.updated_at AS plans_updated_at 
FROM plans 
WHERE plans.id IN ($1::UUID)
{"level": "INFO", "logger": "sqlalchemy.engine.Engine", "message": "SELECT plans.id AS plans_id, plans.code AS plans_code, plans.name AS plans_name, plans.description AS plans_description, plans.property_limit AS plans_property_limit, plans.price_monthly_cents AS plans_price_monthly_cents, plans.stripe_price_id AS plans_stripe_price_id, plans.features AS plans_features, plans.created_at AS plans_created_at, plans.updated_at AS plans_updated_at \nFROM plans \nWHERE plans.id IN ($1::UUID)", "request_id": "2343a6e9-08f0-416e-8664-045b6cb2b936", "env": "development", "version": "1.1.0"}
2026-08-06 22:57:59,698 INFO sqlalchemy.engine.Engine [cached since 8.156s ago] (UUID('143a89e6-c3d0-4d94-9d43-e062122d2f17'),)
{"level": "INFO", "logger": "sqlalchemy.engine.Engine", "message": "[cached since 8.156s ago] (UUID('143a89e6-c3d0-4d94-9d43-e062122d2f17'),)", "request_id": "2343a6e9-08f0-416e-8664-045b6cb2b936", "env": "development", "version": "1.1.0"}
{"level": "INFO", "logger": "app.request", "message": "request", "request_id": null, "env": "development", "version": "1.1.0", "path": "/v1/auth/me", "method": "GET", "status_code": 200, "duration_ms": 7.47}
INFO:     127.0.0.1:60382 - "GET /v1/auth/me HTTP/1.1" 200 OK
2026-08-06 22:57:59,699 INFO sqlalchemy.engine.Engine COMMIT
{"level": "INFO", "logger": "sqlalchemy.engine.Engine", "message": "COMMIT", "request_id": "2343a6e9-08f0-416e-8664-045b6cb2b936", "env": "development", "version": "1.1.0"}
INFO:     127.0.0.1:60390 - "OPTIONS /v1/market/trends HTTP/1.1" 200 OK
INFO:     127.0.0.1:60394 - "OPTIONS /v1/notifications HTTP/1.1" 200 OK
INFO:     127.0.0.1:60400 - "OPTIONS /v1/billing/usage HTTP/1.1" 200 OK
2026-08-06 22:58:00,720 INFO sqlalchemy.engine.Engine BEGIN (implicit)
{"level": "INFO", "logger": "sqlalchemy.engine.Engine", "message": "BEGIN (implicit)", "request_id": "a31c69e1-0d39-44c0-85aa-3a29ba3821d6", "env": "development", "version": "1.1.0"}
2026-08-06 22:58:00,720 INFO sqlalchemy.engine.Engine SELECT users.id, users.email, users.hashed_password, users.full_name, users.role, users.is_active, users.is_verified, users.stripe_customer_id, users.created_at, users.updated_at 
FROM users 
WHERE users.id = $1::UUID
{"level": "INFO", "logger": "sqlalchemy.engine.Engine", "message": "SELECT users.id, users.email, users.hashed_password, users.full_name, users.role, users.is_active, users.is_verified, users.stripe_customer_id, users.created_at, users.updated_at \nFROM users \nWHERE users.id = $1::UUID", "request_id": "a31c69e1-0d39-44c0-85aa-3a29ba3821d6", "env": "development", "version": "1.1.0"}
2026-08-06 22:58:00,721 INFO sqlalchemy.engine.Engine [cached since 9.207s ago] (UUID('86a2cd83-52db-4f6b-9071-5f9a100c8b54'),)
{"level": "INFO", "logger": "sqlalchemy.engine.Engine", "message": "[cached since 9.207s ago] (UUID('86a2cd83-52db-4f6b-9071-5f9a100c8b54'),)", "request_id": "a31c69e1-0d39-44c0-85aa-3a29ba3821d6", "env": "development", "version": "1.1.0"}
2026-08-06 22:58:00,722 INFO sqlalchemy.engine.Engine SELECT subscriptions.user_id AS subscriptions_user_id, subscriptions.id AS subscriptions_id, subscriptions.plan_id AS subscriptions_plan_id, subscriptions.status AS subscriptions_status, subscriptions.stripe_subscription_id AS subscriptions_stripe_subscription_id, subscriptions.current_period_end AS subscriptions_current_period_end, subscriptions.created_at AS subscriptions_created_at, subscriptions.updated_at AS subscriptions_updated_at 
FROM subscriptions 
WHERE subscriptions.user_id IN ($1::UUID)
{"level": "INFO", "logger": "sqlalchemy.engine.Engine", "message": "SELECT subscriptions.user_id AS subscriptions_user_id, subscriptions.id AS subscriptions_id, subscriptions.plan_id AS subscriptions_plan_id, subscriptions.status AS subscriptions_status, subscriptions.stripe_subscription_id AS subscriptions_stripe_subscription_id, subscriptions.current_period_end AS subscriptions_current_period_end, subscriptions.created_at AS subscriptions_created_at, subscriptions.updated_at AS subscriptions_updated_at \nFROM subscriptions \nWHERE subscriptions.user_id IN ($1::UUID)", "request_id": "a31c69e1-0d39-44c0-85aa-3a29ba3821d6", "env": "development", "version": "1.1.0"}
2026-08-06 22:58:00,722 INFO sqlalchemy.engine.Engine [cached since 9.186s ago] (UUID('86a2cd83-52db-4f6b-9071-5f9a100c8b54'),)
{"level": "INFO", "logger": "sqlalchemy.engine.Engine", "message": "[cached since 9.186s ago] (UUID('86a2cd83-52db-4f6b-9071-5f9a100c8b54'),)", "request_id": "a31c69e1-0d39-44c0-85aa-3a29ba3821d6", "env": "development", "version": "1.1.0"}
2026-08-06 22:58:00,723 INFO sqlalchemy.engine.Engine SELECT plans.id AS plans_id, plans.code AS plans_code, plans.name AS plans_name, plans.description AS plans_description, plans.property_limit AS plans_property_limit, plans.price_monthly_cents AS plans_price_monthly_cents, plans.stripe_price_id AS plans_stripe_price_id, plans.features AS plans_features, plans.created_at AS plans_created_at, plans.updated_at AS plans_updated_at 
FROM plans 
WHERE plans.id IN ($1::UUID)
{"level": "INFO", "logger": "sqlalchemy.engine.Engine", "message": "SELECT plans.id AS plans_id, plans.code AS plans_code, plans.name AS plans_name, plans.description AS plans_description, plans.property_limit AS plans_property_limit, plans.price_monthly_cents AS plans_price_monthly_cents, plans.stripe_price_id AS plans_stripe_price_id, plans.features AS plans_features, plans.created_at AS plans_created_at, plans.updated_at AS plans_updated_at \nFROM plans \nWHERE plans.id IN ($1::UUID)", "request_id": "a31c69e1-0d39-44c0-85aa-3a29ba3821d6", "env": "development", "version": "1.1.0"}
2026-08-06 22:58:00,723 INFO sqlalchemy.engine.Engine [cached since 9.181s ago] (UUID('143a89e6-c3d0-4d94-9d43-e062122d2f17'),)
{"level": "INFO", "logger": "sqlalchemy.engine.Engine", "message": "[cached since 9.181s ago] (UUID('143a89e6-c3d0-4d94-9d43-e062122d2f17'),)", "request_id": "a31c69e1-0d39-44c0-85aa-3a29ba3821d6", "env": "development", "version": "1.1.0"}
2026-08-06 22:58:00,724 INFO sqlalchemy.engine.Engine SELECT properties.id, properties.user_id, properties.title, properties.property_type, properties.building_type, properties.floor_number, properties.country, properties.state, properties.city, properties.area, properties.neighborhood, properties.postal_code, properties.latitude, properties.longitude, properties.bedrooms, properties.bathrooms, properties.beds, properties.guests, properties.square_feet, properties.square_meters, properties.cleaning_fee, properties.extra_guest_fee, properties.minimum_nights, properties.maximum_nights, properties.current_price, properties.availability_notes, properties.features, properties.onboarding_step, properties.onboarding_complete, properties.is_active, properties.created_at, properties.updated_at 
FROM properties 
WHERE properties.user_id = $1::UUID AND properties.is_active IS true ORDER BY properties.created_at DESC
{"level": "INFO", "logger": "sqlalchemy.engine.Engine", "message": "SELECT properties.id, properties.user_id, properties.title, properties.property_type, properties.building_type, properties.floor_number, properties.country, properties.state, properties.city, properties.area, properties.neighborhood, properties.postal_code, properties.latitude, properties.longitude, properties.bedrooms, properties.bathrooms, properties.beds, properties.guests, properties.square_feet, properties.square_meters, properties.cleaning_fee, properties.extra_guest_fee, properties.minimum_nights, properties.maximum_nights, properties.current_price, properties.availability_notes, properties.features, properties.onboarding_step, properties.onboarding_complete, properties.is_active, properties.created_at, properties.updated_at \nFROM properties \nWHERE properties.user_id = $1::UUID AND properties.is_active IS true ORDER BY properties.created_at DESC", "request_id": "a31c69e1-0d39-44c0-85aa-3a29ba3821d6", "env": "development", "version": "1.1.0"}
2026-08-06 22:58:00,724 INFO sqlalchemy.engine.Engine [cached since 9.171s ago] (UUID('86a2cd83-52db-4f6b-9071-5f9a100c8b54'),)
{"level": "INFO", "logger": "sqlalchemy.engine.Engine", "message": "[cached since 9.171s ago] (UUID('86a2cd83-52db-4f6b-9071-5f9a100c8b54'),)", "request_id": "a31c69e1-0d39-44c0-85aa-3a29ba3821d6", "env": "development", "version": "1.1.0"}
{"level": "INFO", "logger": "app.request", "message": "request", "request_id": null, "env": "development", "version": "1.1.0", "path": "/v1/properties", "method": "GET", "status_code": 200, "duration_ms": 10.57}
INFO:     127.0.0.1:60382 - "GET /v1/properties HTTP/1.1" 200 OK
2026-08-06 22:58:00,725 INFO sqlalchemy.engine.Engine COMMIT
{"level": "INFO", "logger": "sqlalchemy.engine.Engine", "message": "COMMIT", "request_id": "a31c69e1-0d39-44c0-85aa-3a29ba3821d6", "env": "development", "version": "1.1.0"}
2026-08-06 22:58:00,755 INFO sqlalchemy.engine.Engine BEGIN (implicit)
{"level": "INFO", "logger": "sqlalchemy.engine.Engine", "message": "BEGIN (implicit)", "request_id": "d5969252-4a39-4f02-bcb9-88a9cbe7c9b0", "env": "development", "version": "1.1.0"}
2026-08-06 22:58:00,755 INFO sqlalchemy.engine.Engine SELECT users.id, users.email, users.hashed_password, users.full_name, users.role, users.is_active, users.is_verified, users.stripe_customer_id, users.created_at, users.updated_at 
FROM users 
WHERE users.id = $1::UUID
{"level": "INFO", "logger": "sqlalchemy.engine.Engine", "message": "SELECT users.id, users.email, users.hashed_password, users.full_name, users.role, users.is_active, users.is_verified, users.stripe_customer_id, users.created_at, users.updated_at \nFROM users \nWHERE users.id = $1::UUID", "request_id": "d5969252-4a39-4f02-bcb9-88a9cbe7c9b0", "env": "development", "version": "1.1.0"}
2026-08-06 22:58:00,755 INFO sqlalchemy.engine.Engine [cached since 9.242s ago] (UUID('86a2cd83-52db-4f6b-9071-5f9a100c8b54'),)
{"level": "INFO", "logger": "sqlalchemy.engine.Engine", "message": "[cached since 9.242s ago] (UUID('86a2cd83-52db-4f6b-9071-5f9a100c8b54'),)", "request_id": "d5969252-4a39-4f02-bcb9-88a9cbe7c9b0", "env": "development", "version": "1.1.0"}
2026-08-06 22:58:00,769 INFO sqlalchemy.engine.Engine SELECT subscriptions.user_id AS subscriptions_user_id, subscriptions.id AS subscriptions_id, subscriptions.plan_id AS subscriptions_plan_id, subscriptions.status AS subscriptions_status, subscriptions.stripe_subscription_id AS subscriptions_stripe_subscription_id, subscriptions.current_period_end AS subscriptions_current_period_end, subscriptions.created_at AS subscriptions_created_at, subscriptions.updated_at AS subscriptions_updated_at 
FROM subscriptions 
WHERE subscriptions.user_id IN ($1::UUID)
{"level": "INFO", "logger": "sqlalchemy.engine.Engine", "message": "SELECT subscriptions.user_id AS subscriptions_user_id, subscriptions.id AS subscriptions_id, subscriptions.plan_id AS subscriptions_plan_id, subscriptions.status AS subscriptions_status, subscriptions.stripe_subscription_id AS subscriptions_stripe_subscription_id, subscriptions.current_period_end AS subscriptions_current_period_end, subscriptions.created_at AS subscriptions_created_at, subscriptions.updated_at AS subscriptions_updated_at \nFROM subscriptions \nWHERE subscriptions.user_id IN ($1::UUID)", "request_id": "d5969252-4a39-4f02-bcb9-88a9cbe7c9b0", "env": "development", "version": "1.1.0"}
2026-08-06 22:58:00,769 INFO sqlalchemy.engine.Engine [cached since 9.233s ago] (UUID('86a2cd83-52db-4f6b-9071-5f9a100c8b54'),)
{"level": "INFO", "logger": "sqlalchemy.engine.Engine", "message": "[cached since 9.233s ago] (UUID('86a2cd83-52db-4f6b-9071-5f9a100c8b54'),)", "request_id": "d5969252-4a39-4f02-bcb9-88a9cbe7c9b0", "env": "development", "version": "1.1.0"}
2026-08-06 22:58:00,769 INFO sqlalchemy.engine.Engine BEGIN (implicit)
{"level": "INFO", "logger": "sqlalchemy.engine.Engine", "message": "BEGIN (implicit)", "request_id": "c90fd8af-0393-4f50-8ca0-68654f0f3d75", "env": "development", "version": "1.1.0"}
2026-08-06 22:58:00,770 INFO sqlalchemy.engine.Engine SELECT users.id, users.email, users.hashed_password, users.full_name, users.role, users.is_active, users.is_verified, users.stripe_customer_id, users.created_at, users.updated_at 
FROM users 
WHERE users.id = $1::UUID
{"level": "INFO", "logger": "sqlalchemy.engine.Engine", "message": "SELECT users.id, users.email, users.hashed_password, users.full_name, users.role, users.is_active, users.is_verified, users.stripe_customer_id, users.created_at, users.updated_at \nFROM users \nWHERE users.id = $1::UUID", "request_id": "c90fd8af-0393-4f50-8ca0-68654f0f3d75", "env": "development", "version": "1.1.0"}
2026-08-06 22:58:00,770 INFO sqlalchemy.engine.Engine [cached since 9.256s ago] (UUID('86a2cd83-52db-4f6b-9071-5f9a100c8b54'),)
{"level": "INFO", "logger": "sqlalchemy.engine.Engine", "message": "[cached since 9.256s ago] (UUID('86a2cd83-52db-4f6b-9071-5f9a100c8b54'),)", "request_id": "c90fd8af-0393-4f50-8ca0-68654f0f3d75", "env": "development", "version": "1.1.0"}
2026-08-06 22:58:00,783 INFO sqlalchemy.engine.Engine SELECT plans.id AS plans_id, plans.code AS plans_code, plans.name AS plans_name, plans.description AS plans_description, plans.property_limit AS plans_property_limit, plans.price_monthly_cents AS plans_price_monthly_cents, plans.stripe_price_id AS plans_stripe_price_id, plans.features AS plans_features, plans.created_at AS plans_created_at, plans.updated_at AS plans_updated_at 
FROM plans 
WHERE plans.id IN ($1::UUID)
{"level": "INFO", "logger": "sqlalchemy.engine.Engine", "message": "SELECT plans.id AS plans_id, plans.code AS plans_code, plans.name AS plans_name, plans.description AS plans_description, plans.property_limit AS plans_property_limit, plans.price_monthly_cents AS plans_price_monthly_cents, plans.stripe_price_id AS plans_stripe_price_id, plans.features AS plans_features, plans.created_at AS plans_created_at, plans.updated_at AS plans_updated_at \nFROM plans \nWHERE plans.id IN ($1::UUID)", "request_id": "d5969252-4a39-4f02-bcb9-88a9cbe7c9b0", "env": "development", "version": "1.1.0"}
2026-08-06 22:58:00,783 INFO sqlalchemy.engine.Engine [cached since 9.241s ago] (UUID('143a89e6-c3d0-4d94-9d43-e062122d2f17'),)
{"level": "INFO", "logger": "sqlalchemy.engine.Engine", "message": "[cached since 9.241s ago] (UUID('143a89e6-c3d0-4d94-9d43-e062122d2f17'),)", "request_id": "d5969252-4a39-4f02-bcb9-88a9cbe7c9b0", "env": "development", "version": "1.1.0"}
2026-08-06 22:58:00,784 INFO sqlalchemy.engine.Engine SELECT market_listings.id, market_listings.external_listing_id, market_listings.source, market_listings.title, market_listings.url, market_listings.property_type, market_listings.city, market_listings.region, market_listings.neighborhood, market_listings.latitude, market_listings.longitude, market_listings.bedrooms, market_listings.bathrooms, market_listings.beds, market_listings.guests, market_listings.amenities, market_listings.rating, market_listings.review_count, market_listings.current_price, market_listings.currency, market_listings.raw, market_listings.created_at, market_listings.updated_at 
FROM market_listings
{"level": "INFO", "logger": "sqlalchemy.engine.Engine", "message": "SELECT market_listings.id, market_listings.external_listing_id, market_listings.source, market_listings.title, market_listings.url, market_listings.property_type, market_listings.city, market_listings.region, market_listings.neighborhood, market_listings.latitude, market_listings.longitude, market_listings.bedrooms, market_listings.bathrooms, market_listings.beds, market_listings.guests, market_listings.amenities, market_listings.rating, market_listings.review_count, market_listings.current_price, market_listings.currency, market_listings.raw, market_listings.created_at, market_listings.updated_at \nFROM market_listings", "request_id": "d5969252-4a39-4f02-bcb9-88a9cbe7c9b0", "env": "development", "version": "1.1.0"}
2026-08-06 22:58:00,785 INFO sqlalchemy.engine.Engine [generated in 0.00012s] ()
{"level": "INFO", "logger": "sqlalchemy.engine.Engine", "message": "[generated in 0.00012s] ()", "request_id": "d5969252-4a39-4f02-bcb9-88a9cbe7c9b0", "env": "development", "version": "1.1.0"}
2026-08-06 22:58:00,785 INFO sqlalchemy.engine.Engine BEGIN (implicit)
{"level": "INFO", "logger": "sqlalchemy.engine.Engine", "message": "BEGIN (implicit)", "request_id": "ec49176d-8d15-4637-bee2-66e19b560e94", "env": "development", "version": "1.1.0"}
2026-08-06 22:58:00,785 INFO sqlalchemy.engine.Engine SELECT users.id, users.email, users.hashed_password, users.full_name, users.role, users.is_active, users.is_verified, users.stripe_customer_id, users.created_at, users.updated_at 
FROM users 
WHERE users.id = $1::UUID
{"level": "INFO", "logger": "sqlalchemy.engine.Engine", "message": "SELECT users.id, users.email, users.hashed_password, users.full_name, users.role, users.is_active, users.is_verified, users.stripe_customer_id, users.created_at, users.updated_at \nFROM users \nWHERE users.id = $1::UUID", "request_id": "ec49176d-8d15-4637-bee2-66e19b560e94", "env": "development", "version": "1.1.0"}
2026-08-06 22:58:00,785 INFO sqlalchemy.engine.Engine [cached since 9.271s ago] (UUID('86a2cd83-52db-4f6b-9071-5f9a100c8b54'),)
{"level": "INFO", "logger": "sqlalchemy.engine.Engine", "message": "[cached since 9.271s ago] (UUID('86a2cd83-52db-4f6b-9071-5f9a100c8b54'),)", "request_id": "ec49176d-8d15-4637-bee2-66e19b560e94", "env": "development", "version": "1.1.0"}
{"level": "INFO", "logger": "app.request", "message": "request", "request_id": null, "env": "development", "version": "1.1.0", "path": "/v1/market/trends", "method": "GET", "status_code": 200, "duration_ms": 59.55}
INFO:     127.0.0.1:60400 - "GET /v1/market/trends HTTP/1.1" 200 OK
2026-08-06 22:58:00,787 INFO sqlalchemy.engine.Engine COMMIT
{"level": "INFO", "logger": "sqlalchemy.engine.Engine", "message": "COMMIT", "request_id": "d5969252-4a39-4f02-bcb9-88a9cbe7c9b0", "env": "development", "version": "1.1.0"}
2026-08-06 22:58:00,794 INFO sqlalchemy.engine.Engine SELECT subscriptions.user_id AS subscriptions_user_id, subscriptions.id AS subscriptions_id, subscriptions.plan_id AS subscriptions_plan_id, subscriptions.status AS subscriptions_status, subscriptions.stripe_subscription_id AS subscriptions_stripe_subscription_id, subscriptions.current_period_end AS subscriptions_current_period_end, subscriptions.created_at AS subscriptions_created_at, subscriptions.updated_at AS subscriptions_updated_at 
FROM subscriptions 
WHERE subscriptions.user_id IN ($1::UUID)
{"level": "INFO", "logger": "sqlalchemy.engine.Engine", "message": "SELECT subscriptions.user_id AS subscriptions_user_id, subscriptions.id AS subscriptions_id, subscriptions.plan_id AS subscriptions_plan_id, subscriptions.status AS subscriptions_status, subscriptions.stripe_subscription_id AS subscriptions_stripe_subscription_id, subscriptions.current_period_end AS subscriptions_current_period_end, subscriptions.created_at AS subscriptions_created_at, subscriptions.updated_at AS subscriptions_updated_at \nFROM subscriptions \nWHERE subscriptions.user_id IN ($1::UUID)", "request_id": "c90fd8af-0393-4f50-8ca0-68654f0f3d75", "env": "development", "version": "1.1.0"}
2026-08-06 22:58:00,794 INFO sqlalchemy.engine.Engine [cached since 9.258s ago] (UUID('86a2cd83-52db-4f6b-9071-5f9a100c8b54'),)
{"level": "INFO", "logger": "sqlalchemy.engine.Engine", "message": "[cached since 9.258s ago] (UUID('86a2cd83-52db-4f6b-9071-5f9a100c8b54'),)", "request_id": "c90fd8af-0393-4f50-8ca0-68654f0f3d75", "env": "development", "version": "1.1.0"}
2026-08-06 22:58:00,795 INFO sqlalchemy.engine.Engine SELECT subscriptions.user_id AS subscriptions_user_id, subscriptions.id AS subscriptions_id, subscriptions.plan_id AS subscriptions_plan_id, subscriptions.status AS subscriptions_status, subscriptions.stripe_subscription_id AS subscriptions_stripe_subscription_id, subscriptions.current_period_end AS subscriptions_current_period_end, subscriptions.created_at AS subscriptions_created_at, subscriptions.updated_at AS subscriptions_updated_at 
FROM subscriptions 
WHERE subscriptions.user_id IN ($1::UUID)
{"level": "INFO", "logger": "sqlalchemy.engine.Engine", "message": "SELECT subscriptions.user_id AS subscriptions_user_id, subscriptions.id AS subscriptions_id, subscriptions.plan_id AS subscriptions_plan_id, subscriptions.status AS subscriptions_status, subscriptions.stripe_subscription_id AS subscriptions_stripe_subscription_id, subscriptions.current_period_end AS subscriptions_current_period_end, subscriptions.created_at AS subscriptions_created_at, subscriptions.updated_at AS subscriptions_updated_at \nFROM subscriptions \nWHERE subscriptions.user_id IN ($1::UUID)", "request_id": "ec49176d-8d15-4637-bee2-66e19b560e94", "env": "development", "version": "1.1.0"}
2026-08-06 22:58:00,795 INFO sqlalchemy.engine.Engine [cached since 9.259s ago] (UUID('86a2cd83-52db-4f6b-9071-5f9a100c8b54'),)
{"level": "INFO", "logger": "sqlalchemy.engine.Engine", "message": "[cached since 9.259s ago] (UUID('86a2cd83-52db-4f6b-9071-5f9a100c8b54'),)", "request_id": "ec49176d-8d15-4637-bee2-66e19b560e94", "env": "development", "version": "1.1.0"}
2026-08-06 22:58:00,798 INFO sqlalchemy.engine.Engine SELECT plans.id AS plans_id, plans.code AS plans_code, plans.name AS plans_name, plans.description AS plans_description, plans.property_limit AS plans_property_limit, plans.price_monthly_cents AS plans_price_monthly_cents, plans.stripe_price_id AS plans_stripe_price_id, plans.features AS plans_features, plans.created_at AS plans_created_at, plans.updated_at AS plans_updated_at 
FROM plans 
WHERE plans.id IN ($1::UUID)
{"level": "INFO", "logger": "sqlalchemy.engine.Engine", "message": "SELECT plans.id AS plans_id, plans.code AS plans_code, plans.name AS plans_name, plans.description AS plans_description, plans.property_limit AS plans_property_limit, plans.price_monthly_cents AS plans_price_monthly_cents, plans.stripe_price_id AS plans_stripe_price_id, plans.features AS plans_features, plans.created_at AS plans_created_at, plans.updated_at AS plans_updated_at \nFROM plans \nWHERE plans.id IN ($1::UUID)", "request_id": "c90fd8af-0393-4f50-8ca0-68654f0f3d75", "env": "development", "version": "1.1.0"}
2026-08-06 22:58:00,798 INFO sqlalchemy.engine.Engine [cached since 9.256s ago] (UUID('143a89e6-c3d0-4d94-9d43-e062122d2f17'),)
{"level": "INFO", "logger": "sqlalchemy.engine.Engine", "message": "[cached since 9.256s ago] (UUID('143a89e6-c3d0-4d94-9d43-e062122d2f17'),)", "request_id": "c90fd8af-0393-4f50-8ca0-68654f0f3d75", "env": "development", "version": "1.1.0"}
2026-08-06 22:58:00,799 INFO sqlalchemy.engine.Engine SELECT plans.id AS plans_id, plans.code AS plans_code, plans.name AS plans_name, plans.description AS plans_description, plans.property_limit AS plans_property_limit, plans.price_monthly_cents AS plans_price_monthly_cents, plans.stripe_price_id AS plans_stripe_price_id, plans.features AS plans_features, plans.created_at AS plans_created_at, plans.updated_at AS plans_updated_at 
FROM plans 
WHERE plans.id IN ($1::UUID)
{"level": "INFO", "logger": "sqlalchemy.engine.Engine", "message": "SELECT plans.id AS plans_id, plans.code AS plans_code, plans.name AS plans_name, plans.description AS plans_description, plans.property_limit AS plans_property_limit, plans.price_monthly_cents AS plans_price_monthly_cents, plans.stripe_price_id AS plans_stripe_price_id, plans.features AS plans_features, plans.created_at AS plans_created_at, plans.updated_at AS plans_updated_at \nFROM plans \nWHERE plans.id IN ($1::UUID)", "request_id": "ec49176d-8d15-4637-bee2-66e19b560e94", "env": "development", "version": "1.1.0"}
2026-08-06 22:58:00,799 INFO sqlalchemy.engine.Engine [cached since 9.258s ago] (UUID('143a89e6-c3d0-4d94-9d43-e062122d2f17'),)
{"level": "INFO", "logger": "sqlalchemy.engine.Engine", "message": "[cached since 9.258s ago] (UUID('143a89e6-c3d0-4d94-9d43-e062122d2f17'),)", "request_id": "ec49176d-8d15-4637-bee2-66e19b560e94", "env": "development", "version": "1.1.0"}
2026-08-06 22:58:00,802 INFO sqlalchemy.engine.Engine SELECT notifications.id, notifications.user_id, notifications.title, notifications.body, notifications.type, notifications.is_read, notifications.link, notifications.created_at, notifications.updated_at 
FROM notifications 
WHERE notifications.user_id = $1::UUID ORDER BY notifications.created_at DESC 
 LIMIT $2::INTEGER
{"level": "INFO", "logger": "sqlalchemy.engine.Engine", "message": "SELECT notifications.id, notifications.user_id, notifications.title, notifications.body, notifications.type, notifications.is_read, notifications.link, notifications.created_at, notifications.updated_at \nFROM notifications \nWHERE notifications.user_id = $1::UUID ORDER BY notifications.created_at DESC \n LIMIT $2::INTEGER", "request_id": "c90fd8af-0393-4f50-8ca0-68654f0f3d75", "env": "development", "version": "1.1.0"}
2026-08-06 22:58:00,803 INFO sqlalchemy.engine.Engine [generated in 0.00014s] (UUID('86a2cd83-52db-4f6b-9071-5f9a100c8b54'), 50)
{"level": "INFO", "logger": "sqlalchemy.engine.Engine", "message": "[generated in 0.00014s] (UUID('86a2cd83-52db-4f6b-9071-5f9a100c8b54'), 50)", "request_id": "c90fd8af-0393-4f50-8ca0-68654f0f3d75", "env": "development", "version": "1.1.0"}
2026-08-06 22:58:00,805 INFO sqlalchemy.engine.Engine SELECT count(*) AS count_1 
FROM usage_events 
WHERE usage_events.user_id = $1::UUID AND usage_events.event_type = $2::VARCHAR AND usage_events.created_at >= $3::TIMESTAMP WITH TIME ZONE
{"level": "INFO", "logger": "sqlalchemy.engine.Engine", "message": "SELECT count(*) AS count_1 \nFROM usage_events \nWHERE usage_events.user_id = $1::UUID AND usage_events.event_type = $2::VARCHAR AND usage_events.created_at >= $3::TIMESTAMP WITH TIME ZONE", "request_id": "ec49176d-8d15-4637-bee2-66e19b560e94", "env": "development", "version": "1.1.0"}
2026-08-06 22:58:00,805 INFO sqlalchemy.engine.Engine [generated in 0.00014s] (UUID('86a2cd83-52db-4f6b-9071-5f9a100c8b54'), 'analysis', datetime.datetime(2026, 8, 1, 0, 0, tzinfo=datetime.timezone.utc))
{"level": "INFO", "logger": "sqlalchemy.engine.Engine", "message": "[generated in 0.00014s] (UUID('86a2cd83-52db-4f6b-9071-5f9a100c8b54'), 'analysis', datetime.datetime(2026, 8, 1, 0, 0, tzinfo=datetime.timezone.utc))", "request_id": "ec49176d-8d15-4637-bee2-66e19b560e94", "env": "development", "version": "1.1.0"}
{"level": "INFO", "logger": "app.request", "message": "request", "request_id": null, "env": "development", "version": "1.1.0", "path": "/v1/notifications", "method": "GET", "status_code": 200, "duration_ms": 75.31}
INFO:     127.0.0.1:60394 - "GET /v1/notifications HTTP/1.1" 200 OK
2026-08-06 22:58:00,806 INFO sqlalchemy.engine.Engine ROLLBACK
{"level": "INFO", "logger": "sqlalchemy.engine.Engine", "message": "ROLLBACK", "request_id": "ec49176d-8d15-4637-bee2-66e19b560e94", "env": "development", "version": "1.1.0"}
2026-08-06 22:58:00,806 INFO sqlalchemy.engine.Engine COMMIT
{"level": "INFO", "logger": "sqlalchemy.engine.Engine", "message": "COMMIT", "request_id": "c90fd8af-0393-4f50-8ca0-68654f0f3d75", "env": "development", "version": "1.1.0"}
{"level": "ERROR", "logger": "app.request", "message": "unhandled_error", "request_id": "ec49176d-8d15-4637-bee2-66e19b560e94", "env": "development", "version": "1.1.0", "exc_info": "Traceback (most recent call last):\n  File \"/home/salman-mazhar/Drive/My project/airbnb-market-expert/airbnb-market-expert/apps/api/.venv/lib/python3.12/site-packages/sqlalchemy/dialects/postgresql/asyncpg.py\", line 526, in _prepare_and_execute\n    prepared_stmt, attributes = await adapt_connection._prepare(\n                                ^^^^^^^^^^^^^^^^^^^^^^^^^^^^^^^^\n  File \"/home/salman-mazhar/Drive/My project/airbnb-market-expert/airbnb-market-expert/apps/api/.venv/lib/python3.12/site-packages/sqlalchemy/dialects/postgresql/asyncpg.py\", line 773, in _prepare\n    prepared_stmt = await self._connection.prepare(\n                    ^^^^^^^^^^^^^^^^^^^^^^^^^^^^^^^\n  File \"/home/salman-mazhar/Drive/My project/airbnb-market-expert/airbnb-market-expert/apps/api/.venv/lib/python3.12/site-packages/asyncpg/connection.py\", line 638, in prepare\n    return await self._prepare(\n           ^^^^^^^^^^^^^^^^^^^^\n  File \"/home/salman-mazhar/Drive/My project/airbnb-market-expert/airbnb-market-expert/apps/api/.venv/lib/python3.12/site-packages/asyncpg/connection.py\", line 657, in _prepare\n    stmt = await self._get_statement(\n           ^^^^^^^^^^^^^^^^^^^^^^^^^^\n  File \"/home/salman-mazhar/Drive/My project/airbnb-market-expert/airbnb-market-expert/apps/api/.venv/lib/python3.12/site-packages/asyncpg/connection.py\", line 443, in _get_statement\n    statement = await self._protocol.prepare(\n                ^^^^^^^^^^^^^^^^^^^^^^^^^^^^^\n  File \"asyncpg/protocol/protocol.pyx\", line 165, in prepare\nasyncpg.exceptions.UndefinedTableError: relation \"usage_events\" does not exist\n\nThe above exception was the direct cause of the following exception:\n\nTraceback (most recent call last):\n  File \"/home/salman-mazhar/Drive/My project/airbnb-market-expert/airbnb-market-expert/apps/api/.venv/lib/python3.12/site-packages/sqlalchemy/engine/base.py\", line 1969, in _exec_single_context\n    self.dialect.do_execute(\n  File \"/home/salman-mazhar/Drive/My project/airbnb-market-expert/airbnb-market-expert/apps/api/.venv/lib/python3.12/site-packages/sqlalchemy/engine/default.py\", line 952, in do_execute\n    cursor.execute(statement, parameters)\n  File \"/home/salman-mazhar/Drive/My project/airbnb-market-expert/airbnb-market-expert/apps/api/.venv/lib/python3.12/site-packages/sqlalchemy/dialects/postgresql/asyncpg.py\", line 585, in execute\n    self._adapt_connection.await_(\n  File \"/home/salman-mazhar/Drive/My project/airbnb-market-expert/airbnb-market-expert/apps/api/.venv/lib/python3.12/site-packages/sqlalchemy/util/_concurrency_py3k.py\", line 132, in await_only\n    return current.parent.switch(awaitable)  # type: ignore[no-any-return,attr-defined] # noqa: E501\n           ^^^^^^^^^^^^^^^^^^^^^^^^^^^^^^^^\n  File \"/home/salman-mazhar/Drive/My project/airbnb-market-expert/airbnb-market-expert/apps/api/.venv/lib/python3.12/site-packages/sqlalchemy/util/_concurrency_py3k.py\", line 196, in greenlet_spawn\n    value = await result\n            ^^^^^^^^^^^^\n  File \"/home/salman-mazhar/Drive/My project/airbnb-market-expert/airbnb-market-expert/apps/api/.venv/lib/python3.12/site-packages/sqlalchemy/dialects/postgresql/asyncpg.py\", line 563, in _prepare_and_execute\n    self._handle_exception(error)\n  File \"/home/salman-mazhar/Drive/My project/airbnb-market-expert/airbnb-market-expert/apps/api/.venv/lib/python3.12/site-packages/sqlalchemy/dialects/postgresql/asyncpg.py\", line 513, in _handle_exception\n    self._adapt_connection._handle_exception(error)\n  File \"/home/salman-mazhar/Drive/My project/airbnb-market-expert/airbnb-market-expert/apps/api/.venv/lib/python3.12/site-packages/sqlalchemy/dialects/postgresql/asyncpg.py\", line 797, in _handle_exception\n    raise translated_error from error\nsqlalchemy.dialects.postgresql.asyncpg.AsyncAdapt_asyncpg_dbapi.ProgrammingError: <class 'asyncpg.exceptions.UndefinedTableError'>: relation \"usage_events\" does not exist\n\nThe above exception was the direct cause of the following exception:\n\nTraceback (most recent call last):\n  File \"/home/salman-mazhar/Drive/My project/airbnb-market-expert/airbnb-market-expert/apps/api/app/core/middleware.py\", line 19, in dispatch\n    response = await call_next(request)\n               ^^^^^^^^^^^^^^^^^^^^^^^^\n  File \"/home/salman-mazhar/Drive/My project/airbnb-market-expert/airbnb-market-expert/apps/api/.venv/lib/python3.12/site-packages/starlette/middleware/base.py\", line 168, in call_next\n    raise app_exc from app_exc.__cause__ or app_exc.__context__\n  File \"/home/salman-mazhar/Drive/My project/airbnb-market-expert/airbnb-market-expert/apps/api/.venv/lib/python3.12/site-packages/starlette/middleware/base.py\", line 144, in coro\n    await self.app(scope, receive_or_disconnect, send_no_error)\n  File \"/home/salman-mazhar/Drive/My project/airbnb-market-expert/airbnb-market-expert/apps/api/.venv/lib/python3.12/site-packages/starlette/middleware/base.py\", line 193, in __call__\n    response = await self.dispatch_func(request, call_next)\n               ^^^^^^^^^^^^^^^^^^^^^^^^^^^^^^^^^^^^^^^^^^^^\n  File \"/home/salman-mazhar/Drive/My project/airbnb-market-expert/airbnb-market-expert/apps/api/app/core/rate_limit.py\", line 81, in dispatch\n    return await call_next(request)\n           ^^^^^^^^^^^^^^^^^^^^^^^^\n  File \"/home/salman-mazhar/Drive/My project/airbnb-market-expert/airbnb-market-expert/apps/api/.venv/lib/python3.12/site-packages/starlette/middleware/base.py\", line 168, in call_next\n    raise app_exc from app_exc.__cause__ or app_exc.__context__\n  File \"/home/salman-mazhar/Drive/My project/airbnb-market-expert/airbnb-market-expert/apps/api/.venv/lib/python3.12/site-packages/starlette/middleware/base.py\", line 144, in coro\n    await self.app(scope, receive_or_disconnect, send_no_error)\n  File \"/home/salman-mazhar/Drive/My project/airbnb-market-expert/airbnb-market-expert/apps/api/.venv/lib/python3.12/site-packages/starlette/middleware/exceptions.py\", line 63, in __call__\n    await wrap_app_handling_exceptions(self.app, conn)(scope, receive, send)\n  File \"/home/salman-mazhar/Drive/My project/airbnb-market-expert/airbnb-market-expert/apps/api/.venv/lib/python3.12/site-packages/starlette/_exception_handler.py\", line 53, in wrapped_app\n    raise exc\n  File \"/home/salman-mazhar/Drive/My project/airbnb-market-expert/airbnb-market-expert/apps/api/.venv/lib/python3.12/site-packages/starlette/_exception_handler.py\", line 42, in wrapped_app\n    await app(scope, receive, sender)\n  File \"/home/salman-mazhar/Drive/My project/airbnb-market-expert/airbnb-market-expert/apps/api/.venv/lib/python3.12/site-packages/fastapi/middleware/asyncexitstack.py\", line 18, in __call__\n    await self.app(scope, receive, send)\n  File \"/home/salman-mazhar/Drive/My project/airbnb-market-expert/airbnb-market-expert/apps/api/.venv/lib/python3.12/site-packages/starlette/routing.py\", line 660, in __call__\n    await self.middleware_stack(scope, receive, send)\n  File \"/home/salman-mazhar/Drive/My project/airbnb-market-expert/airbnb-market-expert/apps/api/.venv/lib/python3.12/site-packages/fastapi/routing.py\", line 2734, in app\n    await route.handle(scope, receive, send)\n  File \"/home/salman-mazhar/Drive/My project/airbnb-market-expert/airbnb-market-expert/apps/api/.venv/lib/python3.12/site-packages/fastapi/routing.py\", line 1780, in handle\n    await self.original_router.handle(scope, receive, send)\n  File \"/home/salman-mazhar/Drive/My project/airbnb-market-expert/airbnb-market-expert/apps/api/.venv/lib/python3.12/site-packages/fastapi/routing.py\", line 2789, in handle\n    await included_router._handle_selected(scope, receive, send)\n  File \"/home/salman-mazhar/Drive/My project/airbnb-market-expert/airbnb-market-expert/apps/api/.venv/lib/python3.12/site-packages/fastapi/routing.py\", line 1800, in _handle_selected\n    await original_route.handle(scope, receive, send)\n  File \"/home/salman-mazhar/Drive/My project/airbnb-market-expert/airbnb-market-expert/apps/api/.venv/lib/python3.12/site-packages/fastapi/routing.py\", line 1279, in handle\n    await app(scope, receive, send)\n  File \"/home/salman-mazhar/Drive/My project/airbnb-market-expert/airbnb-market-expert/apps/api/.venv/lib/python3.12/site-packages/fastapi/routing.py\", line 158, in app\n    await wrap_app_handling_exceptions(app, request)(scope, receive, send)\n  File \"/home/salman-mazhar/Drive/My project/airbnb-market-expert/airbnb-market-expert/apps/api/.venv/lib/python3.12/site-packages/starlette/_exception_handler.py\", line 53, in wrapped_app\n    raise exc\n  File \"/home/salman-mazhar/Drive/My project/airbnb-market-expert/airbnb-market-expert/apps/api/.venv/lib/python3.12/site-packages/starlette/_exception_handler.py\", line 42, in wrapped_app\n    await app(scope, receive, sender)\n  File \"/home/salman-mazhar/Drive/My project/airbnb-market-expert/airbnb-market-expert/apps/api/.venv/lib/python3.12/site-packages/fastapi/routing.py\", line 144, in app\n    response = await f(request)\n               ^^^^^^^^^^^^^^^^\n  File \"/home/salman-mazhar/Drive/My project/airbnb-market-expert/airbnb-market-expert/apps/api/.venv/lib/python3.12/site-packages/fastapi/routing.py\", line 706, in app\n    raw_response = await run_endpoint_function(\n                   ^^^^^^^^^^^^^^^^^^^^^^^^^^^^\n  File \"/home/salman-mazhar/Drive/My project/airbnb-market-expert/airbnb-market-expert/apps/api/.venv/lib/python3.12/site-packages/fastapi/routing.py\", line 352, in run_endpoint_function\n    return await dependant.call(**values)\n           ^^^^^^^^^^^^^^^^^^^^^^^^^^^^^^\n  File \"/home/salman-mazhar/Drive/My project/airbnb-market-expert/airbnb-market-expert/apps/api/app/modules/billing/router.py\", line 173, in usage_summary\n    analyses_this_month=await count_usage(db, user.id, \"analysis\", month_start()),\n                        ^^^^^^^^^^^^^^^^^^^^^^^^^^^^^^^^^^^^^^^^^^^^^^^^^^^^^^^^^\n  File \"/home/salman-mazhar/Drive/My project/airbnb-market-expert/airbnb-market-expert/apps/api/app/core/entitlements.py\", line 71, in count_usage\n    result = await db.scalar(\n             ^^^^^^^^^^^^^^^^\n  File \"/home/salman-mazhar/Drive/My project/airbnb-market-expert/airbnb-market-expert/apps/api/.venv/lib/python3.12/site-packages/sqlalchemy/ext/asyncio/session.py\", line 504, in scalar\n    return await greenlet_spawn(\n           ^^^^^^^^^^^^^^^^^^^^^\n  File \"/home/salman-mazhar/Drive/My project/airbnb-market-expert/airbnb-market-expert/apps/api/.venv/lib/python3.12/site-packages/sqlalchemy/util/_concurrency_py3k.py\", line 201, in greenlet_spawn\n    result = context.throw(*sys.exc_info())\n             ^^^^^^^^^^^^^^^^^^^^^^^^^^^^^^\n  File \"/home/salman-mazhar/Drive/My project/airbnb-market-expert/airbnb-market-expert/apps/api/.venv/lib/python3.12/site-packages/sqlalchemy/orm/session.py\", line 2421, in scalar\n    return self._execute_internal(\n           ^^^^^^^^^^^^^^^^^^^^^^^\n  File \"/home/salman-mazhar/Drive/My project/airbnb-market-expert/airbnb-market-expert/apps/api/.venv/lib/python3.12/site-packages/sqlalchemy/orm/session.py\", line 2271, in _execute_internal\n    result: Result[Any] = compile_state_cls.orm_execute_statement(\n                          ^^^^^^^^^^^^^^^^^^^^^^^^^^^^^^^^^^^^^^^^\n  File \"/home/salman-mazhar/Drive/My project/airbnb-market-expert/airbnb-market-expert/apps/api/.venv/lib/python3.12/site-packages/sqlalchemy/orm/context.py\", line 306, in orm_execute_statement\n    result = conn.execute(\n             ^^^^^^^^^^^^^\n  File \"/home/salman-mazhar/Drive/My project/airbnb-market-expert/airbnb-market-expert/apps/api/.venv/lib/python3.12/site-packages/sqlalchemy/engine/base.py\", line 1421, in execute\n    return meth(\n           ^^^^^\n  File \"/home/salman-mazhar/Drive/My project/airbnb-market-expert/airbnb-market-expert/apps/api/.venv/lib/python3.12/site-packages/sqlalchemy/sql/elements.py\", line 526, in _execute_on_connection\n    return connection._execute_clauseelement(\n           ^^^^^^^^^^^^^^^^^^^^^^^^^^^^^^^^^^\n  File \"/home/salman-mazhar/Drive/My project/airbnb-market-expert/airbnb-market-expert/apps/api/.venv/lib/python3.12/site-packages/sqlalchemy/engine/base.py\", line 1643, in _execute_clauseelement\n    ret = self._execute_context(\n          ^^^^^^^^^^^^^^^^^^^^^^\n  File \"/home/salman-mazhar/Drive/My project/airbnb-market-expert/airbnb-market-expert/apps/api/.venv/lib/python3.12/site-packages/sqlalchemy/engine/base.py\", line 1848, in _execute_context\n    return self._exec_single_context(\n           ^^^^^^^^^^^^^^^^^^^^^^^^^^\n  File \"/home/salman-mazhar/Drive/My project/airbnb-market-expert/airbnb-market-expert/apps/api/.venv/lib/python3.12/site-packages/sqlalchemy/engine/base.py\", line 1988, in _exec_single_context\n    self._handle_dbapi_exception(\n  File \"/home/salman-mazhar/Drive/My project/airbnb-market-expert/airbnb-market-expert/apps/api/.venv/lib/python3.12/site-packages/sqlalchemy/engine/base.py\", line 2365, in _handle_dbapi_exception\n    raise sqlalchemy_exception.with_traceback(exc_info[2]) from e\n  File \"/home/salman-mazhar/Drive/My project/airbnb-market-expert/airbnb-market-expert/apps/api/.venv/lib/python3.12/site-packages/sqlalchemy/engine/base.py\", line 1969, in _exec_single_context\n    self.dialect.do_execute(\n  File \"/home/salman-mazhar/Drive/My project/airbnb-market-expert/airbnb-market-expert/apps/api/.venv/lib/python3.12/site-packages/sqlalchemy/engine/default.py\", line 952, in do_execute\n    cursor.execute(statement, parameters)\n  File \"/home/salman-mazhar/Drive/My project/airbnb-market-expert/airbnb-market-expert/apps/api/.venv/lib/python3.12/site-packages/sqlalchemy/dialects/postgresql/asyncpg.py\", line 585, in execute\n    self._adapt_connection.await_(\n  File \"/home/salman-mazhar/Drive/My project/airbnb-market-expert/airbnb-market-expert/apps/api/.venv/lib/python3.12/site-packages/sqlalchemy/util/_concurrency_py3k.py\", line 132, in await_only\n    return current.parent.switch(awaitable)  # type: ignore[no-any-return,attr-defined] # noqa: E501\n           ^^^^^^^^^^^^^^^^^^^^^^^^^^^^^^^^\n  File \"/home/salman-mazhar/Drive/My project/airbnb-market-expert/airbnb-market-expert/apps/api/.venv/lib/python3.12/site-packages/sqlalchemy/util/_concurrency_py3k.py\", line 196, in greenlet_spawn\n    value = await result\n            ^^^^^^^^^^^^\n  File \"/home/salman-mazhar/Drive/My project/airbnb-market-expert/airbnb-market-expert/apps/api/.venv/lib/python3.12/site-packages/sqlalchemy/dialects/postgresql/asyncpg.py\", line 563, in _prepare_and_execute\n    self._handle_exception(error)\n  File \"/home/salman-mazhar/Drive/My project/airbnb-market-expert/airbnb-market-expert/apps/api/.venv/lib/python3.12/site-packages/sqlalchemy/dialects/postgresql/asyncpg.py\", line 513, in _handle_exception\n    self._adapt_connection._handle_exception(error)\n  File \"/home/salman-mazhar/Drive/My project/airbnb-market-expert/airbnb-market-expert/apps/api/.venv/lib/python3.12/site-packages/sqlalchemy/dialects/postgresql/asyncpg.py\", line 797, in _handle_exception\n    raise translated_error from error\nsqlalchemy.exc.ProgrammingError: (sqlalchemy.dialects.postgresql.asyncpg.ProgrammingError) <class 'asyncpg.exceptions.UndefinedTableError'>: relation \"usage_events\" does not exist\n[SQL: SELECT count(*) AS count_1 \nFROM usage_events \nWHERE usage_events.user_id = $1::UUID AND usage_events.event_type = $2::VARCHAR AND usage_events.created_at >= $3::TIMESTAMP WITH TIME ZONE]\n[parameters: (UUID('86a2cd83-52db-4f6b-9071-5f9a100c8b54'), 'analysis', datetime.datetime(2026, 8, 1, 0, 0, tzinfo=datetime.timezone.utc))]\n(Background on this error at: https://sqlalche.me/e/20/f405)", "path": "/v1/billing/usage", "method": "GET"}
INFO:     127.0.0.1:60382 - "GET /v1/billing/usage HTTP/1.1" 500 Internal Server Error
ERROR:    Exception in ASGI application
Traceback (most recent call last):
  File "/home/salman-mazhar/Drive/My project/airbnb-market-expert/airbnb-market-expert/apps/api/.venv/lib/python3.12/site-packages/sqlalchemy/dialects/postgresql/asyncpg.py", line 526, in _prepare_and_execute
    prepared_stmt, attributes = await adapt_connection._prepare(
                                ^^^^^^^^^^^^^^^^^^^^^^^^^^^^^^^^
  File "/home/salman-mazhar/Drive/My project/airbnb-market-expert/airbnb-market-expert/apps/api/.venv/lib/python3.12/site-packages/sqlalchemy/dialects/postgresql/asyncpg.py", line 773, in _prepare
    prepared_stmt = await self._connection.prepare(
                    ^^^^^^^^^^^^^^^^^^^^^^^^^^^^^^^
  File "/home/salman-mazhar/Drive/My project/airbnb-market-expert/airbnb-market-expert/apps/api/.venv/lib/python3.12/site-packages/asyncpg/connection.py", line 638, in prepare
    return await self._prepare(
           ^^^^^^^^^^^^^^^^^^^^
  File "/home/salman-mazhar/Drive/My project/airbnb-market-expert/airbnb-market-expert/apps/api/.venv/lib/python3.12/site-packages/asyncpg/connection.py", line 657, in _prepare
    stmt = await self._get_statement(
           ^^^^^^^^^^^^^^^^^^^^^^^^^^
  File "/home/salman-mazhar/Drive/My project/airbnb-market-expert/airbnb-market-expert/apps/api/.venv/lib/python3.12/site-packages/asyncpg/connection.py", line 443, in _get_statement
    statement = await self._protocol.prepare(
                ^^^^^^^^^^^^^^^^^^^^^^^^^^^^^
  File "asyncpg/protocol/protocol.pyx", line 165, in prepare
asyncpg.exceptions.UndefinedTableError: relation "usage_events" does not exist

The above exception was the direct cause of the following exception:

Traceback (most recent call last):
  File "/home/salman-mazhar/Drive/My project/airbnb-market-expert/airbnb-market-expert/apps/api/.venv/lib/python3.12/site-packages/sqlalchemy/engine/base.py", line 1969, in _exec_single_context
    self.dialect.do_execute(
  File "/home/salman-mazhar/Drive/My project/airbnb-market-expert/airbnb-market-expert/apps/api/.venv/lib/python3.12/site-packages/sqlalchemy/engine/default.py", line 952, in do_execute
    cursor.execute(statement, parameters)
  File "/home/salman-mazhar/Drive/My project/airbnb-market-expert/airbnb-market-expert/apps/api/.venv/lib/python3.12/site-packages/sqlalchemy/dialects/postgresql/asyncpg.py", line 585, in execute
    self._adapt_connection.await_(
  File "/home/salman-mazhar/Drive/My project/airbnb-market-expert/airbnb-market-expert/apps/api/.venv/lib/python3.12/site-packages/sqlalchemy/util/_concurrency_py3k.py", line 132, in await_only
    return current.parent.switch(awaitable)  # type: ignore[no-any-return,attr-defined] # noqa: E501
           ^^^^^^^^^^^^^^^^^^^^^^^^^^^^^^^^
  File "/home/salman-mazhar/Drive/My project/airbnb-market-expert/airbnb-market-expert/apps/api/.venv/lib/python3.12/site-packages/sqlalchemy/util/_concurrency_py3k.py", line 196, in greenlet_spawn
    value = await result
            ^^^^^^^^^^^^
  File "/home/salman-mazhar/Drive/My project/airbnb-market-expert/airbnb-market-expert/apps/api/.venv/lib/python3.12/site-packages/sqlalchemy/dialects/postgresql/asyncpg.py", line 563, in _prepare_and_execute
    self._handle_exception(error)
  File "/home/salman-mazhar/Drive/My project/airbnb-market-expert/airbnb-market-expert/apps/api/.venv/lib/python3.12/site-packages/sqlalchemy/dialects/postgresql/asyncpg.py", line 513, in _handle_exception
    self._adapt_connection._handle_exception(error)
  File "/home/salman-mazhar/Drive/My project/airbnb-market-expert/airbnb-market-expert/apps/api/.venv/lib/python3.12/site-packages/sqlalchemy/dialects/postgresql/asyncpg.py", line 797, in _handle_exception
    raise translated_error from error
sqlalchemy.dialects.postgresql.asyncpg.AsyncAdapt_asyncpg_dbapi.ProgrammingError: <class 'asyncpg.exceptions.UndefinedTableError'>: relation "usage_events" does not exist

The above exception was the direct cause of the following exception:

Traceback (most recent call last):
  File "/home/salman-mazhar/Drive/My project/airbnb-market-expert/airbnb-market-expert/apps/api/.venv/lib/python3.12/site-packages/uvicorn/protocols/http/h11_impl.py", line 416, in run_asgi
    result = await app(  # type: ignore[func-returns-value]
             ^^^^^^^^^^^^^^^^^^^^^^^^^^^^^^^^^^^^^^^^^^^^^^
  File "/home/salman-mazhar/Drive/My project/airbnb-market-expert/airbnb-market-expert/apps/api/.venv/lib/python3.12/site-packages/uvicorn/middleware/proxy_headers.py", line 63, in __call__
    return await self.app(scope, receive, send)
           ^^^^^^^^^^^^^^^^^^^^^^^^^^^^^^^^^^^^
  File "/home/salman-mazhar/Drive/My project/airbnb-market-expert/airbnb-market-expert/apps/api/.venv/lib/python3.12/site-packages/fastapi/applications.py", line 1163, in __call__
    await super().__call__(scope, receive, send)
  File "/home/salman-mazhar/Drive/My project/airbnb-market-expert/airbnb-market-expert/apps/api/.venv/lib/python3.12/site-packages/starlette/applications.py", line 90, in __call__
    await self.middleware_stack(scope, receive, send)
  File "/home/salman-mazhar/Drive/My project/airbnb-market-expert/airbnb-market-expert/apps/api/.venv/lib/python3.12/site-packages/starlette/middleware/errors.py", line 186, in __call__
    raise exc
  File "/home/salman-mazhar/Drive/My project/airbnb-market-expert/airbnb-market-expert/apps/api/.venv/lib/python3.12/site-packages/starlette/middleware/errors.py", line 164, in __call__
    await self.app(scope, receive, _send)
  File "/home/salman-mazhar/Drive/My project/airbnb-market-expert/airbnb-market-expert/apps/api/.venv/lib/python3.12/site-packages/starlette/middleware/cors.py", line 96, in __call__
    await self.simple_response(scope, receive, send, request_headers=headers)
  File "/home/salman-mazhar/Drive/My project/airbnb-market-expert/airbnb-market-expert/apps/api/.venv/lib/python3.12/site-packages/starlette/middleware/cors.py", line 154, in simple_response
    await self.app(scope, receive, send)
  File "/home/salman-mazhar/Drive/My project/airbnb-market-expert/airbnb-market-expert/apps/api/.venv/lib/python3.12/site-packages/starlette/middleware/base.py", line 193, in __call__
    response = await self.dispatch_func(request, call_next)
               ^^^^^^^^^^^^^^^^^^^^^^^^^^^^^^^^^^^^^^^^^^^^
  File "/home/salman-mazhar/Drive/My project/airbnb-market-expert/airbnb-market-expert/apps/api/app/core/middleware.py", line 19, in dispatch
    response = await call_next(request)
               ^^^^^^^^^^^^^^^^^^^^^^^^
  File "/home/salman-mazhar/Drive/My project/airbnb-market-expert/airbnb-market-expert/apps/api/.venv/lib/python3.12/site-packages/starlette/middleware/base.py", line 168, in call_next
    raise app_exc from app_exc.__cause__ or app_exc.__context__
  File "/home/salman-mazhar/Drive/My project/airbnb-market-expert/airbnb-market-expert/apps/api/.venv/lib/python3.12/site-packages/starlette/middleware/base.py", line 144, in coro
    await self.app(scope, receive_or_disconnect, send_no_error)
  File "/home/salman-mazhar/Drive/My project/airbnb-market-expert/airbnb-market-expert/apps/api/.venv/lib/python3.12/site-packages/starlette/middleware/base.py", line 193, in __call__
    response = await self.dispatch_func(request, call_next)
               ^^^^^^^^^^^^^^^^^^^^^^^^^^^^^^^^^^^^^^^^^^^^
  File "/home/salman-mazhar/Drive/My project/airbnb-market-expert/airbnb-market-expert/apps/api/app/core/rate_limit.py", line 81, in dispatch
    return await call_next(request)
           ^^^^^^^^^^^^^^^^^^^^^^^^
  File "/home/salman-mazhar/Drive/My project/airbnb-market-expert/airbnb-market-expert/apps/api/.venv/lib/python3.12/site-packages/starlette/middleware/base.py", line 168, in call_next
    raise app_exc from app_exc.__cause__ or app_exc.__context__
  File "/home/salman-mazhar/Drive/My project/airbnb-market-expert/airbnb-market-expert/apps/api/.venv/lib/python3.12/site-packages/starlette/middleware/base.py", line 144, in coro
    await self.app(scope, receive_or_disconnect, send_no_error)
  File "/home/salman-mazhar/Drive/My project/airbnb-market-expert/airbnb-market-expert/apps/api/.venv/lib/python3.12/site-packages/starlette/middleware/exceptions.py", line 63, in __call__
    await wrap_app_handling_exceptions(self.app, conn)(scope, receive, send)
  File "/home/salman-mazhar/Drive/My project/airbnb-market-expert/airbnb-market-expert/apps/api/.venv/lib/python3.12/site-packages/starlette/_exception_handler.py", line 53, in wrapped_app
    raise exc
  File "/home/salman-mazhar/Drive/My project/airbnb-market-expert/airbnb-market-expert/apps/api/.venv/lib/python3.12/site-packages/starlette/_exception_handler.py", line 42, in wrapped_app
    await app(scope, receive, sender)
  File "/home/salman-mazhar/Drive/My project/airbnb-market-expert/airbnb-market-expert/apps/api/.venv/lib/python3.12/site-packages/fastapi/middleware/asyncexitstack.py", line 18, in __call__
    await self.app(scope, receive, send)
  File "/home/salman-mazhar/Drive/My project/airbnb-market-expert/airbnb-market-expert/apps/api/.venv/lib/python3.12/site-packages/starlette/routing.py", line 660, in __call__
    await self.middleware_stack(scope, receive, send)
  File "/home/salman-mazhar/Drive/My project/airbnb-market-expert/airbnb-market-expert/apps/api/.venv/lib/python3.12/site-packages/fastapi/routing.py", line 2734, in app
    await route.handle(scope, receive, send)
  File "/home/salman-mazhar/Drive/My project/airbnb-market-expert/airbnb-market-expert/apps/api/.venv/lib/python3.12/site-packages/fastapi/routing.py", line 1780, in handle
    await self.original_router.handle(scope, receive, send)
  File "/home/salman-mazhar/Drive/My project/airbnb-market-expert/airbnb-market-expert/apps/api/.venv/lib/python3.12/site-packages/fastapi/routing.py", line 2789, in handle
    await included_router._handle_selected(scope, receive, send)
  File "/home/salman-mazhar/Drive/My project/airbnb-market-expert/airbnb-market-expert/apps/api/.venv/lib/python3.12/site-packages/fastapi/routing.py", line 1800, in _handle_selected
    await original_route.handle(scope, receive, send)
  File "/home/salman-mazhar/Drive/My project/airbnb-market-expert/airbnb-market-expert/apps/api/.venv/lib/python3.12/site-packages/fastapi/routing.py", line 1279, in handle
    await app(scope, receive, send)
  File "/home/salman-mazhar/Drive/My project/airbnb-market-expert/airbnb-market-expert/apps/api/.venv/lib/python3.12/site-packages/fastapi/routing.py", line 158, in app
    await wrap_app_handling_exceptions(app, request)(scope, receive, send)
  File "/home/salman-mazhar/Drive/My project/airbnb-market-expert/airbnb-market-expert/apps/api/.venv/lib/python3.12/site-packages/starlette/_exception_handler.py", line 53, in wrapped_app
    raise exc
  File "/home/salman-mazhar/Drive/My project/airbnb-market-expert/airbnb-market-expert/apps/api/.venv/lib/python3.12/site-packages/starlette/_exception_handler.py", line 42, in wrapped_app
    await app(scope, receive, sender)
  File "/home/salman-mazhar/Drive/My project/airbnb-market-expert/airbnb-market-expert/apps/api/.venv/lib/python3.12/site-packages/fastapi/routing.py", line 144, in app
    response = await f(request)
               ^^^^^^^^^^^^^^^^
  File "/home/salman-mazhar/Drive/My project/airbnb-market-expert/airbnb-market-expert/apps/api/.venv/lib/python3.12/site-packages/fastapi/routing.py", line 706, in app
    raw_response = await run_endpoint_function(
                   ^^^^^^^^^^^^^^^^^^^^^^^^^^^^
  File "/home/salman-mazhar/Drive/My project/airbnb-market-expert/airbnb-market-expert/apps/api/.venv/lib/python3.12/site-packages/fastapi/routing.py", line 352, in run_endpoint_function
    return await dependant.call(**values)
           ^^^^^^^^^^^^^^^^^^^^^^^^^^^^^^
  File "/home/salman-mazhar/Drive/My project/airbnb-market-expert/airbnb-market-expert/apps/api/app/modules/billing/router.py", line 173, in usage_summary
    analyses_this_month=await count_usage(db, user.id, "analysis", month_start()),
                        ^^^^^^^^^^^^^^^^^^^^^^^^^^^^^^^^^^^^^^^^^^^^^^^^^^^^^^^^^
  File "/home/salman-mazhar/Drive/My project/airbnb-market-expert/airbnb-market-expert/apps/api/app/core/entitlements.py", line 71, in count_usage
    result = await db.scalar(
             ^^^^^^^^^^^^^^^^
  File "/home/salman-mazhar/Drive/My project/airbnb-market-expert/airbnb-market-expert/apps/api/.venv/lib/python3.12/site-packages/sqlalchemy/ext/asyncio/session.py", line 504, in scalar
    return await greenlet_spawn(
           ^^^^^^^^^^^^^^^^^^^^^
  File "/home/salman-mazhar/Drive/My project/airbnb-market-expert/airbnb-market-expert/apps/api/.venv/lib/python3.12/site-packages/sqlalchemy/util/_concurrency_py3k.py", line 201, in greenlet_spawn
    result = context.throw(*sys.exc_info())
             ^^^^^^^^^^^^^^^^^^^^^^^^^^^^^^
  File "/home/salman-mazhar/Drive/My project/airbnb-market-expert/airbnb-market-expert/apps/api/.venv/lib/python3.12/site-packages/sqlalchemy/orm/session.py", line 2421, in scalar
    return self._execute_internal(
           ^^^^^^^^^^^^^^^^^^^^^^^
  File "/home/salman-mazhar/Drive/My project/airbnb-market-expert/airbnb-market-expert/apps/api/.venv/lib/python3.12/site-packages/sqlalchemy/orm/session.py", line 2271, in _execute_internal
    result: Result[Any] = compile_state_cls.orm_execute_statement(
                          ^^^^^^^^^^^^^^^^^^^^^^^^^^^^^^^^^^^^^^^^
  File "/home/salman-mazhar/Drive/My project/airbnb-market-expert/airbnb-market-expert/apps/api/.venv/lib/python3.12/site-packages/sqlalchemy/orm/context.py", line 306, in orm_execute_statement
    result = conn.execute(
             ^^^^^^^^^^^^^
  File "/home/salman-mazhar/Drive/My project/airbnb-market-expert/airbnb-market-expert/apps/api/.venv/lib/python3.12/site-packages/sqlalchemy/engine/base.py", line 1421, in execute
    return meth(
           ^^^^^
  File "/home/salman-mazhar/Drive/My project/airbnb-market-expert/airbnb-market-expert/apps/api/.venv/lib/python3.12/site-packages/sqlalchemy/sql/elements.py", line 526, in _execute_on_connection
    return connection._execute_clauseelement(
           ^^^^^^^^^^^^^^^^^^^^^^^^^^^^^^^^^^
  File "/home/salman-mazhar/Drive/My project/airbnb-market-expert/airbnb-market-expert/apps/api/.venv/lib/python3.12/site-packages/sqlalchemy/engine/base.py", line 1643, in _execute_clauseelement
    ret = self._execute_context(
          ^^^^^^^^^^^^^^^^^^^^^^
  File "/home/salman-mazhar/Drive/My project/airbnb-market-expert/airbnb-market-expert/apps/api/.venv/lib/python3.12/site-packages/sqlalchemy/engine/base.py", line 1848, in _execute_context
    return self._exec_single_context(
           ^^^^^^^^^^^^^^^^^^^^^^^^^^
  File "/home/salman-mazhar/Drive/My project/airbnb-market-expert/airbnb-market-expert/apps/api/.venv/lib/python3.12/site-packages/sqlalchemy/engine/base.py", line 1988, in _exec_single_context
    self._handle_dbapi_exception(
  File "/home/salman-mazhar/Drive/My project/airbnb-market-expert/airbnb-market-expert/apps/api/.venv/lib/python3.12/site-packages/sqlalchemy/engine/base.py", line 2365, in _handle_dbapi_exception
    raise sqlalchemy_exception.with_traceback(exc_info[2]) from e
  File "/home/salman-mazhar/Drive/My project/airbnb-market-expert/airbnb-market-expert/apps/api/.venv/lib/python3.12/site-packages/sqlalchemy/engine/base.py", line 1969, in _exec_single_context
    self.dialect.do_execute(
  File "/home/salman-mazhar/Drive/My project/airbnb-market-expert/airbnb-market-expert/apps/api/.venv/lib/python3.12/site-packages/sqlalchemy/engine/default.py", line 952, in do_execute
    cursor.execute(statement, parameters)
  File "/home/salman-mazhar/Drive/My project/airbnb-market-expert/airbnb-market-expert/apps/api/.venv/lib/python3.12/site-packages/sqlalchemy/dialects/postgresql/asyncpg.py", line 585, in execute
    self._adapt_connection.await_(
  File "/home/salman-mazhar/Drive/My project/airbnb-market-expert/airbnb-market-expert/apps/api/.venv/lib/python3.12/site-packages/sqlalchemy/util/_concurrency_py3k.py", line 132, in await_only
    return current.parent.switch(awaitable)  # type: ignore[no-any-return,attr-defined] # noqa: E501
           ^^^^^^^^^^^^^^^^^^^^^^^^^^^^^^^^
  File "/home/salman-mazhar/Drive/My project/airbnb-market-expert/airbnb-market-expert/apps/api/.venv/lib/python3.12/site-packages/sqlalchemy/util/_concurrency_py3k.py", line 196, in greenlet_spawn
    value = await result
            ^^^^^^^^^^^^
  File "/home/salman-mazhar/Drive/My project/airbnb-market-expert/airbnb-market-expert/apps/api/.venv/lib/python3.12/site-packages/sqlalchemy/dialects/postgresql/asyncpg.py", line 563, in _prepare_and_execute
    self._handle_exception(error)
  File "/home/salman-mazhar/Drive/My project/airbnb-market-expert/airbnb-market-expert/apps/api/.venv/lib/python3.12/site-packages/sqlalchemy/dialects/postgresql/asyncpg.py", line 513, in _handle_exception
    self._adapt_connection._handle_exception(error)
  File "/home/salman-mazhar/Drive/My project/airbnb-market-expert/airbnb-market-expert/apps/api/.venv/lib/python3.12/site-packages/sqlalchemy/dialects/postgresql/asyncpg.py", line 797, in _handle_exception
    raise translated_error from error
sqlalchemy.exc.ProgrammingError: (sqlalchemy.dialects.postgresql.asyncpg.ProgrammingError) <class 'asyncpg.exceptions.UndefinedTableError'>: relation "usage_events" does not exist
[SQL: SELECT count(*) AS count_1 
FROM usage_events 
WHERE usage_events.user_id = $1::UUID AND usage_events.event_type = $2::VARCHAR AND usage_events.created_at >= $3::TIMESTAMP WITH TIME ZONE]
[parameters: (UUID('86a2cd83-52db-4f6b-9071-5f9a100c8b54'), 'analysis', datetime.datetime(2026, 8, 1, 0, 0, tzinfo=datetime.timezone.utc))]
(Background on this error at: https://sqlalche.me/e/20/f405)
2026-08-06 22:58:01,816 INFO sqlalchemy.engine.Engine BEGIN (implicit)
{"level": "INFO", "logger": "sqlalchemy.engine.Engine", "message": "BEGIN (implicit)", "request_id": "32ace132-2a0d-465b-91ad-d7e9fe13f253", "env": "development", "version": "1.1.0"}
2026-08-06 22:58:01,817 INFO sqlalchemy.engine.Engine SELECT users.id, users.email, users.hashed_password, users.full_name, users.role, users.is_active, users.is_verified, users.stripe_customer_id, users.created_at, users.updated_at 
FROM users 
WHERE users.id = $1::UUID
{"level": "INFO", "logger": "sqlalchemy.engine.Engine", "message": "SELECT users.id, users.email, users.hashed_password, users.full_name, users.role, users.is_active, users.is_verified, users.stripe_customer_id, users.created_at, users.updated_at \nFROM users \nWHERE users.id = $1::UUID", "request_id": "32ace132-2a0d-465b-91ad-d7e9fe13f253", "env": "development", "version": "1.1.0"}
2026-08-06 22:58:01,817 INFO sqlalchemy.engine.Engine [cached since 10.3s ago] (UUID('86a2cd83-52db-4f6b-9071-5f9a100c8b54'),)
{"level": "INFO", "logger": "sqlalchemy.engine.Engine", "message": "[cached since 10.3s ago] (UUID('86a2cd83-52db-4f6b-9071-5f9a100c8b54'),)", "request_id": "32ace132-2a0d-465b-91ad-d7e9fe13f253", "env": "development", "version": "1.1.0"}
2026-08-06 22:58:01,819 INFO sqlalchemy.engine.Engine SELECT subscriptions.user_id AS subscriptions_user_id, subscriptions.id AS subscriptions_id, subscriptions.plan_id AS subscriptions_plan_id, subscriptions.status AS subscriptions_status, subscriptions.stripe_subscription_id AS subscriptions_stripe_subscription_id, subscriptions.current_period_end AS subscriptions_current_period_end, subscriptions.created_at AS subscriptions_created_at, subscriptions.updated_at AS subscriptions_updated_at 
FROM subscriptions 
WHERE subscriptions.user_id IN ($1::UUID)
{"level": "INFO", "logger": "sqlalchemy.engine.Engine", "message": "SELECT subscriptions.user_id AS subscriptions_user_id, subscriptions.id AS subscriptions_id, subscriptions.plan_id AS subscriptions_plan_id, subscriptions.status AS subscriptions_status, subscriptions.stripe_subscription_id AS subscriptions_stripe_subscription_id, subscriptions.current_period_end AS subscriptions_current_period_end, subscriptions.created_at AS subscriptions_created_at, subscriptions.updated_at AS subscriptions_updated_at \nFROM subscriptions \nWHERE subscriptions.user_id IN ($1::UUID)", "request_id": "32ace132-2a0d-465b-91ad-d7e9fe13f253", "env": "development", "version": "1.1.0"}
2026-08-06 22:58:01,819 INFO sqlalchemy.engine.Engine [cached since 10.28s ago] (UUID('86a2cd83-52db-4f6b-9071-5f9a100c8b54'),)
{"level": "INFO", "logger": "sqlalchemy.engine.Engine", "message": "[cached since 10.28s ago] (UUID('86a2cd83-52db-4f6b-9071-5f9a100c8b54'),)", "request_id": "32ace132-2a0d-465b-91ad-d7e9fe13f253", "env": "development", "version": "1.1.0"}
2026-08-06 22:58:01,820 INFO sqlalchemy.engine.Engine SELECT plans.id AS plans_id, plans.code AS plans_code, plans.name AS plans_name, plans.description AS plans_description, plans.property_limit AS plans_property_limit, plans.price_monthly_cents AS plans_price_monthly_cents, plans.stripe_price_id AS plans_stripe_price_id, plans.features AS plans_features, plans.created_at AS plans_created_at, plans.updated_at AS plans_updated_at 
FROM plans 
WHERE plans.id IN ($1::UUID)
{"level": "INFO", "logger": "sqlalchemy.engine.Engine", "message": "SELECT plans.id AS plans_id, plans.code AS plans_code, plans.name AS plans_name, plans.description AS plans_description, plans.property_limit AS plans_property_limit, plans.price_monthly_cents AS plans_price_monthly_cents, plans.stripe_price_id AS plans_stripe_price_id, plans.features AS plans_features, plans.created_at AS plans_created_at, plans.updated_at AS plans_updated_at \nFROM plans \nWHERE plans.id IN ($1::UUID)", "request_id": "32ace132-2a0d-465b-91ad-d7e9fe13f253", "env": "development", "version": "1.1.0"}
2026-08-06 22:58:01,820 INFO sqlalchemy.engine.Engine [cached since 10.28s ago] (UUID('143a89e6-c3d0-4d94-9d43-e062122d2f17'),)
{"level": "INFO", "logger": "sqlalchemy.engine.Engine", "message": "[cached since 10.28s ago] (UUID('143a89e6-c3d0-4d94-9d43-e062122d2f17'),)", "request_id": "32ace132-2a0d-465b-91ad-d7e9fe13f253", "env": "development", "version": "1.1.0"}
2026-08-06 22:58:01,821 INFO sqlalchemy.engine.Engine SELECT count(*) AS count_1 
FROM usage_events 
WHERE usage_events.user_id = $1::UUID AND usage_events.event_type = $2::VARCHAR AND usage_events.created_at >= $3::TIMESTAMP WITH TIME ZONE
{"level": "INFO", "logger": "sqlalchemy.engine.Engine", "message": "SELECT count(*) AS count_1 \nFROM usage_events \nWHERE usage_events.user_id = $1::UUID AND usage_events.event_type = $2::VARCHAR AND usage_events.created_at >= $3::TIMESTAMP WITH TIME ZONE", "request_id": "32ace132-2a0d-465b-91ad-d7e9fe13f253", "env": "development", "version": "1.1.0"}
2026-08-06 22:58:01,821 INFO sqlalchemy.engine.Engine [cached since 1.016s ago] (UUID('86a2cd83-52db-4f6b-9071-5f9a100c8b54'), 'analysis', datetime.datetime(2026, 8, 1, 0, 0, tzinfo=datetime.timezone.utc))
{"level": "INFO", "logger": "sqlalchemy.engine.Engine", "message": "[cached since 1.016s ago] (UUID('86a2cd83-52db-4f6b-9071-5f9a100c8b54'), 'analysis', datetime.datetime(2026, 8, 1, 0, 0, tzinfo=datetime.timezone.utc))", "request_id": "32ace132-2a0d-465b-91ad-d7e9fe13f253", "env": "development", "version": "1.1.0"}
2026-08-06 22:58:01,821 INFO sqlalchemy.engine.Engine ROLLBACK
{"level": "INFO", "logger": "sqlalchemy.engine.Engine", "message": "ROLLBACK", "request_id": "32ace132-2a0d-465b-91ad-d7e9fe13f253", "env": "development", "version": "1.1.0"}
{"level": "ERROR", "logger": "app.request", "message": "unhandled_error", "request_id": "32ace132-2a0d-465b-91ad-d7e9fe13f253", "env": "development", "version": "1.1.0", "exc_info": "Traceback (most recent call last):\n  File \"/home/salman-mazhar/Drive/My project/airbnb-market-expert/airbnb-market-expert/apps/api/.venv/lib/python3.12/site-packages/sqlalchemy/dialects/postgresql/asyncpg.py\", line 526, in _prepare_and_execute\n    prepared_stmt, attributes = await adapt_connection._prepare(\n                                ^^^^^^^^^^^^^^^^^^^^^^^^^^^^^^^^\n  File \"/home/salman-mazhar/Drive/My project/airbnb-market-expert/airbnb-market-expert/apps/api/.venv/lib/python3.12/site-packages/sqlalchemy/dialects/postgresql/asyncpg.py\", line 773, in _prepare\n    prepared_stmt = await self._connection.prepare(\n                    ^^^^^^^^^^^^^^^^^^^^^^^^^^^^^^^\n  File \"/home/salman-mazhar/Drive/My project/airbnb-market-expert/airbnb-market-expert/apps/api/.venv/lib/python3.12/site-packages/asyncpg/connection.py\", line 638, in prepare\n    return await self._prepare(\n           ^^^^^^^^^^^^^^^^^^^^\n  File \"/home/salman-mazhar/Drive/My project/airbnb-market-expert/airbnb-market-expert/apps/api/.venv/lib/python3.12/site-packages/asyncpg/connection.py\", line 657, in _prepare\n    stmt = await self._get_statement(\n           ^^^^^^^^^^^^^^^^^^^^^^^^^^\n  File \"/home/salman-mazhar/Drive/My project/airbnb-market-expert/airbnb-market-expert/apps/api/.venv/lib/python3.12/site-packages/asyncpg/connection.py\", line 443, in _get_statement\n    statement = await self._protocol.prepare(\n                ^^^^^^^^^^^^^^^^^^^^^^^^^^^^^\n  File \"asyncpg/protocol/protocol.pyx\", line 165, in prepare\nasyncpg.exceptions.UndefinedTableError: relation \"usage_events\" does not exist\n\nThe above exception was the direct cause of the following exception:\n\nTraceback (most recent call last):\n  File \"/home/salman-mazhar/Drive/My project/airbnb-market-expert/airbnb-market-expert/apps/api/.venv/lib/python3.12/site-packages/sqlalchemy/engine/base.py\", line 1969, in _exec_single_context\n    self.dialect.do_execute(\n  File \"/home/salman-mazhar/Drive/My project/airbnb-market-expert/airbnb-market-expert/apps/api/.venv/lib/python3.12/site-packages/sqlalchemy/engine/default.py\", line 952, in do_execute\n    cursor.execute(statement, parameters)\n  File \"/home/salman-mazhar/Drive/My project/airbnb-market-expert/airbnb-market-expert/apps/api/.venv/lib/python3.12/site-packages/sqlalchemy/dialects/postgresql/asyncpg.py\", line 585, in execute\n    self._adapt_connection.await_(\n  File \"/home/salman-mazhar/Drive/My project/airbnb-market-expert/airbnb-market-expert/apps/api/.venv/lib/python3.12/site-packages/sqlalchemy/util/_concurrency_py3k.py\", line 132, in await_only\n    return current.parent.switch(awaitable)  # type: ignore[no-any-return,attr-defined] # noqa: E501\n           ^^^^^^^^^^^^^^^^^^^^^^^^^^^^^^^^\n  File \"/home/salman-mazhar/Drive/My project/airbnb-market-expert/airbnb-market-expert/apps/api/.venv/lib/python3.12/site-packages/sqlalchemy/util/_concurrency_py3k.py\", line 196, in greenlet_spawn\n    value = await result\n            ^^^^^^^^^^^^\n  File \"/home/salman-mazhar/Drive/My project/airbnb-market-expert/airbnb-market-expert/apps/api/.venv/lib/python3.12/site-packages/sqlalchemy/dialects/postgresql/asyncpg.py\", line 563, in _prepare_and_execute\n    self._handle_exception(error)\n  File \"/home/salman-mazhar/Drive/My project/airbnb-market-expert/airbnb-market-expert/apps/api/.venv/lib/python3.12/site-packages/sqlalchemy/dialects/postgresql/asyncpg.py\", line 513, in _handle_exception\n    self._adapt_connection._handle_exception(error)\n  File \"/home/salman-mazhar/Drive/My project/airbnb-market-expert/airbnb-market-expert/apps/api/.venv/lib/python3.12/site-packages/sqlalchemy/dialects/postgresql/asyncpg.py\", line 797, in _handle_exception\n    raise translated_error from error\nsqlalchemy.dialects.postgresql.asyncpg.AsyncAdapt_asyncpg_dbapi.ProgrammingError: <class 'asyncpg.exceptions.UndefinedTableError'>: relation \"usage_events\" does not exist\n\nThe above exception was the direct cause of the following exception:\n\nTraceback (most recent call last):\n  File \"/home/salman-mazhar/Drive/My project/airbnb-market-expert/airbnb-market-expert/apps/api/app/core/middleware.py\", line 19, in dispatch\n    response = await call_next(request)\n               ^^^^^^^^^^^^^^^^^^^^^^^^\n  File \"/home/salman-mazhar/Drive/My project/airbnb-market-expert/airbnb-market-expert/apps/api/.venv/lib/python3.12/site-packages/starlette/middleware/base.py\", line 168, in call_next\n    raise app_exc from app_exc.__cause__ or app_exc.__context__\n  File \"/home/salman-mazhar/Drive/My project/airbnb-market-expert/airbnb-market-expert/apps/api/.venv/lib/python3.12/site-packages/starlette/middleware/base.py\", line 144, in coro\n    await self.app(scope, receive_or_disconnect, send_no_error)\n  File \"/home/salman-mazhar/Drive/My project/airbnb-market-expert/airbnb-market-expert/apps/api/.venv/lib/python3.12/site-packages/starlette/middleware/base.py\", line 193, in __call__\n    response = await self.dispatch_func(request, call_next)\n               ^^^^^^^^^^^^^^^^^^^^^^^^^^^^^^^^^^^^^^^^^^^^\n  File \"/home/salman-mazhar/Drive/My project/airbnb-market-expert/airbnb-market-expert/apps/api/app/core/rate_limit.py\", line 81, in dispatch\n    return await call_next(request)\n           ^^^^^^^^^^^^^^^^^^^^^^^^\n  File \"/home/salman-mazhar/Drive/My project/airbnb-market-expert/airbnb-market-expert/apps/api/.venv/lib/python3.12/site-packages/starlette/middleware/base.py\", line 168, in call_next\n    raise app_exc from app_exc.__cause__ or app_exc.__context__\n  File \"/home/salman-mazhar/Drive/My project/airbnb-market-expert/airbnb-market-expert/apps/api/.venv/lib/python3.12/site-packages/starlette/middleware/base.py\", line 144, in coro\n    await self.app(scope, receive_or_disconnect, send_no_error)\n  File \"/home/salman-mazhar/Drive/My project/airbnb-market-expert/airbnb-market-expert/apps/api/.venv/lib/python3.12/site-packages/starlette/middleware/exceptions.py\", line 63, in __call__\n    await wrap_app_handling_exceptions(self.app, conn)(scope, receive, send)\n  File \"/home/salman-mazhar/Drive/My project/airbnb-market-expert/airbnb-market-expert/apps/api/.venv/lib/python3.12/site-packages/starlette/_exception_handler.py\", line 53, in wrapped_app\n    raise exc\n  File \"/home/salman-mazhar/Drive/My project/airbnb-market-expert/airbnb-market-expert/apps/api/.venv/lib/python3.12/site-packages/starlette/_exception_handler.py\", line 42, in wrapped_app\n    await app(scope, receive, sender)\n  File \"/home/salman-mazhar/Drive/My project/airbnb-market-expert/airbnb-market-expert/apps/api/.venv/lib/python3.12/site-packages/fastapi/middleware/asyncexitstack.py\", line 18, in __call__\n    await self.app(scope, receive, send)\n  File \"/home/salman-mazhar/Drive/My project/airbnb-market-expert/airbnb-market-expert/apps/api/.venv/lib/python3.12/site-packages/starlette/routing.py\", line 660, in __call__\n    await self.middleware_stack(scope, receive, send)\n  File \"/home/salman-mazhar/Drive/My project/airbnb-market-expert/airbnb-market-expert/apps/api/.venv/lib/python3.12/site-packages/fastapi/routing.py\", line 2734, in app\n    await route.handle(scope, receive, send)\n  File \"/home/salman-mazhar/Drive/My project/airbnb-market-expert/airbnb-market-expert/apps/api/.venv/lib/python3.12/site-packages/fastapi/routing.py\", line 1780, in handle\n    await self.original_router.handle(scope, receive, send)\n  File \"/home/salman-mazhar/Drive/My project/airbnb-market-expert/airbnb-market-expert/apps/api/.venv/lib/python3.12/site-packages/fastapi/routing.py\", line 2789, in handle\n    await included_router._handle_selected(scope, receive, send)\n  File \"/home/salman-mazhar/Drive/My project/airbnb-market-expert/airbnb-market-expert/apps/api/.venv/lib/python3.12/site-packages/fastapi/routing.py\", line 1800, in _handle_selected\n    await original_route.handle(scope, receive, send)\n  File \"/home/salman-mazhar/Drive/My project/airbnb-market-expert/airbnb-market-expert/apps/api/.venv/lib/python3.12/site-packages/fastapi/routing.py\", line 1279, in handle\n    await app(scope, receive, send)\n  File \"/home/salman-mazhar/Drive/My project/airbnb-market-expert/airbnb-market-expert/apps/api/.venv/lib/python3.12/site-packages/fastapi/routing.py\", line 158, in app\n    await wrap_app_handling_exceptions(app, request)(scope, receive, send)\n  File \"/home/salman-mazhar/Drive/My project/airbnb-market-expert/airbnb-market-expert/apps/api/.venv/lib/python3.12/site-packages/starlette/_exception_handler.py\", line 53, in wrapped_app\n    raise exc\n  File \"/home/salman-mazhar/Drive/My project/airbnb-market-expert/airbnb-market-expert/apps/api/.venv/lib/python3.12/site-packages/starlette/_exception_handler.py\", line 42, in wrapped_app\n    await app(scope, receive, sender)\n  File \"/home/salman-mazhar/Drive/My project/airbnb-market-expert/airbnb-market-expert/apps/api/.venv/lib/python3.12/site-packages/fastapi/routing.py\", line 144, in app\n    response = await f(request)\n               ^^^^^^^^^^^^^^^^\n  File \"/home/salman-mazhar/Drive/My project/airbnb-market-expert/airbnb-market-expert/apps/api/.venv/lib/python3.12/site-packages/fastapi/routing.py\", line 706, in app\n    raw_response = await run_endpoint_function(\n                   ^^^^^^^^^^^^^^^^^^^^^^^^^^^^\n  File \"/home/salman-mazhar/Drive/My project/airbnb-market-expert/airbnb-market-expert/apps/api/.venv/lib/python3.12/site-packages/fastapi/routing.py\", line 352, in run_endpoint_function\n    return await dependant.call(**values)\n           ^^^^^^^^^^^^^^^^^^^^^^^^^^^^^^\n  File \"/home/salman-mazhar/Drive/My project/airbnb-market-expert/airbnb-market-expert/apps/api/app/modules/billing/router.py\", line 173, in usage_summary\n    analyses_this_month=await count_usage(db, user.id, \"analysis\", month_start()),\n                        ^^^^^^^^^^^^^^^^^^^^^^^^^^^^^^^^^^^^^^^^^^^^^^^^^^^^^^^^^\n  File \"/home/salman-mazhar/Drive/My project/airbnb-market-expert/airbnb-market-expert/apps/api/app/core/entitlements.py\", line 71, in count_usage\n    result = await db.scalar(\n             ^^^^^^^^^^^^^^^^\n  File \"/home/salman-mazhar/Drive/My project/airbnb-market-expert/airbnb-market-expert/apps/api/.venv/lib/python3.12/site-packages/sqlalchemy/ext/asyncio/session.py\", line 504, in scalar\n    return await greenlet_spawn(\n           ^^^^^^^^^^^^^^^^^^^^^\n  File \"/home/salman-mazhar/Drive/My project/airbnb-market-expert/airbnb-market-expert/apps/api/.venv/lib/python3.12/site-packages/sqlalchemy/util/_concurrency_py3k.py\", line 201, in greenlet_spawn\n    result = context.throw(*sys.exc_info())\n             ^^^^^^^^^^^^^^^^^^^^^^^^^^^^^^\n  File \"/home/salman-mazhar/Drive/My project/airbnb-market-expert/airbnb-market-expert/apps/api/.venv/lib/python3.12/site-packages/sqlalchemy/orm/session.py\", line 2421, in scalar\n    return self._execute_internal(\n           ^^^^^^^^^^^^^^^^^^^^^^^\n  File \"/home/salman-mazhar/Drive/My project/airbnb-market-expert/airbnb-market-expert/apps/api/.venv/lib/python3.12/site-packages/sqlalchemy/orm/session.py\", line 2271, in _execute_internal\n    result: Result[Any] = compile_state_cls.orm_execute_statement(\n                          ^^^^^^^^^^^^^^^^^^^^^^^^^^^^^^^^^^^^^^^^\n  File \"/home/salman-mazhar/Drive/My project/airbnb-market-expert/airbnb-market-expert/apps/api/.venv/lib/python3.12/site-packages/sqlalchemy/orm/context.py\", line 306, in orm_execute_statement\n    result = conn.execute(\n             ^^^^^^^^^^^^^\n  File \"/home/salman-mazhar/Drive/My project/airbnb-market-expert/airbnb-market-expert/apps/api/.venv/lib/python3.12/site-packages/sqlalchemy/engine/base.py\", line 1421, in execute\n    return meth(\n           ^^^^^\n  File \"/home/salman-mazhar/Drive/My project/airbnb-market-expert/airbnb-market-expert/apps/api/.venv/lib/python3.12/site-packages/sqlalchemy/sql/elements.py\", line 526, in _execute_on_connection\n    return connection._execute_clauseelement(\n           ^^^^^^^^^^^^^^^^^^^^^^^^^^^^^^^^^^\n  File \"/home/salman-mazhar/Drive/My project/airbnb-market-expert/airbnb-market-expert/apps/api/.venv/lib/python3.12/site-packages/sqlalchemy/engine/base.py\", line 1643, in _execute_clauseelement\n    ret = self._execute_context(\n          ^^^^^^^^^^^^^^^^^^^^^^\n  File \"/home/salman-mazhar/Drive/My project/airbnb-market-expert/airbnb-market-expert/apps/api/.venv/lib/python3.12/site-packages/sqlalchemy/engine/base.py\", line 1848, in _execute_context\n    return self._exec_single_context(\n           ^^^^^^^^^^^^^^^^^^^^^^^^^^\n  File \"/home/salman-mazhar/Drive/My project/airbnb-market-expert/airbnb-market-expert/apps/api/.venv/lib/python3.12/site-packages/sqlalchemy/engine/base.py\", line 1988, in _exec_single_context\n    self._handle_dbapi_exception(\n  File \"/home/salman-mazhar/Drive/My project/airbnb-market-expert/airbnb-market-expert/apps/api/.venv/lib/python3.12/site-packages/sqlalchemy/engine/base.py\", line 2365, in _handle_dbapi_exception\n    raise sqlalchemy_exception.with_traceback(exc_info[2]) from e\n  File \"/home/salman-mazhar/Drive/My project/airbnb-market-expert/airbnb-market-expert/apps/api/.venv/lib/python3.12/site-packages/sqlalchemy/engine/base.py\", line 1969, in _exec_single_context\n    self.dialect.do_execute(\n  File \"/home/salman-mazhar/Drive/My project/airbnb-market-expert/airbnb-market-expert/apps/api/.venv/lib/python3.12/site-packages/sqlalchemy/engine/default.py\", line 952, in do_execute\n    cursor.execute(statement, parameters)\n  File \"/home/salman-mazhar/Drive/My project/airbnb-market-expert/airbnb-market-expert/apps/api/.venv/lib/python3.12/site-packages/sqlalchemy/dialects/postgresql/asyncpg.py\", line 585, in execute\n    self._adapt_connection.await_(\n  File \"/home/salman-mazhar/Drive/My project/airbnb-market-expert/airbnb-market-expert/apps/api/.venv/lib/python3.12/site-packages/sqlalchemy/util/_concurrency_py3k.py\", line 132, in await_only\n    return current.parent.switch(awaitable)  # type: ignore[no-any-return,attr-defined] # noqa: E501\n           ^^^^^^^^^^^^^^^^^^^^^^^^^^^^^^^^\n  File \"/home/salman-mazhar/Drive/My project/airbnb-market-expert/airbnb-market-expert/apps/api/.venv/lib/python3.12/site-packages/sqlalchemy/util/_concurrency_py3k.py\", line 196, in greenlet_spawn\n    value = await result\n            ^^^^^^^^^^^^\n  File \"/home/salman-mazhar/Drive/My project/airbnb-market-expert/airbnb-market-expert/apps/api/.venv/lib/python3.12/site-packages/sqlalchemy/dialects/postgresql/asyncpg.py\", line 563, in _prepare_and_execute\n    self._handle_exception(error)\n  File \"/home/salman-mazhar/Drive/My project/airbnb-market-expert/airbnb-market-expert/apps/api/.venv/lib/python3.12/site-packages/sqlalchemy/dialects/postgresql/asyncpg.py\", line 513, in _handle_exception\n    self._adapt_connection._handle_exception(error)\n  File \"/home/salman-mazhar/Drive/My project/airbnb-market-expert/airbnb-market-expert/apps/api/.venv/lib/python3.12/site-packages/sqlalchemy/dialects/postgresql/asyncpg.py\", line 797, in _handle_exception\n    raise translated_error from error\nsqlalchemy.exc.ProgrammingError: (sqlalchemy.dialects.postgresql.asyncpg.ProgrammingError) <class 'asyncpg.exceptions.UndefinedTableError'>: relation \"usage_events\" does not exist\n[SQL: SELECT count(*) AS count_1 \nFROM usage_events \nWHERE usage_events.user_id = $1::UUID AND usage_events.event_type = $2::VARCHAR AND usage_events.created_at >= $3::TIMESTAMP WITH TIME ZONE]\n[parameters: (UUID('86a2cd83-52db-4f6b-9071-5f9a100c8b54'), 'analysis', datetime.datetime(2026, 8, 1, 0, 0, tzinfo=datetime.timezone.utc))]\n(Background on this error at: https://sqlalche.me/e/20/f405)", "path": "/v1/billing/usage", "method": "GET"}
INFO:     127.0.0.1:60394 - "GET /v1/billing/usage HTTP/1.1" 500 Internal Server Error
ERROR:    Exception in ASGI application
Traceback (most recent call last):
  File "/home/salman-mazhar/Drive/My project/airbnb-market-expert/airbnb-market-expert/apps/api/.venv/lib/python3.12/site-packages/sqlalchemy/dialects/postgresql/asyncpg.py", line 526, in _prepare_and_execute
    prepared_stmt, attributes = await adapt_connection._prepare(
                                ^^^^^^^^^^^^^^^^^^^^^^^^^^^^^^^^
  File "/home/salman-mazhar/Drive/My project/airbnb-market-expert/airbnb-market-expert/apps/api/.venv/lib/python3.12/site-packages/sqlalchemy/dialects/postgresql/asyncpg.py", line 773, in _prepare
    prepared_stmt = await self._connection.prepare(
                    ^^^^^^^^^^^^^^^^^^^^^^^^^^^^^^^
  File "/home/salman-mazhar/Drive/My project/airbnb-market-expert/airbnb-market-expert/apps/api/.venv/lib/python3.12/site-packages/asyncpg/connection.py", line 638, in prepare
    return await self._prepare(
           ^^^^^^^^^^^^^^^^^^^^
  File "/home/salman-mazhar/Drive/My project/airbnb-market-expert/airbnb-market-expert/apps/api/.venv/lib/python3.12/site-packages/asyncpg/connection.py", line 657, in _prepare
    stmt = await self._get_statement(
           ^^^^^^^^^^^^^^^^^^^^^^^^^^
  File "/home/salman-mazhar/Drive/My project/airbnb-market-expert/airbnb-market-expert/apps/api/.venv/lib/python3.12/site-packages/asyncpg/connection.py", line 443, in _get_statement
    statement = await self._protocol.prepare(
                ^^^^^^^^^^^^^^^^^^^^^^^^^^^^^
  File "asyncpg/protocol/protocol.pyx", line 165, in prepare
asyncpg.exceptions.UndefinedTableError: relation "usage_events" does not exist

The above exception was the direct cause of the following exception:

Traceback (most recent call last):
  File "/home/salman-mazhar/Drive/My project/airbnb-market-expert/airbnb-market-expert/apps/api/.venv/lib/python3.12/site-packages/sqlalchemy/engine/base.py", line 1969, in _exec_single_context
    self.dialect.do_execute(
  File "/home/salman-mazhar/Drive/My project/airbnb-market-expert/airbnb-market-expert/apps/api/.venv/lib/python3.12/site-packages/sqlalchemy/engine/default.py", line 952, in do_execute
    cursor.execute(statement, parameters)
  File "/home/salman-mazhar/Drive/My project/airbnb-market-expert/airbnb-market-expert/apps/api/.venv/lib/python3.12/site-packages/sqlalchemy/dialects/postgresql/asyncpg.py", line 585, in execute
    self._adapt_connection.await_(
  File "/home/salman-mazhar/Drive/My project/airbnb-market-expert/airbnb-market-expert/apps/api/.venv/lib/python3.12/site-packages/sqlalchemy/util/_concurrency_py3k.py", line 132, in await_only
    return current.parent.switch(awaitable)  # type: ignore[no-any-return,attr-defined] # noqa: E501
           ^^^^^^^^^^^^^^^^^^^^^^^^^^^^^^^^
  File "/home/salman-mazhar/Drive/My project/airbnb-market-expert/airbnb-market-expert/apps/api/.venv/lib/python3.12/site-packages/sqlalchemy/util/_concurrency_py3k.py", line 196, in greenlet_spawn
    value = await result
            ^^^^^^^^^^^^
  File "/home/salman-mazhar/Drive/My project/airbnb-market-expert/airbnb-market-expert/apps/api/.venv/lib/python3.12/site-packages/sqlalchemy/dialects/postgresql/asyncpg.py", line 563, in _prepare_and_execute
    self._handle_exception(error)
  File "/home/salman-mazhar/Drive/My project/airbnb-market-expert/airbnb-market-expert/apps/api/.venv/lib/python3.12/site-packages/sqlalchemy/dialects/postgresql/asyncpg.py", line 513, in _handle_exception
    self._adapt_connection._handle_exception(error)
  File "/home/salman-mazhar/Drive/My project/airbnb-market-expert/airbnb-market-expert/apps/api/.venv/lib/python3.12/site-packages/sqlalchemy/dialects/postgresql/asyncpg.py", line 797, in _handle_exception
    raise translated_error from error
sqlalchemy.dialects.postgresql.asyncpg.AsyncAdapt_asyncpg_dbapi.ProgrammingError: <class 'asyncpg.exceptions.UndefinedTableError'>: relation "usage_events" does not exist

The above exception was the direct cause of the following exception:

Traceback (most recent call last):
  File "/home/salman-mazhar/Drive/My project/airbnb-market-expert/airbnb-market-expert/apps/api/.venv/lib/python3.12/site-packages/uvicorn/protocols/http/h11_impl.py", line 416, in run_asgi
    result = await app(  # type: ignore[func-returns-value]
             ^^^^^^^^^^^^^^^^^^^^^^^^^^^^^^^^^^^^^^^^^^^^^^
  File "/home/salman-mazhar/Drive/My project/airbnb-market-expert/airbnb-market-expert/apps/api/.venv/lib/python3.12/site-packages/uvicorn/middleware/proxy_headers.py", line 63, in __call__
    return await self.app(scope, receive, send)
           ^^^^^^^^^^^^^^^^^^^^^^^^^^^^^^^^^^^^
  File "/home/salman-mazhar/Drive/My project/airbnb-market-expert/airbnb-market-expert/apps/api/.venv/lib/python3.12/site-packages/fastapi/applications.py", line 1163, in __call__
    await super().__call__(scope, receive, send)
  File "/home/salman-mazhar/Drive/My project/airbnb-market-expert/airbnb-market-expert/apps/api/.venv/lib/python3.12/site-packages/starlette/applications.py", line 90, in __call__
    await self.middleware_stack(scope, receive, send)
  File "/home/salman-mazhar/Drive/My project/airbnb-market-expert/airbnb-market-expert/apps/api/.venv/lib/python3.12/site-packages/starlette/middleware/errors.py", line 186, in __call__
    raise exc
  File "/home/salman-mazhar/Drive/My project/airbnb-market-expert/airbnb-market-expert/apps/api/.venv/lib/python3.12/site-packages/starlette/middleware/errors.py", line 164, in __call__
    await self.app(scope, receive, _send)
  File "/home/salman-mazhar/Drive/My project/airbnb-market-expert/airbnb-market-expert/apps/api/.venv/lib/python3.12/site-packages/starlette/middleware/cors.py", line 96, in __call__
    await self.simple_response(scope, receive, send, request_headers=headers)
  File "/home/salman-mazhar/Drive/My project/airbnb-market-expert/airbnb-market-expert/apps/api/.venv/lib/python3.12/site-packages/starlette/middleware/cors.py", line 154, in simple_response
    await self.app(scope, receive, send)
  File "/home/salman-mazhar/Drive/My project/airbnb-market-expert/airbnb-market-expert/apps/api/.venv/lib/python3.12/site-packages/starlette/middleware/base.py", line 193, in __call__
    response = await self.dispatch_func(request, call_next)
               ^^^^^^^^^^^^^^^^^^^^^^^^^^^^^^^^^^^^^^^^^^^^
  File "/home/salman-mazhar/Drive/My project/airbnb-market-expert/airbnb-market-expert/apps/api/app/core/middleware.py", line 19, in dispatch
    response = await call_next(request)
               ^^^^^^^^^^^^^^^^^^^^^^^^
  File "/home/salman-mazhar/Drive/My project/airbnb-market-expert/airbnb-market-expert/apps/api/.venv/lib/python3.12/site-packages/starlette/middleware/base.py", line 168, in call_next
    raise app_exc from app_exc.__cause__ or app_exc.__context__
  File "/home/salman-mazhar/Drive/My project/airbnb-market-expert/airbnb-market-expert/apps/api/.venv/lib/python3.12/site-packages/starlette/middleware/base.py", line 144, in coro
    await self.app(scope, receive_or_disconnect, send_no_error)
  File "/home/salman-mazhar/Drive/My project/airbnb-market-expert/airbnb-market-expert/apps/api/.venv/lib/python3.12/site-packages/starlette/middleware/base.py", line 193, in __call__
    response = await self.dispatch_func(request, call_next)
               ^^^^^^^^^^^^^^^^^^^^^^^^^^^^^^^^^^^^^^^^^^^^
  File "/home/salman-mazhar/Drive/My project/airbnb-market-expert/airbnb-market-expert/apps/api/app/core/rate_limit.py", line 81, in dispatch
    return await call_next(request)
           ^^^^^^^^^^^^^^^^^^^^^^^^
  File "/home/salman-mazhar/Drive/My project/airbnb-market-expert/airbnb-market-expert/apps/api/.venv/lib/python3.12/site-packages/starlette/middleware/base.py", line 168, in call_next
    raise app_exc from app_exc.__cause__ or app_exc.__context__
  File "/home/salman-mazhar/Drive/My project/airbnb-market-expert/airbnb-market-expert/apps/api/.venv/lib/python3.12/site-packages/starlette/middleware/base.py", line 144, in coro
    await self.app(scope, receive_or_disconnect, send_no_error)
  File "/home/salman-mazhar/Drive/My project/airbnb-market-expert/airbnb-market-expert/apps/api/.venv/lib/python3.12/site-packages/starlette/middleware/exceptions.py", line 63, in __call__
    await wrap_app_handling_exceptions(self.app, conn)(scope, receive, send)
  File "/home/salman-mazhar/Drive/My project/airbnb-market-expert/airbnb-market-expert/apps/api/.venv/lib/python3.12/site-packages/starlette/_exception_handler.py", line 53, in wrapped_app
    raise exc
  File "/home/salman-mazhar/Drive/My project/airbnb-market-expert/airbnb-market-expert/apps/api/.venv/lib/python3.12/site-packages/starlette/_exception_handler.py", line 42, in wrapped_app
    await app(scope, receive, sender)
  File "/home/salman-mazhar/Drive/My project/airbnb-market-expert/airbnb-market-expert/apps/api/.venv/lib/python3.12/site-packages/fastapi/middleware/asyncexitstack.py", line 18, in __call__
    await self.app(scope, receive, send)
  File "/home/salman-mazhar/Drive/My project/airbnb-market-expert/airbnb-market-expert/apps/api/.venv/lib/python3.12/site-packages/starlette/routing.py", line 660, in __call__
    await self.middleware_stack(scope, receive, send)
  File "/home/salman-mazhar/Drive/My project/airbnb-market-expert/airbnb-market-expert/apps/api/.venv/lib/python3.12/site-packages/fastapi/routing.py", line 2734, in app
    await route.handle(scope, receive, send)
  File "/home/salman-mazhar/Drive/My project/airbnb-market-expert/airbnb-market-expert/apps/api/.venv/lib/python3.12/site-packages/fastapi/routing.py", line 1780, in handle
    await self.original_router.handle(scope, receive, send)
  File "/home/salman-mazhar/Drive/My project/airbnb-market-expert/airbnb-market-expert/apps/api/.venv/lib/python3.12/site-packages/fastapi/routing.py", line 2789, in handle
    await included_router._handle_selected(scope, receive, send)
  File "/home/salman-mazhar/Drive/My project/airbnb-market-expert/airbnb-market-expert/apps/api/.venv/lib/python3.12/site-packages/fastapi/routing.py", line 1800, in _handle_selected
    await original_route.handle(scope, receive, send)
  File "/home/salman-mazhar/Drive/My project/airbnb-market-expert/airbnb-market-expert/apps/api/.venv/lib/python3.12/site-packages/fastapi/routing.py", line 1279, in handle
    await app(scope, receive, send)
  File "/home/salman-mazhar/Drive/My project/airbnb-market-expert/airbnb-market-expert/apps/api/.venv/lib/python3.12/site-packages/fastapi/routing.py", line 158, in app
    await wrap_app_handling_exceptions(app, request)(scope, receive, send)
  File "/home/salman-mazhar/Drive/My project/airbnb-market-expert/airbnb-market-expert/apps/api/.venv/lib/python3.12/site-packages/starlette/_exception_handler.py", line 53, in wrapped_app
    raise exc
  File "/home/salman-mazhar/Drive/My project/airbnb-market-expert/airbnb-market-expert/apps/api/.venv/lib/python3.12/site-packages/starlette/_exception_handler.py", line 42, in wrapped_app
    await app(scope, receive, sender)
  File "/home/salman-mazhar/Drive/My project/airbnb-market-expert/airbnb-market-expert/apps/api/.venv/lib/python3.12/site-packages/fastapi/routing.py", line 144, in app
    response = await f(request)
               ^^^^^^^^^^^^^^^^
  File "/home/salman-mazhar/Drive/My project/airbnb-market-expert/airbnb-market-expert/apps/api/.venv/lib/python3.12/site-packages/fastapi/routing.py", line 706, in app
    raw_response = await run_endpoint_function(
                   ^^^^^^^^^^^^^^^^^^^^^^^^^^^^
  File "/home/salman-mazhar/Drive/My project/airbnb-market-expert/airbnb-market-expert/apps/api/.venv/lib/python3.12/site-packages/fastapi/routing.py", line 352, in run_endpoint_function
    return await dependant.call(**values)
           ^^^^^^^^^^^^^^^^^^^^^^^^^^^^^^
  File "/home/salman-mazhar/Drive/My project/airbnb-market-expert/airbnb-market-expert/apps/api/app/modules/billing/router.py", line 173, in usage_summary
    analyses_this_month=await count_usage(db, user.id, "analysis", month_start()),
                        ^^^^^^^^^^^^^^^^^^^^^^^^^^^^^^^^^^^^^^^^^^^^^^^^^^^^^^^^^
  File "/home/salman-mazhar/Drive/My project/airbnb-market-expert/airbnb-market-expert/apps/api/app/core/entitlements.py", line 71, in count_usage
    result = await db.scalar(
             ^^^^^^^^^^^^^^^^
  File "/home/salman-mazhar/Drive/My project/airbnb-market-expert/airbnb-market-expert/apps/api/.venv/lib/python3.12/site-packages/sqlalchemy/ext/asyncio/session.py", line 504, in scalar
    return await greenlet_spawn(
           ^^^^^^^^^^^^^^^^^^^^^
  File "/home/salman-mazhar/Drive/My project/airbnb-market-expert/airbnb-market-expert/apps/api/.venv/lib/python3.12/site-packages/sqlalchemy/util/_concurrency_py3k.py", line 201, in greenlet_spawn
    result = context.throw(*sys.exc_info())
             ^^^^^^^^^^^^^^^^^^^^^^^^^^^^^^
  File "/home/salman-mazhar/Drive/My project/airbnb-market-expert/airbnb-market-expert/apps/api/.venv/lib/python3.12/site-packages/sqlalchemy/orm/session.py", line 2421, in scalar
    return self._execute_internal(
           ^^^^^^^^^^^^^^^^^^^^^^^
  File "/home/salman-mazhar/Drive/My project/airbnb-market-expert/airbnb-market-expert/apps/api/.venv/lib/python3.12/site-packages/sqlalchemy/orm/session.py", line 2271, in _execute_internal
    result: Result[Any] = compile_state_cls.orm_execute_statement(
                          ^^^^^^^^^^^^^^^^^^^^^^^^^^^^^^^^^^^^^^^^
  File "/home/salman-mazhar/Drive/My project/airbnb-market-expert/airbnb-market-expert/apps/api/.venv/lib/python3.12/site-packages/sqlalchemy/orm/context.py", line 306, in orm_execute_statement
    result = conn.execute(
             ^^^^^^^^^^^^^
  File "/home/salman-mazhar/Drive/My project/airbnb-market-expert/airbnb-market-expert/apps/api/.venv/lib/python3.12/site-packages/sqlalchemy/engine/base.py", line 1421, in execute
    return meth(
           ^^^^^
  File "/home/salman-mazhar/Drive/My project/airbnb-market-expert/airbnb-market-expert/apps/api/.venv/lib/python3.12/site-packages/sqlalchemy/sql/elements.py", line 526, in _execute_on_connection
    return connection._execute_clauseelement(
           ^^^^^^^^^^^^^^^^^^^^^^^^^^^^^^^^^^
  File "/home/salman-mazhar/Drive/My project/airbnb-market-expert/airbnb-market-expert/apps/api/.venv/lib/python3.12/site-packages/sqlalchemy/engine/base.py", line 1643, in _execute_clauseelement
    ret = self._execute_context(
          ^^^^^^^^^^^^^^^^^^^^^^
  File "/home/salman-mazhar/Drive/My project/airbnb-market-expert/airbnb-market-expert/apps/api/.venv/lib/python3.12/site-packages/sqlalchemy/engine/base.py", line 1848, in _execute_context
    return self._exec_single_context(
           ^^^^^^^^^^^^^^^^^^^^^^^^^^
  File "/home/salman-mazhar/Drive/My project/airbnb-market-expert/airbnb-market-expert/apps/api/.venv/lib/python3.12/site-packages/sqlalchemy/engine/base.py", line 1988, in _exec_single_context
    self._handle_dbapi_exception(
  File "/home/salman-mazhar/Drive/My project/airbnb-market-expert/airbnb-market-expert/apps/api/.venv/lib/python3.12/site-packages/sqlalchemy/engine/base.py", line 2365, in _handle_dbapi_exception
    raise sqlalchemy_exception.with_traceback(exc_info[2]) from e
  File "/home/salman-mazhar/Drive/My project/airbnb-market-expert/airbnb-market-expert/apps/api/.venv/lib/python3.12/site-packages/sqlalchemy/engine/base.py", line 1969, in _exec_single_context
    self.dialect.do_execute(
  File "/home/salman-mazhar/Drive/My project/airbnb-market-expert/airbnb-market-expert/apps/api/.venv/lib/python3.12/site-packages/sqlalchemy/engine/default.py", line 952, in do_execute
    cursor.execute(statement, parameters)
  File "/home/salman-mazhar/Drive/My project/airbnb-market-expert/airbnb-market-expert/apps/api/.venv/lib/python3.12/site-packages/sqlalchemy/dialects/postgresql/asyncpg.py", line 585, in execute
    self._adapt_connection.await_(
  File "/home/salman-mazhar/Drive/My project/airbnb-market-expert/airbnb-market-expert/apps/api/.venv/lib/python3.12/site-packages/sqlalchemy/util/_concurrency_py3k.py", line 132, in await_only
    return current.parent.switch(awaitable)  # type: ignore[no-any-return,attr-defined] # noqa: E501
           ^^^^^^^^^^^^^^^^^^^^^^^^^^^^^^^^
  File "/home/salman-mazhar/Drive/My project/airbnb-market-expert/airbnb-market-expert/apps/api/.venv/lib/python3.12/site-packages/sqlalchemy/util/_concurrency_py3k.py", line 196, in greenlet_spawn
    value = await result
            ^^^^^^^^^^^^
  File "/home/salman-mazhar/Drive/My project/airbnb-market-expert/airbnb-market-expert/apps/api/.venv/lib/python3.12/site-packages/sqlalchemy/dialects/postgresql/asyncpg.py", line 563, in _prepare_and_execute
    self._handle_exception(error)
  File "/home/salman-mazhar/Drive/My project/airbnb-market-expert/airbnb-market-expert/apps/api/.venv/lib/python3.12/site-packages/sqlalchemy/dialects/postgresql/asyncpg.py", line 513, in _handle_exception
    self._adapt_connection._handle_exception(error)
  File "/home/salman-mazhar/Drive/My project/airbnb-market-expert/airbnb-market-expert/apps/api/.venv/lib/python3.12/site-packages/sqlalchemy/dialects/postgresql/asyncpg.py", line 797, in _handle_exception
    raise translated_error from error
sqlalchemy.exc.ProgrammingError: (sqlalchemy.dialects.postgresql.asyncpg.ProgrammingError) <class 'asyncpg.exceptions.UndefinedTableError'>: relation "usage_events" does not exist
[SQL: SELECT count(*) AS count_1 
FROM usage_events 
WHERE usage_events.user_id = $1::UUID AND usage_events.event_type = $2::VARCHAR AND usage_events.created_at >= $3::TIMESTAMP WITH TIME ZONE]
[parameters: (UUID('86a2cd83-52db-4f6b-9071-5f9a100c8b54'), 'analysis', datetime.datetime(2026, 8, 1, 0, 0, tzinfo=datetime.timezone.utc))]
(Background on this error at: https://sqlalche.me/e/20/f405)
